url,domain,discovery_source,risk_score,risk_level,confirmed_live,investigated_at,live_at_export_time
http://onlinecasinotrusted-gr.pages.dev,onlinecasinotrusted-gr.pages.dev,keyword_match,30,LOW,False,2026-07-25 10:46:15.164052+00:00,True
http://grandbet88rp.com,grandbet88rp.com,keyword_match,55,MEDIUM,False,2026-07-25 23:59:41.727245+00:00,True
http://pinup.lviv.ua,pinup.lviv.ua,keyword_match,23,LOW,False,2026-07-25 06:22:06.540169+00:00,True
http://aijili777.io,aijili777.io,keyword_match,39,LOW,False,2026-07-26 06:33:57.672854+00:00,True
http://pinup-uz.net,pinup-uz.net,keyword_match,27,LOW,False,2026-07-24 11:54:23.824740+00:00,True
http://gunceldogobetgiris.com,gunceldogobetgiris.com,keyword_match,20,LOW,False,2026-07-24 10:41:29.694610+00:00,True
http://jordan-melbet-github.pages.dev,jordan-melbet-github.pages.dev,keyword_match,33,LOW,True,2026-07-23 21:19:45.744657+00:00,True
http://amunbetcasino.fr,amunbetcasino.fr,keyword_match,32,LOW,True,2026-07-24 07:07:15.884568+00:00,True
http://1xbet.yexo.cc,1xbet.yexo.cc,keyword_match,26,LOW,False,2026-07-24 22:57:19.162390+00:00,True
http://account.1xbet-bml.top,account.1xbet-bml.top,keyword_match,30,LOW,False,2026-07-25 09:35:34.028727+00:00,True
http://1xbet-cctv-kaiyun.bet,1xbet-cctv-kaiyun.bet,keyword_match,44,MEDIUM,True,2026-07-24 03:51:57.506463+00:00,True
http://zxbet1.pages.dev,zxbet1.pages.dev,keyword_match,26,LOW,True,2026-07-24 03:37:04.197533+00:00,True
http://regjilisuperace.com,regjilisuperace.com,keyword_match,20,LOW,False,2026-07-24 17:25:20.249953+00:00,True
http://1xcasino-zerkalo.com,1xcasino-zerkalo.com,keyword_match,40,MEDIUM,False,2026-07-24 22:22:12.890910+00:00,True
http://taijilibrary.com,taijilibrary.com,keyword_match,32,LOW,False,2026-07-25 11:36:08.963659+00:00,True
http://allwin.allwincasino.te.ua,allwin.allwincasino.te.ua,keyword_match,38,LOW,False,2026-07-25 08:38:46.462100+00:00,True
http://betibetcasino-ch.eu.com,betibetcasino-ch.eu.com,keyword_match,28,LOW,False,2026-07-24 12:07:31.828447+00:00,True
http://nationalbetcasino.uk.com,nationalbetcasino.uk.com,keyword_match,23,LOW,False,2026-07-25 12:59:25.420429+00:00,True
http://jilihos.org,jilihos.org,keyword_match,26,LOW,False,2026-07-24 14:59:09.081436+00:00,True
http://boabetcasinologin.com,boabetcasinologin.com,keyword_match,29,LOW,False,2026-07-26 05:07:19.422527+00:00,True
http://luckybetcasino-dk.dk,luckybetcasino-dk.dk,keyword_match,28,LOW,False,2026-07-25 02:11:55.345452+00:00,True
http://www.club-ayxbet.com,www.club-ayxbet.com,keyword_match,33,LOW,True,2026-07-23 16:12:55.039890+00:00,True
http://betway.mcspanalytics.com,betway.mcspanalytics.com,keyword_match,31,LOW,True,2026-07-23 21:04:33.169691+00:00,True
http://jiliparkpc.com,jiliparkpc.com,keyword_match,20,LOW,False,2026-07-25 18:17:25.601535+00:00,True
http://plusjili.club,plusjili.club,keyword_match,26,LOW,False,2026-07-25 12:33:07.213882+00:00,True
http://onlinecasinogratisbonus-nl.pages.dev,onlinecasinogratisbonus-nl.pages.dev,keyword_match,30,LOW,False,2026-07-24 11:13:15.472836+00:00,True
http://www.kletterwald-vulkanpark.de,www.kletterwald-vulkanpark.de,keyword_match,34,LOW,False,2026-07-24 19:39:11.206628+00:00,True
http://wildbanditodemo.bet.mostbetvip.icu,wildbanditodemo.bet.mostbetvip.icu,keyword_match,44,MEDIUM,True,2026-07-26 12:37:38.285111+00:00,True
http://mostbet-2026-az.it.com,mostbet-2026-az.it.com,keyword_match,32,LOW,False,2026-07-26 02:10:30.009799+00:00,True
http://indonesische-vulkaninsel.pages.dev,indonesische-vulkaninsel.pages.dev,keyword_match,30,LOW,True,2026-07-23 22:04:54.730456+00:00,True
http://jilivo.id,jilivo.id,keyword_match,23,LOW,False,2026-07-24 14:29:27.120395+00:00,True
http://tai8xbet.app,tai8xbet.app,keyword_match,31,LOW,True,2026-07-24 10:25:22.797420+00:00,True
http://app.spielonlinecasino.de,app.spielonlinecasino.de,keyword_match,26,LOW,False,2026-07-26 04:26:17.202640+00:00,True
http://mostbet-uzuzbekistan.com,mostbet-uzuzbekistan.com,keyword_match,46,MEDIUM,False,2026-07-24 11:55:55.115438+00:00,True
http://spinup-14.votepro.org,spinup-14.votepro.org,keyword_match,49,MEDIUM,True,2026-07-23 16:58:11.833011+00:00,True
http://pinup-live.kz,pinup-live.kz,keyword_match,25,LOW,False,2026-07-25 18:02:24.649692+00:00,True
http://nvwnibassale.pokerdomrru.top,nvwnibassale.pokerdomrru.top,keyword_match,29,LOW,False,2026-07-25 00:22:33.756852+00:00,True
http://1xbet-mobi.veerstroygak.ru,1xbet-mobi.veerstroygak.ru,keyword_match,37,LOW,False,2026-07-25 05:24:53.739885+00:00,True
http://meritbetorg.pages.dev,meritbetorg.pages.dev,keyword_match,23,LOW,False,2026-07-25 09:06:57.398355+00:00,True
http://mmemejilife.best-benefits.info,mmemejilife.best-benefits.info,keyword_match,36,LOW,False,2026-07-24 21:26:06.515279+00:00,True
http://www.play-mostbet-az.com,www.play-mostbet-az.com,keyword_match,31,LOW,False,2026-07-26 09:18:28.618932+00:00,True
http://monixbet-nl-org.pages.dev,monixbet-nl-org.pages.dev,keyword_match,26,LOW,False,2026-07-26 01:39:57.340238+00:00,True
http://8xbet-vvip.win,8xbet-vvip.win,keyword_match,38,LOW,False,2026-07-25 23:28:02.853465+00:00,True
http://jilibetroulette.com,jilibetroulette.com,keyword_match,36,LOW,True,2026-07-24 09:50:52.760868+00:00,True
http://onlinecasinocrypto.gr,onlinecasinocrypto.gr,keyword_match,30,LOW,False,2026-07-25 16:40:05.330590+00:00,True
http://jilidd.shop,jilidd.shop,keyword_match,8,BENIGN,True,2026-07-26 09:55:51.831594+00:00,True
http://vulkan-vegas91.pl,vulkan-vegas91.pl,keyword_match,45,MEDIUM,True,2026-07-24 04:25:59.789507+00:00,True
http://pincocazino.biosbits.org,pincocazino.biosbits.org,keyword_match,30,LOW,False,2026-07-24 17:59:36.929584+00:00,True
http://1xbet-apk-argentina.com,1xbet-apk-argentina.com,keyword_match,41,MEDIUM,False,2026-07-24 18:40:48.834361+00:00,True
http://kampanya.casinomaxi9109.com,kampanya.casinomaxi9109.com,keyword_match,43,MEDIUM,False,2026-07-26 08:58:54.852794+00:00,True
http://melbet.ml,melbet.ml,keyword_match,26,LOW,False,2026-07-25 05:42:52.221529+00:00,True
http://pinupazerbaycan.co,pinupazerbaycan.co,keyword_match,41,MEDIUM,False,2026-07-25 14:28:27.253685+00:00,True
http://vulkan-vegas-bonus.it.com,vulkan-vegas-bonus.it.com,keyword_match,26,LOW,True,2026-07-24 10:17:31.963414+00:00,True
http://zebetcasino-be.eu.com,zebetcasino-be.eu.com,keyword_match,21,LOW,False,2026-07-24 13:04:23.034523+00:00,True
http://vulkanisme.nl,vulkanisme.nl,keyword_match,34,LOW,False,2026-07-24 14:28:50.078085+00:00,True
http://jilidayplay.com,jilidayplay.com,keyword_match,38,LOW,False,2026-07-25 00:53:53.749808+00:00,True
http://staging.newzealandonlinecasino.co,staging.newzealandonlinecasino.co,keyword_match,34,LOW,False,2026-07-25 23:17:35.656079+00:00,True
http://onixbet.bet,onixbet.bet,keyword_match,29,LOW,False,2026-07-25 19:42:51.409523+00:00,True
http://fortebetcasino.de.com,fortebetcasino.de.com,keyword_match,28,LOW,False,2026-07-25 11:11:32.713699+00:00,True
http://1xbet.srda.buzz,1xbet.srda.buzz,keyword_match,34,LOW,False,2026-07-25 08:03:21.441448+00:00,True
http://mostbet-azer-3-ink-d30aff78.pages.dev,mostbet-azer-3-ink-d30aff78.pages.dev,keyword_match,55,MEDIUM,False,2026-07-24 14:35:12.614548+00:00,True
http://www.freeinternshipincoimbatorein.inplanttraininginchennai.ind.in,www.freeinternshipincoimbatorein.inplanttraininginchennai.ind.in,keyword_match,34,LOW,False,2026-07-24 12:25:05.802371+00:00,True
http://www.1xbet-pk6m.top,www.1xbet-pk6m.top,keyword_match,28,LOW,False,2026-07-25 23:16:09.418494+00:00,True
http://7xbet.onl,7xbet.onl,keyword_match,22,LOW,False,2026-07-24 14:35:51.973951+00:00,True
http://m.jojobet-guncelseri.icu,m.jojobet-guncelseri.icu,keyword_match,28,LOW,False,2026-07-24 21:28:55.389801+00:00,True
http://cdn2.p2pincome.com,cdn2.p2pincome.com,keyword_match,28,LOW,False,2026-07-25 08:16:33.251463+00:00,True
http://melbet.medtechnika.ru,melbet.medtechnika.ru,keyword_match,30,LOW,False,2026-07-25 18:53:19.881808+00:00,True
http://stekloizerkalo.ru,stekloizerkalo.ru,keyword_match,25,LOW,False,2026-07-25 15:58:04.618815+00:00,True
http://bitstarzcasinoapp.com,bitstarzcasinoapp.com,keyword_match,22,LOW,False,2026-07-25 20:47:18.200790+00:00,True
http://www.ag60plus-vulkaneifel.de,www.ag60plus-vulkaneifel.de,keyword_match,66,HIGH,True,2026-07-26 13:07:52.499569+00:00,True
http://www.vulkan-stars-slots.com,www.vulkan-stars-slots.com,keyword_match,31,LOW,False,2026-07-25 10:53:21.721869+00:00,True
http://onlinecasinogamesplay.link,onlinecasinogamesplay.link,keyword_match,31,LOW,False,2026-07-25 10:11:38.476533+00:00,True
http://ajjili.shop,ajjili.shop,keyword_match,28,LOW,False,2026-07-26 07:13:26.342505+00:00,True
http://campnhatho-grandbetdfgdff.pages.dev,campnhatho-grandbetdfgdff.pages.dev,keyword_match,23,LOW,True,2026-07-24 00:13:19.349485+00:00,True
http://1xbet-ieoa.top,1xbet-ieoa.top,keyword_match,33,LOW,False,2026-07-25 21:27:22.273605+00:00,True
http://account.1xbet-idad.top,account.1xbet-idad.top,keyword_match,45,MEDIUM,True,2026-07-26 11:43:11.467806+00:00,True
http://joycasino.vhod420.casino,joycasino.vhod420.casino,keyword_match,44,MEDIUM,False,2026-07-24 21:45:41.986227+00:00,True
http://mostbetindirtr.com,mostbetindirtr.com,keyword_match,29,LOW,False,2026-07-26 01:39:07.260810+00:00,True
http://cdn.1xbet-blaz.top,cdn.1xbet-blaz.top,keyword_match,31,LOW,False,2026-07-26 07:22:18.308171+00:00,True
http://www.slotgrandbet.org,www.slotgrandbet.org,keyword_match,33,LOW,False,2026-07-24 20:20:20.116401+00:00,True
http://pinup-lpb.top,pinup-lpb.top,keyword_match,38,LOW,False,2026-07-25 21:28:04.936370+00:00,True
http://ramadabetguncelgiris.com,ramadabetguncelgiris.com,keyword_match,45,MEDIUM,False,2026-07-24 14:03:48.000352+00:00,True
http://8xbet1.biz,8xbet1.biz,keyword_match,34,LOW,False,2026-07-25 17:29:20.995771+00:00,True
http://l9h7.fbjili9.com,l9h7.fbjili9.com,keyword_match,33,LOW,True,2026-07-24 05:14:50.836395+00:00,True
http://onlinecasinogratisspins-nl.pages.dev,onlinecasinogratisspins-nl.pages.dev,keyword_match,30,LOW,True,2026-07-24 10:04:33.554799+00:00,True
http://vnjili.com,vnjili.com,keyword_match,26,LOW,True,2026-07-24 09:17:07.667156+00:00,True
http://tfjili.app,tfjili.app,keyword_match,24,LOW,False,2026-07-25 18:28:28.983337+00:00,True
http://1xbet-no.org,1xbet-no.org,keyword_match,28,LOW,False,2026-07-25 08:12:32.397464+00:00,True
http://grandpashabet-c-pinco-tr.pu550ev.com,grandpashabet-c-pinco-tr.pu550ev.com,keyword_match,52,MEDIUM,False,2026-07-25 13:21:59.430593+00:00,True
http://manage.1xbet-zyjf.top,manage.1xbet-zyjf.top,keyword_match,33,LOW,False,2026-07-26 03:57:34.805339+00:00,True
http://vulkan-stars-slots.com,vulkan-stars-slots.com,keyword_match,37,LOW,True,2026-07-24 06:04:50.481953+00:00,True
http://spinup-12.votepro.org,spinup-12.votepro.org,keyword_match,49,MEDIUM,True,2026-07-23 16:57:38.771433+00:00,True
http://1wincasinopokerplay2.xyz,1wincasinopokerplay2.xyz,keyword_match,48,MEDIUM,True,2026-07-26 13:06:22.953493+00:00,True
http://trbetcasinobahis.com,trbetcasinobahis.com,keyword_match,20,LOW,True,2026-07-23 22:18:04.146587+00:00,True
http://bestonlinecasinoellada.gr,bestonlinecasinoellada.gr,keyword_match,41,MEDIUM,False,2026-07-26 02:28:37.614237+00:00,True
http://wwwwjili-ph.com,wwwwjili-ph.com,keyword_match,20,LOW,False,2026-07-25 07:14:49.381082+00:00,True
http://support.canli1xbetyap.com,support.canli1xbetyap.com,keyword_match,20,LOW,True,2026-07-24 07:51:26.212717+00:00,True
http://www.mostbetcasinokz.com,www.mostbetcasinokz.com,keyword_match,35,LOW,False,2026-07-25 15:07:05.423396+00:00,True
http://jjiliko.com,jjiliko.com,keyword_match,20,LOW,False,2026-07-25 14:02:44.105262+00:00,True
http://pokerklas.ws,pokerklas.ws,keyword_match,26,LOW,True,2026-07-24 09:09:11.747475+00:00,True
http://carnivalpinup.christinadownen.com,carnivalpinup.christinadownen.com,keyword_match,34,LOW,False,2026-07-25 16:31:45.754454+00:00,True
http://www.jojobetbonus.com,www.jojobetbonus.com,keyword_match,27,LOW,False,2026-07-26 03:05:33.806859+00:00,True
http://pinco-casino-a7lq.buzz,pinco-casino-a7lq.buzz,keyword_match,35,LOW,False,2026-07-25 14:09:48.826274+00:00,True
http://guncelmariobetgiris.com,guncelmariobetgiris.com,keyword_match,41,MEDIUM,False,2026-07-24 10:58:04.821782+00:00,True
http://betway-bc.com,betway-bc.com,keyword_match,42,MEDIUM,True,2026-07-24 07:40:38.264841+00:00,True
http://vavada-polish.pl,vavada-polish.pl,keyword_match,33,LOW,False,2026-07-24 17:02:49.901729+00:00,True
http://dollartopincome107.pages.dev,dollartopincome107.pages.dev,keyword_match,46,MEDIUM,False,2026-07-26 04:33:08.169390+00:00,True
http://kareasbetguncel.com,kareasbetguncel.com,keyword_match,29,LOW,True,2026-07-24 04:23:02.496419+00:00,True
http://ww38.pokerklas749.com,ww38.pokerklas749.com,keyword_match,53,MEDIUM,False,2026-07-25 21:09:53.566547+00:00,True
http://riobetcasino-fic.top,riobetcasino-fic.top,keyword_match,26,LOW,False,2026-07-24 11:34:22.476788+00:00,True
http://pinupappuz.com,pinupappuz.com,keyword_match,22,LOW,False,2026-07-24 17:07:03.091480+00:00,True
http://jilijlfun.com,jilijlfun.com,keyword_match,39,LOW,False,2026-07-24 18:20:15.086863+00:00,True
http://efesbetcasino441.com,efesbetcasino441.com,keyword_match,36,LOW,False,2026-07-25 00:52:26.876462+00:00,True
http://bestkansasonlinecasinos-us-org.pages.dev,bestkansasonlinecasinos-us-org.pages.dev,keyword_match,41,MEDIUM,False,2026-07-25 14:20:12.300049+00:00,True
http://app.casinometropol1008.com,app.casinometropol1008.com,keyword_match,36,LOW,False,2026-07-25 22:33:50.406575+00:00,True
http://chickenvulkanapp.com,chickenvulkanapp.com,keyword_match,31,LOW,False,2026-07-25 19:59:53.347401+00:00,True
http://1xbet-igq8.click,1xbet-igq8.click,keyword_match,36,LOW,False,2026-07-26 07:58:36.349466+00:00,True
http://pinup.day-sale.com,pinup.day-sale.com,keyword_match,30,LOW,True,2026-07-23 23:49:43.630853+00:00,True
http://1xbet1xgame.com,1xbet1xgame.com,keyword_match,46,MEDIUM,False,2026-07-26 04:43:18.971115+00:00,True
http://www.1xbetcasino.ae.org,www.1xbetcasino.ae.org,keyword_match,27,LOW,False,2026-07-25 23:39:14.309779+00:00,True
http://m.games-ayxbet.com,m.games-ayxbet.com,keyword_match,33,LOW,True,2026-07-23 19:32:38.728619+00:00,True
http://67wincasino.com,67wincasino.com,keyword_match,40,MEDIUM,False,2026-07-25 19:58:53.696129+00:00,True
http://www.jilion.com,www.jilion.com,keyword_match,28,LOW,False,2026-07-26 07:18:32.551813+00:00,True
http://betwaycasino.co.no,betwaycasino.co.no,keyword_match,27,LOW,True,2026-07-24 05:25:13.345477+00:00,True
http://www.nl-monixbetcasino.com,www.nl-monixbetcasino.com,keyword_match,59,MEDIUM,True,2026-07-26 09:33:56.016425+00:00,True
http://melbet-yemen.com,melbet-yemen.com,keyword_match,24,LOW,False,2026-07-24 16:36:58.547967+00:00,True
http://login.jilisuper.io,login.jilisuper.io,keyword_match,38,LOW,False,2026-07-25 17:34:50.814467+00:00,True
http://chat.casinomaxi763.com,chat.casinomaxi763.com,keyword_match,35,LOW,True,2026-07-24 01:27:56.204418+00:00,True
http://pinco-casino-ev4y.buzz,pinco-casino-ev4y.buzz,keyword_match,38,LOW,False,2026-07-25 22:52:43.233308+00:00,True
http://pokerdomrussia.com,pokerdomrussia.com,keyword_match,32,LOW,True,2026-07-26 11:48:12.493527+00:00,True
http://1xbetkorea1.com,1xbetkorea1.com,keyword_match,49,MEDIUM,False,2026-07-25 01:12:47.683283+00:00,True
http://bitstarzcasino-online.com,bitstarzcasino-online.com,keyword_match,48,MEDIUM,False,2026-07-26 03:14:31.468801+00:00,True
http://vavada-casinopl-ink-a638e36d.pages.dev,vavada-casinopl-ink-a638e36d.pages.dev,keyword_match,71,HIGH,True,2026-07-26 12:18:16.380038+00:00,True
http://1xbet-top.org,1xbet-top.org,keyword_match,29,LOW,True,2026-07-24 03:28:28.577624+00:00,True
http://root-onlinecasino88-net.pages.dev,root-onlinecasino88-net.pages.dev,keyword_match,45,MEDIUM,False,2026-07-26 02:01:28.594558+00:00,True
http://1xbet-srbija.com,1xbet-srbija.com,keyword_match,46,MEDIUM,False,2026-07-24 11:44:44.590291+00:00,True
http://melbetru.dompatriot.ru,melbetru.dompatriot.ru,keyword_match,25,LOW,False,2026-07-26 01:05:36.101350+00:00,True
http://big-wheel-multislot-pinco-kz.pu550ev.com,big-wheel-multislot-pinco-kz.pu550ev.com,keyword_match,72,HIGH,True,2026-07-26 13:32:48.721614+00:00,True
http://102jilipark.net,102jilipark.net,keyword_match,38,LOW,False,2026-07-24 12:34:29.648483+00:00,True
http://mostbet-lj8oe.xyz,mostbet-lj8oe.xyz,keyword_match,34,LOW,False,2026-07-25 05:29:37.140494+00:00,True
http://librabetcasino-fi.eu.com,librabetcasino-fi.eu.com,keyword_match,28,LOW,True,2026-07-24 09:15:55.761557+00:00,True
http://www.5jili.bid,www.5jili.bid,keyword_match,33,LOW,False,2026-07-25 15:18:23.574142+00:00,True
http://jili62.online,jili62.online,keyword_match,39,LOW,False,2026-07-25 02:11:44.205335+00:00,True
http://betwayclubhouse.com,betwayclubhouse.com,keyword_match,20,LOW,False,2026-07-24 20:51:26.450059+00:00,True
http://jilievoapplogin.net,jilievoapplogin.net,keyword_match,56,MEDIUM,True,2026-07-26 13:16:35.718538+00:00,True
http://fambetcasino.pl,fambetcasino.pl,keyword_match,27,LOW,False,2026-07-25 13:50:28.629536+00:00,True
http://spinjili.club,spinjili.club,keyword_match,26,LOW,False,2026-07-25 05:56:55.231369+00:00,True
http://test.readymixbeton.org,test.readymixbeton.org,keyword_match,35,LOW,True,2026-07-24 07:41:05.907623+00:00,True
http://pinco-pinko-az.com,pinco-pinko-az.com,keyword_match,48,MEDIUM,True,2026-07-23 17:36:31.742240+00:00,True
http://road-chicken-form-pinco-az.pu550ev.com,road-chicken-form-pinco-az.pu550ev.com,keyword_match,56,MEDIUM,True,2026-07-24 09:55:20.334661+00:00,True
http://1xbetappcm.com,1xbetappcm.com,keyword_match,38,LOW,False,2026-07-25 09:57:57.987645+00:00,True
http://jilihotonline.com,jilihotonline.com,keyword_match,20,LOW,False,2026-07-24 17:02:40.727335+00:00,True
http://www.olivebranchletters.com,www.olivebranchletters.com,keyword_match,13,BENIGN,False,2026-07-25 22:10:02.155141+00:00,True
http://1xbet-gamess.bet,1xbet-gamess.bet,keyword_match,33,LOW,True,2026-07-24 05:41:22.289424+00:00,True
http://jili333phl.com,jili333phl.com,keyword_match,36,LOW,False,2026-07-25 23:43:39.099183+00:00,True
http://1xbet-register.com,1xbet-register.com,keyword_match,62,HIGH,True,2026-07-26 10:04:24.129815+00:00,True
http://www.365maxbet.fun,www.365maxbet.fun,keyword_match,42,MEDIUM,False,2026-07-26 06:08:50.837437+00:00,True
http://mostbet-za.online,mostbet-za.online,keyword_match,38,LOW,False,2026-07-25 14:01:27.375682+00:00,True
http://vuduqijilivine.lol,vuduqijilivine.lol,keyword_match,29,LOW,False,2026-07-25 08:41:46.053550+00:00,True
http://mostbetwinturkey.pages.dev,mostbetwinturkey.pages.dev,keyword_match,26,LOW,False,2026-07-26 05:55:47.714811+00:00,True
http://nexbets.shop,nexbets.shop,keyword_match,31,LOW,True,2026-07-24 07:34:42.126337+00:00,True
http://www.gunceldogobetgiris.com,www.gunceldogobetgiris.com,keyword_match,23,LOW,False,2026-07-24 10:41:18.350515+00:00,True
http://7xxbetway.com,7xxbetway.com,keyword_match,18,BENIGN,False,2026-07-24 23:13:21.712483+00:00,True
http://accounts.1xbet-ebud.top,accounts.1xbet-ebud.top,keyword_match,30,LOW,False,2026-07-24 11:58:34.270331+00:00,True
http://vavadating.com,vavadating.com,keyword_match,28,LOW,False,2026-07-25 11:32:05.782956+00:00,True
http://1xbet-mobile-rdc.com,1xbet-mobile-rdc.com,keyword_match,38,LOW,False,2026-07-25 21:28:14.652270+00:00,True
http://jilibb8xy3.com,jilibb8xy3.com,keyword_match,51,MEDIUM,False,2026-07-24 17:38:55.836031+00:00,True
http://m.casinomaxi744.com,m.casinomaxi744.com,keyword_match,25,LOW,True,2026-07-23 19:58:03.600548+00:00,True
http://account.1xbet-zyjf.top,account.1xbet-zyjf.top,keyword_match,33,LOW,False,2026-07-26 03:57:35.642526+00:00,True
http://spinup-19.votepro.org,spinup-19.votepro.org,keyword_match,49,MEDIUM,True,2026-07-23 16:59:22.406628+00:00,True
http://jilimacao444.com,jilimacao444.com,keyword_match,34,LOW,False,2026-07-26 09:06:14.530457+00:00,True
http://www.guncelgrandpashabetgiris.com,www.guncelgrandpashabetgiris.com,keyword_match,35,LOW,False,2026-07-24 10:56:30.676480+00:00,True
http://afunbetcasino-com-4hj.pages.dev,afunbetcasino-com-4hj.pages.dev,keyword_match,46,MEDIUM,False,2026-07-24 11:28:56.729630+00:00,True
http://spinup-1.votepro.org,spinup-1.votepro.org,keyword_match,31,LOW,True,2026-07-23 16:56:48.508874+00:00,True
http://pxxbetpaga.com,pxxbetpaga.com,keyword_match,19,BENIGN,False,2026-07-25 20:47:59.294372+00:00,True
http://hornetbetcasino-ch.eu.com,hornetbetcasino-ch.eu.com,keyword_match,32,LOW,False,2026-07-24 11:04:06.764171+00:00,True
http://jordan-melbet.com,jordan-melbet.com,keyword_match,40,MEDIUM,True,2026-07-23 20:06:43.274445+00:00,True
http://melbet-eg.app,melbet-eg.app,keyword_match,41,MEDIUM,False,2026-07-24 13:43:25.699381+00:00,True
http://myjili7.com,myjili7.com,keyword_match,20,LOW,False,2026-07-25 06:38:46.323260+00:00,True
http://onlinecasinogratisbonus.nl,onlinecasinogratisbonus.nl,keyword_match,31,LOW,False,2026-07-26 03:03:54.497794+00:00,True
http://jili9330.com,jili9330.com,keyword_match,31,LOW,False,2026-07-24 14:51:27.561503+00:00,True
http://4x4betway.net,4x4betway.net,keyword_match,42,MEDIUM,False,2026-07-24 20:42:54.264436+00:00,True
http://monsterwincasino1.org,monsterwincasino1.org,keyword_match,23,LOW,False,2026-07-24 18:45:34.222434+00:00,True
http://betpipoguncelgirisi.com,betpipoguncelgirisi.com,keyword_match,36,LOW,False,2026-07-25 10:12:39.861464+00:00,True
http://mostbet88517.online,mostbet88517.online,keyword_match,50,MEDIUM,False,2026-07-25 16:21:54.135206+00:00,True
http://jili99win.com,jili99win.com,keyword_match,38,LOW,True,2026-07-24 10:19:21.868518+00:00,True
http://madridbet1121.com,madridbet1121.com,keyword_match,38,LOW,False,2026-07-25 18:43:27.515102+00:00,True
http://vavada-64sg.buzz,vavada-64sg.buzz,keyword_match,54,MEDIUM,True,2026-07-26 10:26:52.807656+00:00,True
http://vavada-casino.rs,vavada-casino.rs,keyword_match,32,LOW,False,2026-07-24 20:54:54.775609+00:00,True
http://pay.pincoffee.club,pay.pincoffee.club,keyword_match,29,LOW,False,2026-07-24 18:31:20.518457+00:00,True
http://chests-lottery-2-pinco-tr.pu550ev.com,chests-lottery-2-pinco-tr.pu550ev.com,keyword_match,52,MEDIUM,True,2026-07-24 02:54:47.199891+00:00,True
http://pinup.casino979.buzz,pinup.casino979.buzz,keyword_match,43,MEDIUM,True,2026-07-23 17:34:00.492384+00:00,True
http://jilib.org,jilib.org,keyword_match,26,LOW,False,2026-07-24 14:51:08.191071+00:00,True
http://mostbetcasinobonuses.com,mostbetcasinobonuses.com,keyword_match,36,LOW,False,2026-07-24 20:34:37.911825+00:00,True
http://xbet88-6ed.pages.dev,xbet88-6ed.pages.dev,keyword_match,27,LOW,False,2026-07-25 16:37:58.720361+00:00,True
http://onlinecasino-5.pages.dev,onlinecasino-5.pages.dev,keyword_match,26,LOW,False,2026-07-24 10:32:48.463809+00:00,True
http://sagjili.shop,sagjili.shop,keyword_match,28,LOW,False,2026-07-26 07:25:54.531389+00:00,True
http://1xbet-ap7v.top,1xbet-ap7v.top,keyword_match,20,LOW,False,2026-07-25 22:52:58.891327+00:00,True
http://resmi-pinco-giris.it.com,resmi-pinco-giris.it.com,keyword_match,44,MEDIUM,False,2026-07-24 14:47:29.581792+00:00,True
http://webinar.10xbettergolf.com,webinar.10xbettergolf.com,keyword_match,49,MEDIUM,True,2026-07-24 09:05:47.007008+00:00,True
http://jiliwinbet2.com,jiliwinbet2.com,keyword_match,45,MEDIUM,True,2026-07-26 12:44:14.383486+00:00,True
http://3dca45d0-4ff2-40e3-a70c-b52b20111171.1xbet-dydj.top,3dca45d0-4ff2-40e3-a70c-b52b20111171.1xbet-dydj.top,keyword_match,61,HIGH,False,2026-07-25 13:18:37.591805+00:00,True
http://axbet.io,axbet.io,keyword_match,32,LOW,True,2026-07-24 06:50:12.526480+00:00,True
http://api.dx-ye1xbetmix.site,api.dx-ye1xbetmix.site,keyword_match,27,LOW,False,2026-07-25 18:03:57.518460+00:00,True
http://1xbet-entrance.com,1xbet-entrance.com,keyword_match,36,LOW,False,2026-07-26 03:58:58.052742+00:00,True
http://pro10jili.com,pro10jili.com,keyword_match,49,MEDIUM,True,2026-07-26 10:55:06.015518+00:00,True
http://m.holiganbet-adrees-guncel.icu,m.holiganbet-adrees-guncel.icu,keyword_match,31,LOW,True,2026-07-24 05:51:09.366445+00:00,True
http://www.hexagrandbet.com,www.hexagrandbet.com,keyword_match,28,LOW,True,2026-07-24 10:21:47.388790+00:00,True
http://accounts.riobetcasino-ppd.top,accounts.riobetcasino-ppd.top,keyword_match,30,LOW,True,2026-07-24 05:28:59.890476+00:00,True
http://1xbet-webs-kaiyun.bet,1xbet-webs-kaiyun.bet,keyword_match,35,LOW,True,2026-07-24 03:48:03.600009+00:00,True
http://user.1xbet-m.club,user.1xbet-m.club,keyword_match,30,LOW,False,2026-07-25 00:04:43.788436+00:00,True
http://1xbet-12vip.top,1xbet-12vip.top,keyword_match,24,LOW,False,2026-07-25 13:30:11.411073+00:00,True
http://jili000.org,jili000.org,keyword_match,26,LOW,False,2026-07-24 16:31:16.381410+00:00,True
http://dx-ye1xbetmix.site,dx-ye1xbetmix.site,keyword_match,41,MEDIUM,False,2026-07-25 18:04:00.599492+00:00,True
http://1xbet-vqld.top,1xbet-vqld.top,keyword_match,39,LOW,False,2026-07-25 21:27:44.382410+00:00,True
http://jackpot-maxbet580.pages.dev,jackpot-maxbet580.pages.dev,keyword_match,44,MEDIUM,False,2026-07-25 01:21:14.650126+00:00,True
http://mostbetapk.ltd,mostbetapk.ltd,keyword_match,26,LOW,True,2026-07-24 04:27:39.010813+00:00,True
http://auth.vavada-cvx.top,auth.vavada-cvx.top,keyword_match,33,LOW,False,2026-07-25 04:11:09.276419+00:00,True
http://www.signup.misspinupaz.com,www.signup.misspinupaz.com,keyword_match,32,LOW,False,2026-07-26 07:31:50.947920+00:00,True
http://jilibby4nv.com,jilibby4nv.com,keyword_match,40,MEDIUM,False,2026-07-25 03:19:25.708543+00:00,True
http://onlinecasinofreespins-com-gr.pages.dev,onlinecasinofreespins-com-gr.pages.dev,keyword_match,48,MEDIUM,False,2026-07-25 13:02:13.084471+00:00,True
http://mostbet-aviator.in.net,mostbet-aviator.in.net,keyword_match,23,LOW,False,2026-07-24 23:07:29.753480+00:00,True
http://accounts.riobetcasino-qer.top,accounts.riobetcasino-qer.top,keyword_match,30,LOW,True,2026-07-24 06:10:39.758225+00:00,True
http://www.jili62.online,www.jili62.online,keyword_match,32,LOW,False,2026-07-25 02:11:50.551719+00:00,True
http://melbet-algeria.net,melbet-algeria.net,keyword_match,38,LOW,False,2026-07-25 06:16:50.768001+00:00,True
http://ca-cuoc-thethao-8xbet.pages.dev,ca-cuoc-thethao-8xbet.pages.dev,keyword_match,36,LOW,True,2026-07-24 07:21:48.581598+00:00,True
http://3633bet.me,3633bet.me,keyword_match,37,LOW,True,2026-07-23 15:26:51.942688+00:00,True
http://gmaxbet.games,gmaxbet.games,keyword_match,31,LOW,False,2026-07-25 02:58:34.270532+00:00,True
http://www.pincor.es,www.pincor.es,keyword_match,37,LOW,False,2026-07-26 00:37:19.798031+00:00,True
http://rainbetcasinonz.com,rainbetcasinonz.com,keyword_match,20,LOW,True,2026-07-23 17:19:42.690456+00:00,True
http://magicjilistore.com,magicjilistore.com,keyword_match,39,LOW,True,2026-07-24 04:21:24.787532+00:00,True
http://vavada-qaq9.top,vavada-qaq9.top,keyword_match,22,LOW,True,2026-07-23 16:38:06.802168+00:00,True
http://sitemap.leonbets-casino-a5hc.buzz,sitemap.leonbets-casino-a5hc.buzz,keyword_match,45,MEDIUM,False,2026-07-25 12:00:03.962409+00:00,True
http://www.8xbetdm.com,www.8xbetdm.com,keyword_match,32,LOW,False,2026-07-26 06:51:46.947443+00:00,True
http://onewincasino.com,onewincasino.com,keyword_match,25,LOW,False,2026-07-26 05:05:42.595993+00:00,True
http://1xbet-uzb.net,1xbet-uzb.net,keyword_match,48,MEDIUM,True,2026-07-26 10:05:05.506401+00:00,True
http://1xbet-bdon-filter.com,1xbet-bdon-filter.com,keyword_match,40,MEDIUM,False,2026-07-25 13:48:19.529068+00:00,True
http://1xbet-account-help.ru,1xbet-account-help.ru,keyword_match,59,MEDIUM,True,2026-07-26 11:43:42.080354+00:00,True
http://mxbettertopgames.site,mxbettertopgames.site,keyword_match,33,LOW,False,2026-07-26 04:21:46.812497+00:00,True
http://ww38.jilibigwin.vip,ww38.jilibigwin.vip,keyword_match,34,LOW,True,2026-07-23 21:14:39.593498+00:00,True
http://thehippodromeonlinecasino-org.pages.dev,thehippodromeonlinecasino-org.pages.dev,keyword_match,48,MEDIUM,True,2026-07-26 09:57:06.157424+00:00,True
http://guns-betcasino.fi,guns-betcasino.fi,keyword_match,33,LOW,False,2026-07-25 14:37:41.804364+00:00,True
http://melbet-9533.pro,melbet-9533.pro,keyword_match,28,LOW,False,2026-07-24 20:07:05.557807+00:00,True
http://1xbet-service-bk.ru,1xbet-service-bk.ru,keyword_match,60,HIGH,True,2026-07-26 13:44:00.726059+00:00,True
http://vulkan-vegas987.pl,vulkan-vegas987.pl,keyword_match,45,MEDIUM,True,2026-07-24 04:36:47.944594+00:00,True
http://1xbet-ig0t.top,1xbet-ig0t.top,keyword_match,18,BENIGN,False,2026-07-26 00:43:04.615148+00:00,True
http://1xbet-yadu.top,1xbet-yadu.top,keyword_match,44,MEDIUM,False,2026-07-25 21:02:29.892089+00:00,True
http://21jiliwin.com,21jiliwin.com,keyword_match,31,LOW,True,2026-07-23 21:37:15.856265+00:00,True
http://amunra-0967.com,amunra-0967.com,keyword_match,31,LOW,False,2026-07-24 14:19:14.249557+00:00,True
http://vulkan.casino-13p.team,vulkan.casino-13p.team,keyword_match,51,MEDIUM,False,2026-07-24 22:23:10.614503+00:00,True
http://pokerdomol.top,pokerdomol.top,keyword_match,29,LOW,False,2026-07-26 03:19:59.930426+00:00,True
http://pincos.dev,pincos.dev,keyword_match,21,LOW,True,2026-07-23 19:04:26.371408+00:00,True
http://alfcasinohungary-com.pages.dev,alfcasinohungary-com.pages.dev,keyword_match,26,LOW,False,2026-07-25 20:27:10.593416+00:00,True
http://staging.bitstarzbonuses.com,staging.bitstarzbonuses.com,keyword_match,25,LOW,False,2026-07-25 09:32:04.884405+00:00,True
http://jiligame.ph,jiligame.ph,keyword_match,29,LOW,False,2026-07-25 22:50:43.148786+00:00,True
http://www.spd-kreis-vulkaneifel.de,www.spd-kreis-vulkaneifel.de,keyword_match,50,MEDIUM,True,2026-07-26 13:05:34.854080+00:00,True
http://onlinecasinos-nonaams.it,onlinecasinos-nonaams.it,keyword_match,26,LOW,True,2026-07-23 16:54:56.755514+00:00,True
http://winclubjili.com,winclubjili.com,keyword_match,36,LOW,False,2026-07-26 05:47:57.625636+00:00,True
http://melbet-2404.pro,melbet-2404.pro,keyword_match,28,LOW,False,2026-07-24 19:49:05.576468+00:00,True
http://www.wildbanditodemo.bet.mostbetvip.icu,www.wildbanditodemo.bet.mostbetvip.icu,keyword_match,47,MEDIUM,True,2026-07-26 12:37:42.538788+00:00,True
http://1xbet-mobil.net,1xbet-mobil.net,keyword_match,41,MEDIUM,False,2026-07-25 00:36:48.360412+00:00,True
http://user.vavada-cvx.top,user.vavada-cvx.top,keyword_match,30,LOW,False,2026-07-24 18:55:00.662501+00:00,True
http://m.cnweb-betwaysports.com,m.cnweb-betwaysports.com,keyword_match,30,LOW,False,2026-07-26 02:13:47.873790+00:00,True
http://morxbet125.com,morxbet125.com,keyword_match,36,LOW,True,2026-07-24 04:04:37.094312+00:00,True
http://riobetcasino-xg.top,riobetcasino-xg.top,keyword_match,26,LOW,False,2026-07-24 19:21:23.484788+00:00,True
http://jili1985loginph.com,jili1985loginph.com,keyword_match,36,LOW,False,2026-07-25 23:06:43.377565+00:00,True
http://powbetcasino-at.eu.com,powbetcasino-at.eu.com,keyword_match,25,LOW,True,2026-07-24 10:12:45.540434+00:00,True
http://matbet88.net,matbet88.net,keyword_match,27,LOW,False,2026-07-26 05:22:26.289456+00:00,True
http://p2pincome.com,p2pincome.com,keyword_match,22,LOW,False,2026-07-25 08:16:42.296377+00:00,True
http://tr-betasusguncelgirisler-xyz.pages.dev,tr-betasusguncelgirisler-xyz.pages.dev,keyword_match,44,MEDIUM,False,2026-07-25 19:03:39.942006+00:00,True
http://dev.koxbetvip.org,dev.koxbetvip.org,keyword_match,31,LOW,False,2026-07-25 14:51:45.122382+00:00,True
http://onkshwp.1xbet-uyfd.top,onkshwp.1xbet-uyfd.top,keyword_match,33,LOW,False,2026-07-26 08:25:27.874588+00:00,True
http://mostbets-polska.com.pl,mostbets-polska.com.pl,keyword_match,26,LOW,False,2026-07-25 18:00:45.336247+00:00,True
http://291jili06.com,291jili06.com,keyword_match,43,MEDIUM,False,2026-07-25 18:22:42.538363+00:00,True
http://8xbetting.casino,8xbetting.casino,keyword_match,45,MEDIUM,False,2026-07-25 13:04:05.964480+00:00,True
http://1xbet-crash.cyou,1xbet-crash.cyou,keyword_match,39,LOW,True,2026-07-24 10:14:51.844567+00:00,True
http://1xbetbet-x7b.top,1xbetbet-x7b.top,keyword_match,30,LOW,False,2026-07-24 23:34:40.806789+00:00,True
http://afunbetcasino-com.pages.dev,afunbetcasino-com.pages.dev,keyword_match,35,LOW,False,2026-07-25 13:17:39.885448+00:00,True
http://testing.koxbetvip.info,testing.koxbetvip.info,keyword_match,34,LOW,False,2026-07-25 15:58:41.440038+00:00,True
http://18jiliwin.com,18jiliwin.com,keyword_match,31,LOW,True,2026-07-24 04:26:23.352473+00:00,True
http://www.baajiwalalive.com.velki9xbetagentlist.com,www.baajiwalalive.com.velki9xbetagentlist.com,keyword_match,39,LOW,False,2026-07-25 06:26:28.610840+00:00,True
http://geco-prakla.melbet-kazino.top,geco-prakla.melbet-kazino.top,keyword_match,34,LOW,False,2026-07-24 04:47:00.174454+00:00,True
http://spdfraktion-vulkaneifel.de,spdfraktion-vulkaneifel.de,keyword_match,45,MEDIUM,True,2026-07-26 13:18:25.049208+00:00,True
http://www.pinco.rzhevnews.ru,www.pinco.rzhevnews.ru,keyword_match,30,LOW,True,2026-07-23 17:16:21.041458+00:00,True
http://adexbet.cc,adexbet.cc,keyword_match,28,LOW,False,2026-07-25 03:20:11.380386+00:00,True
http://1xbet-ibun.top,1xbet-ibun.top,keyword_match,43,MEDIUM,True,2026-07-26 13:25:34.664966+00:00,True
http://baxterbetcasino-com-es-22903.pages.dev,baxterbetcasino-com-es-22903.pages.dev,keyword_match,48,MEDIUM,False,2026-07-25 13:16:25.524960+00:00,True
http://czmostbetonline.com,czmostbetonline.com,keyword_match,30,LOW,True,2026-07-24 10:11:52.077454+00:00,True
http://jilibdt.bid,jilibdt.bid,keyword_match,26,LOW,False,2026-07-25 08:57:32.635432+00:00,True
http://www.vulkanostudio.com,www.vulkanostudio.com,keyword_match,34,LOW,True,2026-07-23 20:03:09.137399+00:00,True
http://jili16b.com,jili16b.com,keyword_match,30,LOW,False,2026-07-25 00:55:15.453284+00:00,True
http://tgaxbet.lol,tgaxbet.lol,keyword_match,28,LOW,True,2026-07-24 02:47:34.740718+00:00,True
http://vertexbetdaily.nl,vertexbetdaily.nl,keyword_match,31,LOW,False,2026-07-26 04:46:35.617530+00:00,True
http://maxbet1688-vip.com,maxbet1688-vip.com,keyword_match,51,MEDIUM,False,2026-07-25 22:01:00.974439+00:00,True
http://8xbet9.vip,8xbet9.vip,keyword_match,27,LOW,True,2026-07-24 00:16:14.928463+00:00,True
http://halpinconstruction.ie,halpinconstruction.ie,keyword_match,32,LOW,True,2026-07-24 09:31:46.231407+00:00,True
http://user.vavada-rpo.top,user.vavada-rpo.top,keyword_match,30,LOW,True,2026-07-24 08:24:39.298239+00:00,True
http://mostbet-az42.com,mostbet-az42.com,keyword_match,44,MEDIUM,False,2026-07-24 23:33:49.128261+00:00,True
http://www.grandxbet.de,www.grandxbet.de,keyword_match,3,BENIGN,True,2026-07-26 10:22:51.467044+00:00,True
http://www.1xbet-ent15.top,www.1xbet-ent15.top,keyword_match,53,MEDIUM,True,2026-07-26 10:23:32.391895+00:00,True
http://admiralbetcasino.net.pl,admiralbetcasino.net.pl,keyword_match,26,LOW,False,2026-07-24 17:23:32.575519+00:00,True
http://mostbet05924.online,mostbet05924.online,keyword_match,51,MEDIUM,False,2026-07-25 16:39:16.138398+00:00,True
http://jiliapp66.vip,jiliapp66.vip,keyword_match,27,LOW,True,2026-07-24 03:39:20.663590+00:00,True
http://rainbetcasino.eu,rainbetcasino.eu,keyword_match,26,LOW,False,2026-07-25 06:27:40.577790+00:00,True
http://sportsbook.casinomaxi821.com,sportsbook.casinomaxi821.com,keyword_match,53,MEDIUM,True,2026-07-26 13:58:37.727536+00:00,True
http://olybetcasino.de.com,olybetcasino.de.com,keyword_match,25,LOW,False,2026-07-24 16:51:41.252829+00:00,True
http://domusbetcasino.it.com,domusbetcasino.it.com,keyword_match,24,LOW,False,2026-07-24 23:45:09.466056+00:00,True
http://onlinecasino-applogin-gr.pages.dev,onlinecasino-applogin-gr.pages.dev,keyword_match,41,MEDIUM,False,2026-07-26 07:28:47.662404+00:00,True
http://jetxbet.games,jetxbet.games,keyword_match,32,LOW,False,2026-07-26 04:21:01.589626+00:00,True
http://6jili7.net,6jili7.net,keyword_match,26,LOW,False,2026-07-25 12:16:51.556429+00:00,True
http://vertexbeta.com,vertexbeta.com,keyword_match,22,LOW,False,2026-07-25 07:33:16.684467+00:00,True
http://www.jilix.pro,www.jilix.pro,keyword_match,33,LOW,False,2026-07-25 14:45:03.051324+00:00,True
http://flixbet69.info,flixbet69.info,keyword_match,48,MEDIUM,False,2026-07-25 08:36:05.107619+00:00,True
http://jilibbrfba.com,jilibbrfba.com,keyword_match,37,LOW,False,2026-07-25 15:27:00.968865+00:00,True
http://www.namedonlinecasino.com,www.namedonlinecasino.com,keyword_match,25,LOW,False,2026-07-25 01:23:13.104266+00:00,True
http://pincocasinowintr.pages.dev,pincocasinowintr.pages.dev,keyword_match,51,MEDIUM,True,2026-07-26 10:03:35.399389+00:00,True
http://zh-hanl-betwaysports.com,zh-hanl-betwaysports.com,keyword_match,32,LOW,True,2026-07-24 04:16:21.314034+00:00,True
http://bvxbet.com,bvxbet.com,keyword_match,26,LOW,False,2026-07-24 13:05:06.767585+00:00,True
http://accounts.1xbet-uyfd.top,accounts.1xbet-uyfd.top,keyword_match,33,LOW,False,2026-07-25 21:17:45.014516+00:00,True
http://ww38.1xbet-lffm.click,ww38.1xbet-lffm.click,keyword_match,46,MEDIUM,False,2026-07-25 22:45:24.885799+00:00,True
http://wheel-single-spin-fire-joker-pinco-analytics-az.pages.dev,wheel-single-spin-fire-joker-pinco-analytics-az.pages.dev,keyword_match,57,MEDIUM,False,2026-07-25 18:31:38.131871+00:00,True
http://www.1matbet88.com,www.1matbet88.com,keyword_match,32,LOW,False,2026-07-26 05:20:13.877630+00:00,True
http://tattvavada.com,tattvavada.com,keyword_match,17,BENIGN,False,2026-07-25 06:14:46.113345+00:00,True
http://slotgrandbet.org,slotgrandbet.org,keyword_match,28,LOW,False,2026-07-24 20:20:20.234799+00:00,True
http://betroadgunceladresi.com,betroadgunceladresi.com,keyword_match,28,LOW,False,2026-07-25 09:07:59.292374+00:00,True
http://big-wheel-multislot-pinco-v2-geo.pu550ev.com,big-wheel-multislot-pinco-v2-geo.pu550ev.com,keyword_match,60,HIGH,True,2026-07-24 03:23:20.796582+00:00,True
http://guncelmatadorbetgiris.com,guncelmatadorbetgiris.com,keyword_match,40,MEDIUM,False,2026-07-24 10:43:05.736506+00:00,True
http://1xbet-36921.ru,1xbet-36921.ru,keyword_match,61,HIGH,True,2026-07-26 11:32:13.587437+00:00,True
http://jinda888-4xbet.com,jinda888-4xbet.com,keyword_match,47,MEDIUM,False,2026-07-25 13:18:33.891481+00:00,True
http://signup.1xbet-mea.top,signup.1xbet-mea.top,keyword_match,28,LOW,False,2026-07-24 16:28:14.917870+00:00,True
http://mostbet-pt-app.com,mostbet-pt-app.com,keyword_match,38,LOW,False,2026-07-25 17:56:53.447967+00:00,True
http://wordpress.melbet-slots.top,wordpress.melbet-slots.top,keyword_match,26,LOW,False,2026-07-25 02:03:48.640417+00:00,True
http://1xbet-cm-live.info,1xbet-cm-live.info,keyword_match,41,MEDIUM,True,2026-07-24 07:56:13.600370+00:00,True
http://bitxbet.terapeuxtabrasil.com,bitxbet.terapeuxtabrasil.com,keyword_match,26,LOW,False,2026-07-25 22:52:30.098642+00:00,True
http://app.riobetcasino-ppd.top,app.riobetcasino-ppd.top,keyword_match,33,LOW,False,2026-07-26 08:37:46.683494+00:00,True
http://account.1xbet-lsrp.top,account.1xbet-lsrp.top,keyword_match,33,LOW,False,2026-07-26 09:00:24.880411+00:00,True
http://panel.fastindxbeta.com,panel.fastindxbeta.com,keyword_match,35,LOW,False,2026-07-25 19:16:36.992751+00:00,True
http://betebetyeniadres.biz,betebetyeniadres.biz,keyword_match,48,MEDIUM,False,2026-07-25 06:06:23.757433+00:00,True
http://28jiliwin.com,28jiliwin.com,keyword_match,31,LOW,True,2026-07-23 22:18:40.189153+00:00,True
http://1xbetgiris.pages.dev,1xbetgiris.pages.dev,keyword_match,23,LOW,False,2026-07-25 08:48:08.490342+00:00,True
http://formation.pinup-secret.fr,formation.pinup-secret.fr,keyword_match,35,LOW,True,2026-07-24 05:52:52.050681+00:00,True
http://wheel-balloon-pinco-kz.pu550ev.com,wheel-balloon-pinco-kz.pu550ev.com,keyword_match,57,MEDIUM,True,2026-07-24 09:47:52.230791+00:00,True
http://melbet-mauritania.pages.dev,melbet-mauritania.pages.dev,keyword_match,45,MEDIUM,True,2026-07-26 12:19:41.225773+00:00,True
http://thematrixbetx.xyz,thematrixbetx.xyz,keyword_match,30,LOW,False,2026-07-25 14:49:25.442490+00:00,True
http://361betway.com,361betway.com,keyword_match,33,LOW,True,2026-07-23 21:13:06.159407+00:00,True
http://dreamjilimax.com,dreamjilimax.com,keyword_match,20,LOW,False,2026-07-25 18:00:33.266894+00:00,True
http://fixbetegirisyap.com,fixbetegirisyap.com,keyword_match,32,LOW,False,2026-07-24 10:39:03.581793+00:00,True
http://maxbet.atlas.app,maxbet.atlas.app,keyword_match,32,LOW,False,2026-07-25 10:29:21.215850+00:00,True
http://api.vulkanlokring.net,api.vulkanlokring.net,keyword_match,35,LOW,False,2026-07-26 05:42:59.060550+00:00,True
http://melbet-tn.com,melbet-tn.com,keyword_match,35,LOW,False,2026-07-25 02:47:06.929710+00:00,True
http://1xbet.almshhad.com,1xbet.almshhad.com,keyword_match,27,LOW,True,2026-07-24 06:56:19.776384+00:00,True
http://sirwincasino.info,sirwincasino.info,keyword_match,21,LOW,False,2026-07-25 09:37:28.108176+00:00,True
http://pinco-az-girisi-ink.pages.dev,pinco-az-girisi-ink.pages.dev,keyword_match,46,MEDIUM,False,2026-07-24 22:49:23.177593+00:00,True
http://melbet-tpd.top,melbet-tpd.top,keyword_match,39,LOW,False,2026-07-26 07:06:53.511494+00:00,True
http://spinup-6.votepro.org,spinup-6.votepro.org,keyword_match,34,LOW,True,2026-07-23 17:01:38.259488+00:00,True
http://pokerdomius.top,pokerdomius.top,keyword_match,23,LOW,False,2026-07-24 20:34:56.788229+00:00,True
http://joycasino-yks.top,joycasino-yks.top,keyword_match,43,MEDIUM,False,2026-07-25 21:38:17.065538+00:00,True
http://casino-1xbet.mobigems.com,casino-1xbet.mobigems.com,keyword_match,35,LOW,True,2026-07-23 20:00:12.379520+00:00,True
http://misspinupaz.com,misspinupaz.com,keyword_match,43,MEDIUM,False,2026-07-26 07:31:42.232882+00:00,True
http://user.1xbet-ahq.top,user.1xbet-ahq.top,keyword_match,30,LOW,False,2026-07-25 10:44:00.702037+00:00,True
http://winbetcasino-org-uk-17469.pages.dev,winbetcasino-org-uk-17469.pages.dev,keyword_match,45,MEDIUM,False,2026-07-25 05:42:09.337415+00:00,True
http://vavada-777.org,vavada-777.org,keyword_match,19,BENIGN,False,2026-07-25 19:51:09.750144+00:00,True
http://axbetcasino.app,axbetcasino.app,keyword_match,23,LOW,True,2026-07-24 07:40:54.579623+00:00,True
http://mostbet.azerbaycan-giris.fun,mostbet.azerbaycan-giris.fun,keyword_match,28,LOW,False,2026-07-24 17:45:54.533787+00:00,True
http://joycasinogweqyt.top,joycasinogweqyt.top,keyword_match,20,LOW,False,2026-07-25 07:09:03.416408+00:00,True
http://1xbet-nbfn.top,1xbet-nbfn.top,keyword_match,33,LOW,False,2026-07-25 21:40:06.097805+00:00,True
http://8xbet90p.com,8xbet90p.com,keyword_match,32,LOW,False,2026-07-26 00:43:25.864438+00:00,True
http://akibawincasino.net,akibawincasino.net,keyword_match,22,LOW,False,2026-07-25 20:33:41.712469+00:00,True
http://1xbetroott.shop,1xbetroott.shop,keyword_match,31,LOW,False,2026-07-24 12:55:16.919373+00:00,True
http://irwincasinoonline-de.de,irwincasinoonline-de.de,keyword_match,25,LOW,False,2026-07-24 13:42:55.404847+00:00,True
http://fundlaunchlive.com,fundlaunchlive.com,keyword_match,32,LOW,False,2026-07-26 06:55:56.043489+00:00,True
http://1xbetalgerie.com,1xbetalgerie.com,keyword_match,35,LOW,False,2026-07-26 09:31:09.953577+00:00,True
http://www.jeetbbuzz.com.velki9xbetagentlist.com,www.jeetbbuzz.com.velki9xbetagentlist.com,keyword_match,39,LOW,False,2026-07-25 06:26:41.175103+00:00,True
http://games-ayxbet.com,games-ayxbet.com,keyword_match,39,LOW,True,2026-07-23 19:32:29.955361+00:00,True
http://mosbetcasino.top,mosbetcasino.top,keyword_match,33,LOW,True,2026-07-26 13:41:05.961075+00:00,True
http://1xbet-qunt.top,1xbet-qunt.top,keyword_match,28,LOW,False,2026-07-25 20:58:59.055377+00:00,True
http://wxbet88.site,wxbet88.site,keyword_match,26,LOW,False,2026-07-25 22:38:51.505852+00:00,True
http://vavada-official1288.buzz,vavada-official1288.buzz,keyword_match,44,MEDIUM,False,2026-07-24 23:29:05.774786+00:00,True
http://onlinecasino-nodepositbonus.ca,onlinecasino-nodepositbonus.ca,keyword_match,30,LOW,True,2026-07-24 06:21:57.040076+00:00,True
http://magicjili.mobi,magicjili.mobi,keyword_match,29,LOW,False,2026-07-25 18:57:24.972394+00:00,True
http://autoconfig.7xbet.onl,autoconfig.7xbet.onl,keyword_match,22,LOW,False,2026-07-24 14:36:02.093708+00:00,True
http://m.jojobet-yeniseri.icu,m.jojobet-yeniseri.icu,keyword_match,28,LOW,False,2026-07-24 23:21:18.348878+00:00,True
http://melbet-beninapk.org,melbet-beninapk.org,keyword_match,49,MEDIUM,True,2026-07-26 11:26:40.978703+00:00,True
http://oxibetcasino-ca.com,oxibetcasino-ca.com,keyword_match,33,LOW,False,2026-07-25 05:35:46.252443+00:00,True
http://nora.inhumanpinco.com,nora.inhumanpinco.com,keyword_match,34,LOW,False,2026-07-25 22:36:32.225925+00:00,True
http://1xbet-36518.ru,1xbet-36518.ru,keyword_match,59,MEDIUM,True,2026-07-26 11:29:00.491080+00:00,True
http://zotabetcasino-ch.eu.com,zotabetcasino-ch.eu.com,keyword_match,25,LOW,True,2026-07-23 16:44:40.822788+00:00,True
http://betjililogin.org,betjililogin.org,keyword_match,23,LOW,False,2026-07-25 07:16:00.701468+00:00,True
http://mymagicjili.com,mymagicjili.com,keyword_match,20,LOW,False,2026-07-26 05:37:58.497406+00:00,True
http://jilikk-me.pages.dev,jilikk-me.pages.dev,keyword_match,26,LOW,False,2026-07-26 01:22:19.141965+00:00,True
http://www.slotlioncasino.nu.nitrowincasino.nu,www.slotlioncasino.nu.nitrowincasino.nu,keyword_match,32,LOW,False,2026-07-25 08:25:23.715349+00:00,True
http://vulkanspiele-casino.pages.dev,vulkanspiele-casino.pages.dev,keyword_match,30,LOW,False,2026-07-25 18:26:22.055649+00:00,True
http://8xbet.nz,8xbet.nz,keyword_match,33,LOW,False,2026-07-25 05:26:19.098444+00:00,True
http://www.ecpincorporatedreviews.com,www.ecpincorporatedreviews.com,keyword_match,27,LOW,False,2026-07-24 21:39:41.493527+00:00,True
http://mail-eu-sit.hennipincounty.net,mail-eu-sit.hennipincounty.net,keyword_match,45,MEDIUM,False,2026-07-25 18:34:57.350657+00:00,True
http://sso.1xbet-orbm.top,sso.1xbet-orbm.top,keyword_match,30,LOW,False,2026-07-25 19:02:16.165950+00:00,True
http://jojobet-guncelseri.icu,jojobet-guncelseri.icu,keyword_match,39,LOW,False,2026-07-25 01:35:36.287796+00:00,True
http://onlinecasinogratisspins.nl,onlinecasinogratisspins.nl,keyword_match,43,MEDIUM,False,2026-07-26 07:21:52.103821+00:00,True
http://8xbetvn.me,8xbetvn.me,keyword_match,36,LOW,False,2026-07-25 06:47:59.276163+00:00,True
http://mostbet44719.online,mostbet44719.online,keyword_match,50,MEDIUM,False,2026-07-25 16:27:10.388503+00:00,True
http://praxisadjili.de,praxisadjili.de,keyword_match,29,LOW,True,2026-07-23 21:42:45.518727+00:00,True
http://8xbet.gdn,8xbet.gdn,keyword_match,27,LOW,False,2026-07-24 17:24:00.280335+00:00,True
http://onlinecasinorealmoney-com-gr.pages.dev,onlinecasinorealmoney-com-gr.pages.dev,keyword_match,48,MEDIUM,False,2026-07-25 09:27:50.477734+00:00,True
http://sportbetcasino.de.com,sportbetcasino.de.com,keyword_match,25,LOW,False,2026-07-24 14:58:25.718403+00:00,True
http://kinbetcasinoonline24.de,kinbetcasinoonline24.de,keyword_match,37,LOW,False,2026-07-24 16:56:22.073309+00:00,True
http://1xbet-45826.ru,1xbet-45826.ru,keyword_match,58,MEDIUM,True,2026-07-26 11:27:38.853525+00:00,True
http://hennepincountylibrary.com,hennepincountylibrary.com,keyword_match,44,MEDIUM,False,2026-07-25 18:37:27.642375+00:00,True
http://www.melbetthailand.org,www.melbetthailand.org,keyword_match,28,LOW,False,2026-07-25 21:11:51.991607+00:00,True
http://www.jili.com.au,www.jili.com.au,keyword_match,28,LOW,False,2026-07-26 00:38:36.300383+00:00,True
http://user.riobetcasino-kje.top,user.riobetcasino-kje.top,keyword_match,30,LOW,False,2026-07-24 11:31:08.899156+00:00,True
http://redlanearexbet-api-prod-bgsp.p4-gvlae63.com,redlanearexbet-api-prod-bgsp.p4-gvlae63.com,keyword_match,47,MEDIUM,False,2026-07-24 23:01:23.245562+00:00,True
http://eu3rm.melbet-kazino.top,eu3rm.melbet-kazino.top,keyword_match,23,LOW,False,2026-07-24 04:46:04.378634+00:00,True
http://1xbetappdownload-zambia.com,1xbetappdownload-zambia.com,keyword_match,41,MEDIUM,False,2026-07-25 02:32:31.157675+00:00,True
http://pinupforge.com,pinupforge.com,keyword_match,30,LOW,False,2026-07-25 22:15:46.149376+00:00,True
http://7xxbetapp.net,7xxbetapp.net,keyword_match,26,LOW,False,2026-07-26 05:39:16.158378+00:00,True
http://oursogo.melbet-slots.top,oursogo.melbet-slots.top,keyword_match,26,LOW,False,2026-07-25 01:59:20.371461+00:00,True
http://0xbet.hk,0xbet.hk,keyword_match,24,LOW,False,2026-07-25 23:10:58.341750+00:00,True
http://isturkcellteknolojiliderleribulusmasi.com,isturkcellteknolojiliderleribulusmasi.com,keyword_match,28,LOW,False,2026-07-25 23:33:44.497027+00:00,True
http://1xbet-ent15.top,1xbet-ent15.top,keyword_match,22,LOW,False,2026-07-24 17:17:12.504529+00:00,True
http://aze-pinco.com,aze-pinco.com,keyword_match,44,MEDIUM,False,2026-07-25 18:19:33.947609+00:00,True
http://www.jilill.se,www.jilill.se,keyword_match,37,LOW,False,2026-07-25 15:00:24.173469+00:00,True
http://accounts.1xbet-gsei.top,accounts.1xbet-gsei.top,keyword_match,33,LOW,False,2026-07-25 04:17:43.939388+00:00,True
http://vip85x.com,vip85x.com,keyword_match,33,LOW,True,2026-07-24 05:55:38.803606+00:00,True
http://freeinternshipincoimbatore.in,freeinternshipincoimbatore.in,keyword_match,24,LOW,False,2026-07-24 12:25:05.890878+00:00,True
http://1xbet-axc.top,1xbet-axc.top,keyword_match,19,BENIGN,False,2026-07-25 23:42:40.118503+00:00,True
http://saradapinup.com,saradapinup.com,keyword_match,42,MEDIUM,False,2026-07-25 11:02:50.592554+00:00,True
http://spincoinrush.site,spincoinrush.site,keyword_match,28,LOW,False,2026-07-24 12:24:24.600117+00:00,True
http://doxxbet.co,doxxbet.co,keyword_match,42,MEDIUM,True,2026-07-26 13:40:18.191574+00:00,True
http://luckybetcasino-cz-org-3c65ddb3.pages.dev,luckybetcasino-cz-org-3c65ddb3.pages.dev,keyword_match,56,MEDIUM,False,2026-07-24 22:53:20.227223+00:00,True
http://www.leonbets-casino-a5hc.buzz,www.leonbets-casino-a5hc.buzz,keyword_match,44,MEDIUM,False,2026-07-24 10:49:38.145365+00:00,True
http://melbet-4378.pro,melbet-4378.pro,keyword_match,38,LOW,False,2026-07-24 19:53:19.880412+00:00,True
http://www.casinomaxi9109.com,www.casinomaxi9109.com,keyword_match,43,MEDIUM,False,2026-07-26 08:39:49.480447+00:00,True
http://mostbetapk.int.in,mostbetapk.int.in,keyword_match,22,LOW,False,2026-07-24 18:35:57.502636+00:00,True
http://casabetcasino.pl,casabetcasino.pl,keyword_match,33,LOW,True,2026-07-24 10:11:46.847302+00:00,True
http://doxxbet.club,doxxbet.club,keyword_match,26,LOW,True,2026-07-24 09:49:52.608390+00:00,True
http://qqjiliqq.com,qqjiliqq.com,keyword_match,20,LOW,True,2026-07-23 18:55:49.749964+00:00,True
http://accounts.1xbet-egji.top,accounts.1xbet-egji.top,keyword_match,33,LOW,False,2026-07-25 12:48:41.348432+00:00,True
http://ipincode.in,ipincode.in,keyword_match,26,LOW,False,2026-07-25 07:00:30.802031+00:00,True
http://1.xx5133xx.cc,1.xx5133xx.cc,keyword_match,48,MEDIUM,True,2026-07-26 13:23:48.780587+00:00,True
http://mamabetcasino.io,mamabetcasino.io,keyword_match,32,LOW,True,2026-07-24 06:52:13.775434+00:00,True
http://pincodepro1.pagex.in,pincodepro1.pagex.in,keyword_match,19,BENIGN,False,2026-07-24 11:36:04.217429+00:00,True
http://spinup-7.votepro.org,spinup-7.votepro.org,keyword_match,34,LOW,True,2026-07-23 17:01:49.355169+00:00,True
http://signup.riobetcasino-poo.top,signup.riobetcasino-poo.top,keyword_match,33,LOW,False,2026-07-24 19:54:37.946841+00:00,True
http://grato-wincasino.it.com,grato-wincasino.it.com,keyword_match,32,LOW,False,2026-07-25 15:22:29.293105+00:00,True
http://pinup-casinocolombia.com.co,pinup-casinocolombia.com.co,keyword_match,40,MEDIUM,False,2026-07-26 05:50:31.720751+00:00,True
http://1xbet-f4wv.top,1xbet-f4wv.top,keyword_match,18,BENIGN,False,2026-07-26 00:35:25.536482+00:00,True
http://happyxbetz.life,happyxbetz.life,keyword_match,39,LOW,False,2026-07-25 04:36:09.357545+00:00,True
http://sso.1xbet-lsrp.top,sso.1xbet-lsrp.top,keyword_match,33,LOW,False,2026-07-25 20:36:58.192086+00:00,True
http://www.findpincode.delhibazar.online,www.findpincode.delhibazar.online,keyword_match,38,LOW,False,2026-07-26 08:53:27.686735+00:00,True
http://sicheresonlinecasino.org,sicheresonlinecasino.org,keyword_match,20,LOW,True,2026-07-24 07:43:14.039597+00:00,True
http://crossbrand-melbet-multigeo-pinco-az.pages.dev,crossbrand-melbet-multigeo-pinco-az.pages.dev,keyword_match,55,MEDIUM,True,2026-07-24 05:18:27.368968+00:00,True
http://internacional-1xbet.click,internacional-1xbet.click,keyword_match,34,LOW,True,2026-07-24 07:38:15.273649+00:00,True
http://mostbetxo.online,mostbetxo.online,keyword_match,24,LOW,False,2026-07-24 17:24:57.484068+00:00,True
http://vavada-9z7d.buzz,vavada-9z7d.buzz,keyword_match,36,LOW,False,2026-07-25 21:40:26.255371+00:00,True
http://melbet-bdon-filter.com,melbet-bdon-filter.com,keyword_match,36,LOW,False,2026-07-24 11:32:41.131512+00:00,True
http://betmgmonlinecasino.net,betmgmonlinecasino.net,keyword_match,26,LOW,False,2026-07-26 05:33:43.406017+00:00,True
http://betwayxihanmulianguanwangk.cn,betwayxihanmulianguanwangk.cn,keyword_match,23,LOW,False,2026-07-26 02:45:13.836842+00:00,True
http://pinup-uz-kirish.com,pinup-uz-kirish.com,keyword_match,39,LOW,False,2026-07-24 20:18:34.549382+00:00,True
http://account.1xbet-ebud.top,account.1xbet-ebud.top,keyword_match,33,LOW,False,2026-07-25 03:10:39.292344+00:00,True
http://ww16.game.russianvulkan-slots.com,ww16.game.russianvulkan-slots.com,keyword_match,41,MEDIUM,True,2026-07-23 17:35:18.698191+00:00,True
http://wxbet88.world,wxbet88.world,keyword_match,43,MEDIUM,False,2026-07-25 04:29:37.854375+00:00,True
http://ivybetcasino-fr.pages.dev,ivybetcasino-fr.pages.dev,keyword_match,49,MEDIUM,True,2026-07-26 13:47:52.601104+00:00,True
http://8xbet-banca.pages.dev,8xbet-banca.pages.dev,keyword_match,38,LOW,True,2026-07-26 13:26:20.752419+00:00,True
http://web-1xbet.xyz,web-1xbet.xyz,keyword_match,23,LOW,False,2026-07-24 05:02:25.348413+00:00,True
http://autoankauf-vulkaneifel.top,autoankauf-vulkaneifel.top,keyword_match,17,BENIGN,False,2026-07-25 11:26:28.329478+00:00,True
http://www.mostbet-np.co,www.mostbet-np.co,keyword_match,36,LOW,True,2026-07-23 22:57:22.977428+00:00,True
http://ezyxbet.pages.dev,ezyxbet.pages.dev,keyword_match,30,LOW,True,2026-07-24 02:15:06.038803+00:00,True
http://jilistormgame.com,jilistormgame.com,keyword_match,39,LOW,False,2026-07-24 16:39:08.203546+00:00,True
http://account.riobetcasino-kje.top,account.riobetcasino-kje.top,keyword_match,30,LOW,False,2026-07-24 19:13:40.614452+00:00,True
http://www.1xbet-webs-kaiyun.bet,www.1xbet-webs-kaiyun.bet,keyword_match,37,LOW,True,2026-07-24 03:48:06.579597+00:00,True
http://alevcasino022.com,alevcasino022.com,keyword_match,48,MEDIUM,False,2026-07-23 15:30:25.673814+00:00,True
http://r9xbet.win,r9xbet.win,keyword_match,23,LOW,False,2026-07-25 00:35:54.610156+00:00,True
http://user.1xbet-gsei.top,user.1xbet-gsei.top,keyword_match,30,LOW,True,2026-07-23 16:20:05.737596+00:00,True
http://jojobet-mobilseri.icu,jojobet-mobilseri.icu,keyword_match,28,LOW,False,2026-07-25 10:55:45.454848+00:00,True
http://jiliqicheduoshaoqian.com.cn,jiliqicheduoshaoqian.com.cn,keyword_match,18,BENIGN,False,2026-07-25 04:33:22.386406+00:00,True
http://staging.dx-ye1xbetmix.site,staging.dx-ye1xbetmix.site,keyword_match,38,LOW,False,2026-07-25 18:04:07.000472+00:00,True
http://www.vulkanus-company.com,www.vulkanus-company.com,keyword_match,23,LOW,False,2026-07-26 06:39:59.606642+00:00,True
http://jamelbethanyb7j5u.pages.dev,jamelbethanyb7j5u.pages.dev,keyword_match,47,MEDIUM,False,2026-07-25 00:54:30.836223+00:00,True
http://magicjili2025.com,magicjili2025.com,keyword_match,39,LOW,False,2026-07-25 19:01:12.059391+00:00,True
http://1xbet-kutq.top,1xbet-kutq.top,keyword_match,33,LOW,False,2026-07-25 21:28:25.923689+00:00,True
http://sportbetcasinoespana.com,sportbetcasinoespana.com,keyword_match,29,LOW,False,2026-07-25 15:56:19.003112+00:00,True
http://www.tipobetguncel-giris.org,www.tipobetguncel-giris.org,keyword_match,31,LOW,False,2026-07-24 20:32:10.195428+00:00,True
http://www.onlinecasinosnews.info,www.onlinecasinosnews.info,keyword_match,38,LOW,False,2026-07-24 23:40:10.912964+00:00,True
http://m.casinomaxi8007.com,m.casinomaxi8007.com,keyword_match,38,LOW,False,2026-07-26 07:58:20.653436+00:00,True
http://allcourses-club-zerkalo.space,allcourses-club-zerkalo.space,keyword_match,35,LOW,False,2026-07-25 21:54:20.200406+00:00,True
http://www.bestonlinecasinos.hu,www.bestonlinecasinos.hu,keyword_match,31,LOW,False,2026-07-24 14:08:19.126346+00:00,True
http://upinconsultingcom.kinsta.cloud,upinconsultingcom.kinsta.cloud,keyword_match,30,LOW,False,2026-07-25 03:48:05.763454+00:00,True
http://jilivsklub.com,jilivsklub.com,keyword_match,20,LOW,False,2026-07-25 19:12:28.048338+00:00,True
http://jiliphgo.shop,jiliphgo.shop,keyword_match,55,MEDIUM,True,2026-07-26 13:47:34.372855+00:00,True
http://bd1xbetbangladesh.com,bd1xbetbangladesh.com,keyword_match,23,LOW,True,2026-07-24 07:05:45.993859+00:00,True
http://tr.kralbetguncelitr.vip,tr.kralbetguncelitr.vip,keyword_match,39,LOW,False,2026-07-24 05:28:06.935354+00:00,True
http://account.riobetcasino-qer.top,account.riobetcasino-qer.top,keyword_match,30,LOW,True,2026-07-24 06:10:25.052133+00:00,True
http://zodiacbetcasino.de.com,zodiacbetcasino.de.com,keyword_match,25,LOW,False,2026-07-25 20:57:00.067406+00:00,True
http://bingo.casinomaxi9109.com,bingo.casinomaxi9109.com,keyword_match,43,MEDIUM,False,2026-07-25 19:49:19.808559+00:00,True
http://www.vavadadep5.com,www.vavadadep5.com,keyword_match,36,LOW,False,2026-07-24 20:15:16.146436+00:00,True
http://onlinecasinos-singapore-ink.pages.dev,onlinecasinos-singapore-ink.pages.dev,keyword_match,45,MEDIUM,False,2026-07-25 22:38:50.434909+00:00,True
http://farkbetguncel.com,farkbetguncel.com,keyword_match,30,LOW,False,2026-07-25 11:16:18.590660+00:00,True
http://39jiliwin.com,39jiliwin.com,keyword_match,31,LOW,True,2026-07-23 22:53:02.923368+00:00,True
http://riobetcasino-ver.top,riobetcasino-ver.top,keyword_match,33,LOW,False,2026-07-25 08:20:49.169191+00:00,True
http://ph-jiliace.com,ph-jiliace.com,keyword_match,41,MEDIUM,False,2026-07-25 00:33:14.014528+00:00,True
http://1xbet-apk-bd.com,1xbet-apk-bd.com,keyword_match,37,LOW,False,2026-07-26 06:32:19.401462+00:00,True
http://vavadashablon1.com,vavadashablon1.com,keyword_match,31,LOW,True,2026-07-24 09:58:15.186834+00:00,True
http://account.1xbet-stx.top,account.1xbet-stx.top,keyword_match,34,LOW,False,2026-07-24 03:15:41.397992+00:00,True
http://1wincasino.ci,1wincasino.ci,keyword_match,36,LOW,False,2026-07-25 07:49:52.660550+00:00,True
http://7betway.com,7betway.com,keyword_match,18,BENIGN,False,2026-07-25 00:56:17.424410+00:00,True
http://4x4-betway.click,4x4-betway.click,keyword_match,41,MEDIUM,False,2026-07-25 23:49:22.936770+00:00,True
http://rainbetcasino-ch.eu.com,rainbetcasino-ch.eu.com,keyword_match,28,LOW,False,2026-07-25 09:02:02.095646+00:00,True
http://neobetcasino.de.com,neobetcasino.de.com,keyword_match,25,LOW,False,2026-07-24 15:00:21.457529+00:00,True
http://www.appmelbet-venezuela.com,www.appmelbet-venezuela.com,keyword_match,28,LOW,False,2026-07-26 03:03:47.422797+00:00,True
http://ace4wincasinoapp.pages.dev,ace4wincasinoapp.pages.dev,keyword_match,23,LOW,False,2026-07-24 20:07:05.900432+00:00,True
http://mostbet.srda.buzz,mostbet.srda.buzz,keyword_match,34,LOW,False,2026-07-25 08:03:25.973256+00:00,True
http://oauth.1xbet-daf.top,oauth.1xbet-daf.top,keyword_match,28,LOW,True,2026-07-24 01:39:14.236551+00:00,True
http://www.1xbet-ig0t.top,www.1xbet-ig0t.top,keyword_match,26,LOW,False,2026-07-26 01:19:12.945430+00:00,True
http://1xbet-se.se,1xbet-se.se,keyword_match,26,LOW,False,2026-07-24 18:18:09.194961+00:00,True
http://www.vulkanlabor.de,www.vulkanlabor.de,keyword_match,28,LOW,False,2026-07-26 04:30:09.540811+00:00,True
http://vulkanclub-official.com,vulkanclub-official.com,keyword_match,40,MEDIUM,False,2026-07-24 12:38:45.977105+00:00,True
http://nominispins.com,nominispins.com,keyword_match,17,BENIGN,True,2026-07-24 05:41:54.958086+00:00,True
http://vulkanru.org,vulkanru.org,keyword_match,19,BENIGN,False,2026-07-25 13:40:15.366479+00:00,True
http://tr.madridbet-casino.com,tr.madridbet-casino.com,keyword_match,28,LOW,False,2026-07-25 07:34:09.503536+00:00,True
http://librabetcasino.de.com,librabetcasino.de.com,keyword_match,25,LOW,False,2026-07-25 16:44:40.654903+00:00,True
http://www.ozwincasinos-australia.net,www.ozwincasinos-australia.net,keyword_match,38,LOW,False,2026-07-25 18:56:23.346451+00:00,True
http://melbet.dagdiplom.ru,melbet.dagdiplom.ru,keyword_match,25,LOW,False,2026-07-25 23:58:13.293406+00:00,True
http://vulkanvegastr.pages.dev,vulkanvegastr.pages.dev,keyword_match,38,LOW,True,2026-07-26 13:39:43.871506+00:00,True
http://vavada-play-pl.com,vavada-play-pl.com,keyword_match,46,MEDIUM,True,2026-07-24 04:31:42.396396+00:00,True
http://www.carnivalpinup.christinadownen.com,www.carnivalpinup.christinadownen.com,keyword_match,34,LOW,False,2026-07-25 16:31:52.764886+00:00,True
http://depincore.xyz,depincore.xyz,keyword_match,29,LOW,False,2026-07-25 14:33:13.376874+00:00,True
http://onlinecasino-todoensanche-com-7090279e.pages.dev,onlinecasino-todoensanche-com-7090279e.pages.dev,keyword_match,72,HIGH,True,2026-07-26 13:31:07.155110+00:00,True
http://wwwjili21.com,wwwjili21.com,keyword_match,34,LOW,False,2026-07-25 04:18:23.423648+00:00,True
http://slotmaxwincasino.pages.dev,slotmaxwincasino.pages.dev,keyword_match,26,LOW,False,2026-07-25 23:45:47.813446+00:00,True
http://mostbets-apk.cz,mostbets-apk.cz,keyword_match,30,LOW,False,2026-07-26 06:00:09.873578+00:00,True
http://felicebetcasino-at.com,felicebetcasino-at.com,keyword_match,22,LOW,False,2026-07-26 02:58:05.567040+00:00,True
http://1xbet-vi5s.top,1xbet-vi5s.top,keyword_match,18,BENIGN,False,2026-07-25 23:21:41.030387+00:00,True
http://pinco.vhod420.casino,pinco.vhod420.casino,keyword_match,31,LOW,False,2026-07-25 11:15:21.520722+00:00,True
http://daznbetcasino.eu.com,daznbetcasino.eu.com,keyword_match,29,LOW,False,2026-07-24 10:28:28.396512+00:00,True
http://1xbet-hc.org,1xbet-hc.org,keyword_match,23,LOW,False,2026-07-25 21:54:10.929493+00:00,True
http://console.1xbet-ag8.xyz,console.1xbet-ag8.xyz,keyword_match,47,MEDIUM,False,2026-07-25 08:00:32.350541+00:00,True
http://jilivc.com,jilivc.com,keyword_match,26,LOW,False,2026-07-25 16:34:01.751290+00:00,True
http://max90jili.com,max90jili.com,keyword_match,35,LOW,False,2026-07-24 10:42:18.151615+00:00,True
http://www.707jili.info,www.707jili.info,keyword_match,31,LOW,False,2026-07-25 21:18:57.405306+00:00,True
http://app.celticbetgunceladres.site,app.celticbetgunceladres.site,keyword_match,28,LOW,False,2026-07-25 23:57:43.016542+00:00,True
http://slot-santas-great-gifts-pinco.pu550ev.com,slot-santas-great-gifts-pinco.pu550ev.com,keyword_match,74,HIGH,True,2026-07-26 13:08:32.235563+00:00,True
http://www.donaldpincott.com,www.donaldpincott.com,keyword_match,34,LOW,True,2026-07-24 09:16:30.493794+00:00,True
http://30-nyxbets-6.com,30-nyxbets-6.com,keyword_match,47,MEDIUM,True,2026-07-26 11:32:57.775144+00:00,True
http://jojobetgiris7.com,jojobetgiris7.com,keyword_match,40,MEDIUM,True,2026-07-24 04:20:18.527166+00:00,True
http://jiliokklub.com,jiliokklub.com,keyword_match,41,MEDIUM,False,2026-07-26 07:21:29.144035+00:00,True
http://kingbillywincasino-au.com,kingbillywincasino-au.com,keyword_match,39,LOW,False,2026-07-26 04:32:03.883940+00:00,True
http://www.fun-betcasino.com,www.fun-betcasino.com,keyword_match,24,LOW,False,2026-07-26 03:32:16.531806+00:00,True
http://602vulkanvegas838.com,602vulkanvegas838.com,keyword_match,67,HIGH,True,2026-07-26 11:46:16.447653+00:00,True
http://riobetcasino-bjx.top,riobetcasino-bjx.top,keyword_match,28,LOW,False,2026-07-25 21:24:05.291443+00:00,True
http://pokerdomino.goldwin678.art,pokerdomino.goldwin678.art,keyword_match,46,MEDIUM,False,2026-07-24 12:06:45.961070+00:00,True
http://bet-jyjili.com,bet-jyjili.com,keyword_match,50,MEDIUM,False,2026-07-25 03:12:43.546360+00:00,True
http://maxbetwin-cz.com,maxbetwin-cz.com,keyword_match,39,LOW,True,2026-07-24 03:48:22.680680+00:00,True
http://pinups64.top,pinups64.top,keyword_match,27,LOW,False,2026-07-25 10:37:59.576210+00:00,True
http://slot999jili.com,slot999jili.com,keyword_match,39,LOW,False,2026-07-25 14:12:01.140630+00:00,True
http://jilimm.com,jilimm.com,keyword_match,33,LOW,False,2026-07-25 00:37:19.565531+00:00,True
http://signin.1xbet-bend.top,signin.1xbet-bend.top,keyword_match,31,LOW,False,2026-07-25 22:05:37.850468+00:00,True
http://8xbet15.vip,8xbet15.vip,keyword_match,24,LOW,False,2026-07-25 07:05:59.560786+00:00,True
http://jili777games.com,jili777games.com,keyword_match,39,LOW,False,2026-07-26 00:08:32.949987+00:00,True
http://jili08.app,jili08.app,keyword_match,24,LOW,False,2026-07-25 18:42:39.441420+00:00,True
http://www.1xbet-e5ny.top,www.1xbet-e5ny.top,keyword_match,26,LOW,False,2026-07-25 22:58:20.392460+00:00,True
http://www.vuduqijilivine.lol,www.vuduqijilivine.lol,keyword_match,32,LOW,False,2026-07-25 08:41:48.895282+00:00,True
http://www.onlinecasinosgd.com,www.onlinecasinosgd.com,keyword_match,32,LOW,False,2026-07-24 19:07:19.808650+00:00,True
http://neymaronlinecasino.us.com,neymaronlinecasino.us.com,keyword_match,31,LOW,False,2026-07-24 23:42:59.960806+00:00,True
http://tai8xbet.com,tai8xbet.com,keyword_match,30,LOW,False,2026-07-24 14:41:52.981983+00:00,True
http://accounts.1xbet-m.club,accounts.1xbet-m.club,keyword_match,41,MEDIUM,False,2026-07-25 00:04:23.162615+00:00,True
http://joycasino-sth.top,joycasino-sth.top,keyword_match,28,LOW,False,2026-07-25 20:59:18.322134+00:00,True
http://1xbet-oyzq.top,1xbet-oyzq.top,keyword_match,28,LOW,False,2026-07-26 00:09:48.522450+00:00,True
http://casinopinup.ec,casinopinup.ec,keyword_match,39,LOW,False,2026-07-25 18:04:28.913448+00:00,True
http://49jililogincasino.com,49jililogincasino.com,keyword_match,40,MEDIUM,True,2026-07-23 21:42:22.062529+00:00,True
http://8xbetnet.club,8xbetnet.club,keyword_match,28,LOW,False,2026-07-25 22:22:48.065383+00:00,True
http://pinco-kazino-1-ink-bff39dfa.pages.dev,pinco-kazino-1-ink-bff39dfa.pages.dev,keyword_match,54,MEDIUM,False,2026-07-25 09:38:31.334435+00:00,True
http://vavada-casinopl.ink,vavada-casinopl.ink,keyword_match,39,LOW,False,2026-07-26 03:25:08.875673+00:00,True
http://www.betwayesportsb.com,www.betwayesportsb.com,keyword_match,27,LOW,False,2026-07-25 04:39:19.035559+00:00,True
http://www.spincomobil.online,www.spincomobil.online,keyword_match,38,LOW,False,2026-07-25 14:30:42.605488+00:00,True
http://accounts.vavada-cvx.top,accounts.vavada-cvx.top,keyword_match,30,LOW,False,2026-07-24 21:11:32.901320+00:00,True
http://betjili68.net,betjili68.net,keyword_match,51,MEDIUM,False,2026-07-24 01:59:19.249893+00:00,True
http://onlinecasinotrusted.gr,onlinecasinotrusted.gr,keyword_match,43,MEDIUM,False,2026-07-24 23:52:51.549359+00:00,True
http://jilivn88.com,jilivn88.com,keyword_match,31,LOW,False,2026-07-25 05:55:16.990458+00:00,True
http://binnarybetcasino-ch-43967.pages.dev,binnarybetcasino-ch-43967.pages.dev,keyword_match,46,MEDIUM,True,2026-07-24 02:32:03.200455+00:00,True
http://bingo.casinometropol1008.com,bingo.casinometropol1008.com,keyword_match,40,MEDIUM,False,2026-07-24 16:18:31.262468+00:00,True
http://pgjili12345.com,pgjili12345.com,keyword_match,37,LOW,False,2026-07-24 20:23:01.037380+00:00,True
http://pincoslotstr.net,pincoslotstr.net,keyword_match,31,LOW,False,2026-07-24 17:03:07.982659+00:00,True
http://olivebranchletters.com,olivebranchletters.com,keyword_match,13,BENIGN,False,2026-07-25 22:10:01.820005+00:00,True
http://ajilimotampa.com,ajilimotampa.com,keyword_match,21,LOW,False,2026-07-26 00:05:16.998922+00:00,True
http://iraq-melbet-github.pages.dev,iraq-melbet-github.pages.dev,keyword_match,42,MEDIUM,True,2026-07-24 06:30:10.999421+00:00,True
http://onlinecasino-3.pages.dev,onlinecasino-3.pages.dev,keyword_match,26,LOW,True,2026-07-24 08:02:32.410396+00:00,True
http://jili22.club,jili22.club,keyword_match,24,LOW,False,2026-07-24 21:24:28.458879+00:00,True
http://betfurybetcasino.com,betfurybetcasino.com,keyword_match,26,LOW,True,2026-07-23 20:05:26.957561+00:00,True
http://www.spdfraktion-vulkaneifel.de,www.spdfraktion-vulkaneifel.de,keyword_match,53,MEDIUM,True,2026-07-26 13:18:39.037061+00:00,True
http://dachbetcasino-fi.eu.com,dachbetcasino-fi.eu.com,keyword_match,25,LOW,False,2026-07-24 16:29:50.788375+00:00,True
http://vulkankaszino.com,vulkankaszino.com,keyword_match,28,LOW,False,2026-07-24 14:40:17.291563+00:00,True
http://707jili.info,707jili.info,keyword_match,25,LOW,False,2026-07-25 21:19:03.982577+00:00,True
http://guncel-giris-adresi.live,guncel-giris-adresi.live,keyword_match,48,MEDIUM,False,2026-07-24 23:30:36.409559+00:00,True
http://xbet50.com,xbet50.com,keyword_match,18,BENIGN,False,2026-07-24 18:41:38.300857+00:00,True
http://fatbetcasinoaus.net,fatbetcasinoaus.net,keyword_match,37,LOW,False,2026-07-24 11:00:16.673595+00:00,True
http://amunracasino-si.pages.dev,amunracasino-si.pages.dev,keyword_match,26,LOW,False,2026-07-26 06:54:39.705596+00:00,True
http://lakiwincasino.com,lakiwincasino.com,keyword_match,24,LOW,False,2026-07-24 14:09:46.194497+00:00,True
http://ypjiligo.com,ypjiligo.com,keyword_match,20,LOW,False,2026-07-25 09:03:19.077703+00:00,True
http://jili1001.com,jili1001.com,keyword_match,27,LOW,False,2026-07-25 05:52:46.893898+00:00,True
http://livefootball-1xbet.lat,livefootball-1xbet.lat,keyword_match,34,LOW,False,2026-07-24 21:05:08.885149+00:00,True
http://login.wincasinoapk.com,login.wincasinoapk.com,keyword_match,34,LOW,False,2026-07-25 17:15:26.862346+00:00,True
http://melbet1300.buzz,melbet1300.buzz,keyword_match,41,MEDIUM,False,2026-07-26 01:33:21.881522+00:00,True
http://vavada-1639.top,vavada-1639.top,keyword_match,20,LOW,False,2026-07-24 12:18:13.484570+00:00,True
http://cybetcasino.de,cybetcasino.de,keyword_match,28,LOW,True,2026-07-24 00:01:33.581405+00:00,True
http://irwincasinologin.de,irwincasinologin.de,keyword_match,24,LOW,False,2026-07-25 12:04:51.896224+00:00,True
http://www.pinup.traedawn.com,www.pinup.traedawn.com,keyword_match,34,LOW,True,2026-07-24 02:32:42.695448+00:00,True
http://vulkan-vegas-651.pl,vulkan-vegas-651.pl,keyword_match,41,MEDIUM,True,2026-07-24 04:14:18.828396+00:00,True
http://betwayesportsb.com,betwayesportsb.com,keyword_match,27,LOW,False,2026-07-25 04:39:16.935034+00:00,True
http://onlinecasinoexoterikou-com-gr.pages.dev,onlinecasinoexoterikou-com-gr.pages.dev,keyword_match,49,MEDIUM,False,2026-07-26 07:49:43.787454+00:00,True
http://form-gates-of-olympus-sfx-pinco-tr.pu550ev.com,form-gates-of-olympus-sfx-pinco-tr.pu550ev.com,keyword_match,70,HIGH,True,2026-07-26 12:55:26.203747+00:00,True
http://www.jilievo-game.com,www.jilievo-game.com,keyword_match,28,LOW,False,2026-07-26 01:43:36.518909+00:00,True
http://www.emilyobyrne.h3betcasinos.com,www.emilyobyrne.h3betcasinos.com,keyword_match,38,LOW,False,2026-07-25 19:31:37.089936+00:00,True
http://onbetcasino.world,onbetcasino.world,keyword_match,34,LOW,True,2026-07-24 05:18:20.565585+00:00,True
http://www.casino-pinup-official.online,www.casino-pinup-official.online,keyword_match,45,MEDIUM,True,2026-07-26 11:05:08.489514+00:00,True
http://19jiliwin.com,19jiliwin.com,keyword_match,31,LOW,True,2026-07-23 22:50:47.211469+00:00,True
http://mostbetczech-club.cz,mostbetczech-club.cz,keyword_match,42,MEDIUM,True,2026-07-26 12:13:26.494223+00:00,True
http://pinupcasino880fs.buzz,pinupcasino880fs.buzz,keyword_match,42,MEDIUM,True,2026-07-24 03:53:32.463381+00:00,True
http://pinupskachat.kz,pinupskachat.kz,keyword_match,25,LOW,False,2026-07-26 04:00:47.836702+00:00,True
http://pinupaz2024.online,pinupaz2024.online,keyword_match,38,LOW,False,2026-07-25 13:04:50.504428+00:00,True
http://demetra.melbet-kazino.top,demetra.melbet-kazino.top,keyword_match,23,LOW,False,2026-07-24 04:45:09.917917+00:00,True
http://appjilibeett.com,appjilibeett.com,keyword_match,24,LOW,False,2026-07-24 12:28:36.095577+00:00,True
http://1xbet-3abber-com.pages.dev,1xbet-3abber-com.pages.dev,keyword_match,45,MEDIUM,True,2026-07-23 18:44:27.192709+00:00,True
http://jiliwin789.com,jiliwin789.com,keyword_match,29,LOW,False,2026-07-24 13:45:58.936493+00:00,True
http://axbetcasino.fr,axbetcasino.fr,keyword_match,35,LOW,True,2026-07-24 07:18:48.811658+00:00,True
http://www.mostbet-casinos-pl.org,www.mostbet-casinos-pl.org,keyword_match,44,MEDIUM,False,2026-07-24 14:22:42.022074+00:00,True
http://1xbet-87462.ru,1xbet-87462.ru,keyword_match,58,MEDIUM,True,2026-07-26 11:30:09.450059+00:00,True
http://vulkanvegas.co.no,vulkanvegas.co.no,keyword_match,44,MEDIUM,True,2026-07-26 12:39:59.783739+00:00,True
http://i7betcasino-org.pages.dev,i7betcasino-org.pages.dev,keyword_match,52,MEDIUM,True,2026-07-26 10:49:46.046672+00:00,True
http://www.guncelxslotgiris.com,www.guncelxslotgiris.com,keyword_match,32,LOW,False,2026-07-24 11:03:21.271065+00:00,True
http://jilipeso.vip,jilipeso.vip,keyword_match,26,LOW,False,2026-07-25 06:25:35.727894+00:00,True
http://pxxbet.reciclaxgemverdebrasil.com,pxxbet.reciclaxgemverdebrasil.com,keyword_match,26,LOW,False,2026-07-26 00:14:29.397506+00:00,True
http://signin.riobetcasino-ppd.top,signin.riobetcasino-ppd.top,keyword_match,31,LOW,False,2026-07-24 05:29:17.026740+00:00,True
http://jilii1.com,jilii1.com,keyword_match,26,LOW,False,2026-07-25 17:35:00.438435+00:00,True
http://megapari.online,megapari.online,typosquat,63,HIGH,True,2026-07-26 14:02:01.135204+00:00,True
http://www.mostbet-official-site.org,www.mostbet-official-site.org,keyword_match,37,LOW,False,2026-07-26 05:14:32.572411+00:00,True
http://mostbetcasino.com.in,mostbetcasino.com.in,keyword_match,22,LOW,False,2026-07-25 04:10:31.955551+00:00,True
http://pokerdomz-officials-vip.shop,pokerdomz-officials-vip.shop,keyword_match,27,LOW,True,2026-07-24 10:24:40.455923+00:00,True
http://br-1xbet.com,br-1xbet.com,keyword_match,19,BENIGN,False,2026-07-25 06:51:56.294190+00:00,True
http://vip.222-pu.com,vip.222-pu.com,keyword_match,29,LOW,True,2026-07-24 05:55:41.437468+00:00,True
http://1xbetmasterr.shop,1xbetmasterr.shop,keyword_match,33,LOW,False,2026-07-24 11:24:50.282612+00:00,True
http://cnweb-betwaysports.com,cnweb-betwaysports.com,keyword_match,25,LOW,False,2026-07-26 02:13:38.360957+00:00,True
http://melbet-iraq.com,melbet-iraq.com,keyword_match,26,LOW,False,2026-07-25 11:36:20.403399+00:00,True
http://jjili1.com,jjili1.com,keyword_match,26,LOW,False,2026-07-25 05:50:41.026342+00:00,True
http://www.vulkanlabs.com,www.vulkanlabs.com,keyword_match,26,LOW,False,2026-07-26 00:10:13.225493+00:00,True
http://mostbet30562.online,mostbet30562.online,keyword_match,50,MEDIUM,False,2026-07-25 16:37:19.375497+00:00,True
http://www.yandex.kwid9.1xbet-egji.top,www.yandex.kwid9.1xbet-egji.top,keyword_match,36,LOW,False,2026-07-25 15:41:44.995994+00:00,True
http://jilitaka.top,jilitaka.top,keyword_match,23,LOW,False,2026-07-25 03:58:07.023557+00:00,True
http://1xbet-97246.ru,1xbet-97246.ru,keyword_match,58,MEDIUM,True,2026-07-26 11:35:33.782105+00:00,True
http://oauth.1xbet-life10.top,oauth.1xbet-life10.top,keyword_match,47,MEDIUM,False,2026-07-25 17:16:11.323660+00:00,True
http://www.pribetcasino.co.uk,www.pribetcasino.co.uk,keyword_match,41,MEDIUM,False,2026-07-25 19:36:35.649920+00:00,True
http://signup.1xbet-pnh.top,signup.1xbet-pnh.top,keyword_match,33,LOW,False,2026-07-25 11:10:14.861479+00:00,True
http://my.insurance.beta.yeniakit.com,my.insurance.beta.yeniakit.com,keyword_match,23,LOW,False,2026-07-24 13:25:42.481418+00:00,True
http://mail.vulkanprogrammingguide.com,mail.vulkanprogrammingguide.com,keyword_match,32,LOW,True,2026-07-23 17:57:27.594226+00:00,True
http://1xbetappbet.com,1xbetappbet.com,keyword_match,19,BENIGN,False,2026-07-25 09:19:27.282784+00:00,True
http://jiliaps.org,jiliaps.org,keyword_match,26,LOW,True,2026-07-24 09:42:29.256594+00:00,True
http://multigame-pinco-kg.pu550ev.com,multigame-pinco-kg.pu550ev.com,keyword_match,57,MEDIUM,True,2026-07-24 07:20:57.200057+00:00,True
http://alfcasino-9672.com,alfcasino-9672.com,keyword_match,41,MEDIUM,False,2026-07-24 20:20:28.622895+00:00,True
http://melbetcasino.global,melbetcasino.global,keyword_match,36,LOW,True,2026-07-23 16:38:17.032039+00:00,True
http://www.pinco79z.win,www.pinco79z.win,keyword_match,33,LOW,False,2026-07-25 18:42:11.757330+00:00,True
http://luckjili.com.ph,luckjili.com.ph,keyword_match,26,LOW,True,2026-07-24 06:17:40.623486+00:00,True
http://pokerdom-freeslots.shop,pokerdom-freeslots.shop,keyword_match,22,LOW,True,2026-07-23 21:01:52.825238+00:00,True
http://aibovip.com,aibovip.com,keyword_match,34,LOW,True,2026-07-23 15:28:41.959054+00:00,True
http://mostbet-winclub.cl,mostbet-winclub.cl,keyword_match,45,MEDIUM,True,2026-07-26 11:03:51.716789+00:00,True
http://signin.1xbet-guz.top,signin.1xbet-guz.top,keyword_match,30,LOW,False,2026-07-24 16:35:55.432205+00:00,True
http://admiralbetcasino.com.pl,admiralbetcasino.com.pl,keyword_match,26,LOW,False,2026-07-25 18:33:34.709928+00:00,True
http://pincoo-uz.com,pincoo-uz.com,keyword_match,38,LOW,False,2026-07-24 17:57:54.335401+00:00,True
http://fezbetcasinoplay-com.pages.dev,fezbetcasinoplay-com.pages.dev,keyword_match,34,LOW,False,2026-07-25 23:03:35.287037+00:00,True
http://cashwincasinoau-com.pages.dev,cashwincasinoau-com.pages.dev,keyword_match,30,LOW,False,2026-07-25 01:15:25.755411+00:00,True
http://esconlinecasino-be.eu.com,esconlinecasino-be.eu.com,keyword_match,28,LOW,False,2026-07-24 10:39:33.856590+00:00,True
http://zodiacbetcasino-fi.eu.com,zodiacbetcasino-fi.eu.com,keyword_match,25,LOW,False,2026-07-24 10:34:32.648450+00:00,True
http://www.guncelmatadorbetgiris.com,www.guncelmatadorbetgiris.com,keyword_match,31,LOW,False,2026-07-24 10:43:11.614801+00:00,True
http://user.1xbet-iycl.top,user.1xbet-iycl.top,keyword_match,31,LOW,False,2026-07-24 04:34:35.741357+00:00,True
http://jili9055.com,jili9055.com,keyword_match,26,LOW,False,2026-07-25 14:44:33.881320+00:00,True
http://bettyenicole.org,bettyenicole.org,keyword_match,25,LOW,False,2026-07-25 16:56:26.892008+00:00,True
http://jili8900.com,jili8900.com,keyword_match,26,LOW,False,2026-07-25 14:44:51.631446+00:00,True
http://daznbetcasino.de.com,daznbetcasino.de.com,keyword_match,25,LOW,False,2026-07-25 12:31:48.167529+00:00,True
http://melbet-bbf.top,melbet-bbf.top,keyword_match,39,LOW,False,2026-07-25 17:40:46.283343+00:00,True
http://jiliwin2.com,jiliwin2.com,keyword_match,27,LOW,False,2026-07-25 05:54:57.474654+00:00,True
http://timgun.timebetguncel.org,timgun.timebetguncel.org,keyword_match,30,LOW,False,2026-07-24 21:22:52.814613+00:00,True
http://zerkalodushi.org,zerkalodushi.org,keyword_match,24,LOW,True,2026-07-23 16:04:11.450341+00:00,True
http://alevcasino644.com,alevcasino644.com,keyword_match,40,MEDIUM,True,2026-07-23 15:30:54.371796+00:00,True
http://jilioklogin8.com,jilioklogin8.com,keyword_match,40,MEDIUM,False,2026-07-26 03:34:09.390538+00:00,True
http://spincow.com.au,spincow.com.au,keyword_match,27,LOW,True,2026-07-23 18:04:09.285986+00:00,True
http://austriaonlinecasino.at,austriaonlinecasino.at,keyword_match,24,LOW,False,2026-07-25 05:28:26.215473+00:00,True
http://mostbet-pl.radio.fm,mostbet-pl.radio.fm,keyword_match,24,LOW,False,2026-07-24 23:55:44.630017+00:00,True
http://ac.casinometropolle.com,ac.casinometropolle.com,keyword_match,31,LOW,False,2026-07-25 13:28:38.439932+00:00,True
http://321lawnchlive.com,321lawnchlive.com,keyword_match,41,MEDIUM,True,2026-07-24 03:07:48.504461+00:00,True
http://xbijili.org,xbijili.org,keyword_match,26,LOW,False,2026-07-24 22:32:41.844412+00:00,True
http://www.ozwincasino-1.com,www.ozwincasino-1.com,keyword_match,32,LOW,False,2026-07-25 16:07:33.473622+00:00,True
http://staging.pincodeplaza.net,staging.pincodeplaza.net,keyword_match,38,LOW,False,2026-07-25 08:52:47.443708+00:00,True
http://onlinecasinobonus.hu.net,onlinecasinobonus.hu.net,keyword_match,25,LOW,True,2026-07-24 03:01:41.951544+00:00,True
http://mostbetmx.com.mx,mostbetmx.com.mx,keyword_match,24,LOW,False,2026-07-26 05:49:39.372442+00:00,True
http://www.taijilibrary.com,www.taijilibrary.com,keyword_match,37,LOW,False,2026-07-24 19:37:15.709806+00:00,True
http://amunra-barbershop-glen-iris.pages.dev,amunra-barbershop-glen-iris.pages.dev,keyword_match,43,MEDIUM,False,2026-07-26 07:37:11.540642+00:00,True
http://www.winchliftingfurnitureegy.egypt100100.com,www.winchliftingfurnitureegy.egypt100100.com,keyword_match,54,MEDIUM,True,2026-07-24 00:33:12.930625+00:00,True
http://accounts.1xbet-jhxk.top,accounts.1xbet-jhxk.top,keyword_match,33,LOW,False,2026-07-25 20:02:51.651393+00:00,True
http://33xx.com.org,33xx.com.org,typosquat,35,LOW,False,2026-07-26 00:31:31.324614+00:00,True
http://melbet-76956.bar,melbet-76956.bar,keyword_match,37,LOW,False,2026-07-25 04:48:18.399713+00:00,True
http://blbet.com,blbet.com,keyword_match,30,LOW,True,2026-07-23 17:48:45.930385+00:00,True
http://jili7557.com,jili7557.com,keyword_match,16,BENIGN,False,2026-07-25 14:45:23.755440+00:00,True
http://vavada-amp-8877.buzz,vavada-amp-8877.buzz,keyword_match,53,MEDIUM,True,2026-07-26 13:47:44.319404+00:00,True
http://1xbetting.co.tz,1xbetting.co.tz,keyword_match,29,LOW,False,2026-07-25 18:48:16.135516+00:00,True
http://pinco-alberta.ca,pinco-alberta.ca,keyword_match,23,LOW,False,2026-07-24 17:42:19.316415+00:00,True
http://oauth.1xbet-zyjf.top,oauth.1xbet-zyjf.top,keyword_match,33,LOW,False,2026-07-26 03:57:48.021446+00:00,True
http://admin.melbet-slots.top,admin.melbet-slots.top,keyword_match,22,LOW,False,2026-07-25 01:55:04.115949+00:00,True
http://1xbetplus.org,1xbetplus.org,keyword_match,30,LOW,False,2026-07-25 13:31:51.764437+00:00,True
http://pinco569.com,pinco569.com,keyword_match,25,LOW,True,2026-07-24 03:45:37.138476+00:00,True
http://888xbet.io,888xbet.io,keyword_match,33,LOW,False,2026-07-25 22:07:18.610542+00:00,True
http://pinco.casino3023.buzz,pinco.casino3023.buzz,keyword_match,47,MEDIUM,False,2026-07-26 01:08:40.205097+00:00,True
http://8xbett.bike,8xbett.bike,keyword_match,30,LOW,False,2026-07-25 06:49:05.314563+00:00,True
http://www.1xbet-qg7h.top,www.1xbet-qg7h.top,keyword_match,28,LOW,False,2026-07-25 23:16:44.011436+00:00,True
http://51-nyxbets-8.com,51-nyxbets-8.com,keyword_match,47,MEDIUM,True,2026-07-26 11:25:57.957725+00:00,True
http://eg-melbet.org,eg-melbet.org,keyword_match,38,LOW,False,2026-07-25 23:43:38.115800+00:00,True
http://mostbet.casino488.fun,mostbet.casino488.fun,keyword_match,49,MEDIUM,False,2026-07-24 16:18:03.832491+00:00,True
http://theoryandpractice-grandbetdfkpgsdpg.pages.dev,theoryandpractice-grandbetdfkpgsdpg.pages.dev,keyword_match,25,LOW,False,2026-07-26 00:04:05.228344+00:00,True
http://sleepincome.eddyto.com,sleepincome.eddyto.com,keyword_match,30,LOW,False,2026-07-25 20:42:34.058223+00:00,True
http://tr.betsat-enguncel.com,tr.betsat-enguncel.com,keyword_match,31,LOW,False,2026-07-24 16:05:19.835461+00:00,True
http://www.onlinecasinogogo.id,www.onlinecasinogogo.id,keyword_match,34,LOW,False,2026-07-24 13:18:04.119664+00:00,True
http://jiligm7a.com,jiligm7a.com,keyword_match,20,LOW,False,2026-07-25 18:43:53.035595+00:00,True
http://cashobetcasino.fr,cashobetcasino.fr,keyword_match,28,LOW,True,2026-07-24 09:35:26.527347+00:00,True
http://500spinco.com,500spinco.com,keyword_match,49,MEDIUM,False,2026-07-24 13:57:33.244123+00:00,True
http://sofortwincasino.com.de,sofortwincasino.com.de,keyword_match,23,LOW,False,2026-07-24 13:57:39.357432+00:00,True
http://www.8xbetwin.net,www.8xbetwin.net,keyword_match,40,MEDIUM,False,2026-07-25 16:53:05.277469+00:00,True
http://nexbet.biz,nexbet.biz,keyword_match,52,MEDIUM,True,2026-07-26 09:52:27.849435+00:00,True
http://mostbet-giris-live.ink,mostbet-giris-live.ink,keyword_match,44,MEDIUM,True,2026-07-24 09:49:27.008489+00:00,True
http://1xbetmongoliax1.net,1xbetmongoliax1.net,keyword_match,37,LOW,True,2026-07-24 04:09:37.635168+00:00,True
http://bolivia1xbet.com,bolivia1xbet.com,keyword_match,36,LOW,True,2026-07-24 01:22:11.134045+00:00,True
http://mail.mostbetapk14.mobi,mail.mostbetapk14.mobi,keyword_match,46,MEDIUM,False,2026-07-25 08:41:16.089847+00:00,True
http://jili789login.com,jili789login.com,keyword_match,37,LOW,True,2026-07-24 03:55:14.454697+00:00,True
http://ecfluxbet.com,ecfluxbet.com,keyword_match,33,LOW,False,2026-07-25 18:24:16.540867+00:00,True
http://vavada-chebarkul.shop,vavada-chebarkul.shop,keyword_match,23,LOW,False,2026-07-24 16:54:18.720056+00:00,True
http://vulkanprogrammingguide.com,vulkanprogrammingguide.com,keyword_match,45,MEDIUM,True,2026-07-23 17:56:44.394313+00:00,True
http://mostbetsmar.ma,mostbetsmar.ma,keyword_match,27,LOW,False,2026-07-25 19:34:35.820804+00:00,True
http://retropinups.com,retropinups.com,keyword_match,29,LOW,False,2026-07-24 17:51:07.872473+00:00,True
http://pokerdom-off.beauty,pokerdom-off.beauty,keyword_match,41,MEDIUM,False,2026-07-24 19:49:16.701539+00:00,True
http://bayspinguncelgiris.com,bayspinguncelgiris.com,keyword_match,26,LOW,True,2026-07-24 10:17:10.310544+00:00,True
http://irwincasinopromocode.de,irwincasinopromocode.de,keyword_match,36,LOW,False,2026-07-25 11:47:23.803784+00:00,True
http://besteonlinecasinobelgie.didessforbakeries.be,besteonlinecasinobelgie.didessforbakeries.be,keyword_match,40,MEDIUM,True,2026-07-24 06:53:53.610877+00:00,True
http://foxbetturkey.pages.dev,foxbetturkey.pages.dev,keyword_match,23,LOW,False,2026-07-26 05:43:43.173070+00:00,True
http://oauth.1xbet-ahq.top,oauth.1xbet-ahq.top,keyword_match,33,LOW,False,2026-07-26 04:46:27.890383+00:00,True
http://1xbetappp.com,1xbetappp.com,keyword_match,18,BENIGN,False,2026-07-26 03:31:49.907729+00:00,True
http://zipcodepincode.in,zipcodepincode.in,keyword_match,17,BENIGN,False,2026-07-26 06:19:06.198994+00:00,True
http://1xbet-mexico.com.mx,1xbet-mexico.com.mx,keyword_match,32,LOW,False,2026-07-25 00:37:47.479949+00:00,True
http://www.jilibet888.vip,www.jilibet888.vip,keyword_match,24,LOW,False,2026-07-26 00:21:36.809479+00:00,True
http://1xbet-helpdesk.ru,1xbet-helpdesk.ru,keyword_match,45,MEDIUM,False,2026-07-24 12:12:19.982462+00:00,True
http://giris-pinup-az-ink.pages.dev,giris-pinup-az-ink.pages.dev,keyword_match,44,MEDIUM,False,2026-07-25 19:11:37.828806+00:00,True
http://signin.1xbet-ebud.top,signin.1xbet-ebud.top,keyword_match,30,LOW,False,2026-07-24 15:12:07.428474+00:00,True
http://jili1reg.com,jili1reg.com,keyword_match,42,MEDIUM,True,2026-07-26 11:32:55.090527+00:00,True
http://poker.casinometropol958.com,poker.casinometropol958.com,keyword_match,36,LOW,False,2026-07-25 16:36:10.051486+00:00,True
http://m.bayconticasino-guncel-giris.top,m.bayconticasino-guncel-giris.top,keyword_match,53,MEDIUM,False,2026-07-25 10:55:22.064504+00:00,True
http://maxbet79ii.com,maxbet79ii.com,keyword_match,45,MEDIUM,False,2026-07-24 15:07:58.388911+00:00,True
http://jiliminerewards.com,jiliminerewards.com,keyword_match,20,LOW,False,2026-07-25 23:53:19.078252+00:00,True
http://melbet-pg.com,melbet-pg.com,keyword_match,28,LOW,False,2026-07-26 05:56:39.063324+00:00,True
http://rr5jili.club,rr5jili.club,keyword_match,26,LOW,False,2026-07-24 18:22:10.298587+00:00,True
http://www.pokerdomol.top,www.pokerdomol.top,keyword_match,33,LOW,False,2026-07-26 03:20:07.911579+00:00,True
http://www.redwinguncelgiris.com,www.redwinguncelgiris.com,keyword_match,32,LOW,False,2026-07-24 11:18:35.188508+00:00,True
http://www.amunra.cz,www.amunra.cz,keyword_match,29,LOW,False,2026-07-26 08:46:23.356800+00:00,True
http://vulkanvegas-polska.pl,vulkanvegas-polska.pl,keyword_match,24,LOW,False,2026-07-24 13:11:13.671489+00:00,True
http://onlinecasino2026.ru,onlinecasino2026.ru,keyword_match,45,MEDIUM,False,2026-07-25 18:58:59.454949+00:00,True
http://melbet-xdl.top,melbet-xdl.top,keyword_match,28,LOW,False,2026-07-26 09:20:59.152106+00:00,True
http://signup.1xbet-takg.top,signup.1xbet-takg.top,keyword_match,33,LOW,False,2026-07-25 03:11:24.543431+00:00,True
http://zal-vulkan.org,zal-vulkan.org,keyword_match,40,MEDIUM,True,2026-07-24 09:11:00.023494+00:00,True
http://play-mostbet-az.com,play-mostbet-az.com,keyword_match,37,LOW,False,2026-07-26 09:18:15.757373+00:00,True
http://188jili-bet.com,188jili-bet.com,keyword_match,41,MEDIUM,True,2026-07-23 18:56:35.592500+00:00,True
http://grandbet889jm.cfd,grandbet889jm.cfd,keyword_match,45,MEDIUM,False,2026-07-25 13:01:18.755356+00:00,True
http://1xbet-notstory-com.pages.dev,1xbet-notstory-com.pages.dev,keyword_match,44,MEDIUM,True,2026-07-24 05:33:14.671355+00:00,True
http://11jiliwin.com,11jiliwin.com,keyword_match,30,LOW,True,2026-07-24 02:35:37.597649+00:00,True
http://jiliccnavi.com,jiliccnavi.com,keyword_match,39,LOW,True,2026-07-26 10:58:39.570920+00:00,True
http://coolbetcasino-fi.eu.com,coolbetcasino-fi.eu.com,keyword_match,25,LOW,False,2026-07-24 16:17:58.410487+00:00,True
http://oxbet789a.com,oxbet789a.com,keyword_match,38,LOW,True,2026-07-23 23:51:57.532051+00:00,True
http://melbet-jp.com,melbet-jp.com,keyword_match,35,LOW,False,2026-07-24 17:15:22.993466+00:00,True
http://www.pincorus757casinooo.com,www.pincorus757casinooo.com,keyword_match,74,HIGH,True,2026-07-26 09:57:19.981794+00:00,True
http://1xbet.3abber.com,1xbet.3abber.com,keyword_match,30,LOW,False,2026-07-26 01:10:05.651669+00:00,True
http://www.fanobetcasinonl.com,www.fanobetcasinonl.com,keyword_match,23,LOW,False,2026-07-25 12:28:19.016606+00:00,True
http://onlinecasinogamesu.com,onlinecasinogamesu.com,keyword_match,27,LOW,False,2026-07-24 17:09:21.062449+00:00,True
http://8xbetwin.net,8xbetwin.net,keyword_match,37,LOW,False,2026-07-25 15:42:49.610081+00:00,True
http://spicybetcasino-com-426.pages.dev,spicybetcasino-com-426.pages.dev,keyword_match,48,MEDIUM,True,2026-07-24 09:27:29.181650+00:00,True
http://1xbet-xeak.top,1xbet-xeak.top,keyword_match,33,LOW,False,2026-07-25 21:24:16.643308+00:00,True
http://bingo.casinometropol785.com,bingo.casinometropol785.com,keyword_match,37,LOW,False,2026-07-24 14:28:37.508681+00:00,True
http://1xbetvietnam.info,1xbetvietnam.info,keyword_match,35,LOW,True,2026-07-24 06:54:40.067397+00:00,True
http://madridbet1653.com,madridbet1653.com,keyword_match,48,MEDIUM,False,2026-07-24 14:05:43.907991+00:00,True
http://sportingbetcasino.com.ro,sportingbetcasino.com.ro,keyword_match,26,LOW,False,2026-07-26 05:49:52.112574+00:00,True
http://1xbet-scay.click,1xbet-scay.click,keyword_match,38,LOW,False,2026-07-24 15:05:50.954336+00:00,True
http://www.slotlioncasino.se.nitrowincasino.nu,www.slotlioncasino.se.nitrowincasino.nu,keyword_match,32,LOW,False,2026-07-25 08:25:40.393311+00:00,True
http://tuerqijiajiliansaizuqiu.net.cn,tuerqijiajiliansaizuqiu.net.cn,keyword_match,18,BENIGN,False,2026-07-24 12:10:35.949495+00:00,True
http://mostbets.es,mostbets.es,keyword_match,41,MEDIUM,True,2026-07-26 13:54:12.112938+00:00,True
http://tr.madridbet-playgiris.cam,tr.madridbet-playgiris.cam,keyword_match,38,LOW,False,2026-07-26 08:40:26.623491+00:00,True
http://sportbetcasinoespana-com.pages.dev,sportbetcasinoespana-com.pages.dev,keyword_match,33,LOW,False,2026-07-24 14:08:09.120651+00:00,True
http://manage.1xbet-pdio.top,manage.1xbet-pdio.top,keyword_match,33,LOW,False,2026-07-26 07:03:40.452515+00:00,True
http://www.dhanwincasino.com,www.dhanwincasino.com,keyword_match,28,LOW,False,2026-07-25 12:42:50.696352+00:00,True
http://xbetagents.com,xbetagents.com,keyword_match,52,MEDIUM,True,2026-07-26 11:22:52.711751+00:00,True
http://britainbetcasino-org-uk-13947.pages.dev,britainbetcasino-org-uk-13947.pages.dev,keyword_match,45,MEDIUM,False,2026-07-25 12:54:09.747358+00:00,True
http://mail.mostbet-onlineuz1.com,mail.mostbet-onlineuz1.com,keyword_match,41,MEDIUM,False,2026-07-25 11:54:51.676053+00:00,True
http://slotlioncasino.se.nitrowincasino.nu,slotlioncasino.se.nitrowincasino.nu,keyword_match,29,LOW,False,2026-07-25 08:25:32.810343+00:00,True
http://wildacejili.com,wildacejili.com,keyword_match,36,LOW,False,2026-07-24 14:44:37.362496+00:00,True
http://megacritstartpinup.com,megacritstartpinup.com,keyword_match,37,LOW,True,2026-07-24 06:32:43.553448+00:00,True
http://mostbetazerbaijanbetnet427.cfd,mostbetazerbaijanbetnet427.cfd,keyword_match,46,MEDIUM,False,2026-07-26 01:11:52.039890+00:00,True
http://starzbetguncelgiris.click,starzbetguncelgiris.click,keyword_match,45,MEDIUM,False,2026-07-26 04:07:15.463466+00:00,True
http://mostbetplaytr.pages.dev,mostbetplaytr.pages.dev,keyword_match,23,LOW,False,2026-07-26 05:57:03.221501+00:00,True
http://forum.riobetcasino-poo.top,forum.riobetcasino-poo.top,keyword_match,30,LOW,True,2026-07-24 02:45:46.226112+00:00,True
http://sso.1xbet-bwql.top,sso.1xbet-bwql.top,keyword_match,33,LOW,False,2026-07-25 23:53:10.780519+00:00,True
http://onlinecasino-market.com,onlinecasino-market.com,keyword_match,44,MEDIUM,True,2026-07-23 19:05:01.221843+00:00,True
http://1xbet-pk6m.top,1xbet-pk6m.top,keyword_match,20,LOW,False,2026-07-25 23:16:01.434267+00:00,True
http://jilibbtd6j.com,jilibbtd6j.com,keyword_match,54,MEDIUM,False,2026-07-25 03:32:48.766454+00:00,True
http://bdmelbetpartner.com,bdmelbetpartner.com,keyword_match,41,MEDIUM,True,2026-07-26 13:37:33.223514+00:00,True
http://melbet-23534.pro,melbet-23534.pro,keyword_match,40,MEDIUM,False,2026-07-24 19:48:16.141444+00:00,True
http://dhanwincasino.com,dhanwincasino.com,keyword_match,28,LOW,False,2026-07-25 12:42:52.509355+00:00,True
http://melbet-m.store,melbet-m.store,keyword_match,40,MEDIUM,False,2026-07-26 08:00:22.783687+00:00,True
http://0xbet.biz,0xbet.biz,keyword_match,14,BENIGN,True,2026-07-26 09:34:13.412044+00:00,True
http://zipcodefinder.mypincodelocation.com,zipcodefinder.mypincodelocation.com,keyword_match,48,MEDIUM,True,2026-07-26 10:18:26.187070+00:00,True
http://1xbetmobicash.com,1xbetmobicash.com,keyword_match,39,LOW,False,2026-07-24 23:34:51.732693+00:00,True
http://pinupbeauty13008.com,pinupbeauty13008.com,keyword_match,47,MEDIUM,False,2026-07-25 16:59:41.853568+00:00,True
http://spinup.internationalia.org,spinup.internationalia.org,keyword_match,30,LOW,True,2026-07-24 09:10:38.711547+00:00,True
http://mostbet-ru-vhod.eic-rb.ru,mostbet-ru-vhod.eic-rb.ru,keyword_match,48,MEDIUM,True,2026-07-26 13:36:08.982478+00:00,True
http://betibetcasino-at.eu.com,betibetcasino-at.eu.com,keyword_match,25,LOW,False,2026-07-25 19:56:25.018377+00:00,True
http://grandbetc.com,grandbetc.com,keyword_match,35,LOW,False,2026-07-26 03:17:28.987812+00:00,True
http://form-ballo-n-pinco-kz-kk.pages.dev,form-ballo-n-pinco-kz-kk.pages.dev,keyword_match,40,MEDIUM,False,2026-07-24 23:18:13.901344+00:00,True
http://topincontrii.com,topincontrii.com,keyword_match,21,LOW,False,2026-07-25 23:05:40.959429+00:00,True
http://grandbet88camaraitapirang.pages.dev,grandbet88camaraitapirang.pages.dev,keyword_match,34,LOW,False,2026-07-24 20:13:02.824137+00:00,True
http://app.casinomaxi774.com,app.casinomaxi774.com,keyword_match,25,LOW,False,2026-07-25 04:37:24.864451+00:00,True
http://acebetcasino-belgium.com,acebetcasino-belgium.com,keyword_match,52,MEDIUM,True,2026-07-23 22:53:18.428213+00:00,True
http://128jili.org,128jili.org,keyword_match,26,LOW,False,2026-07-24 17:50:33.733831+00:00,True
http://1xbet-r8yf.top,1xbet-r8yf.top,keyword_match,20,LOW,False,2026-07-25 23:19:28.118321+00:00,True
http://1xbet-yukle-app.com,1xbet-yukle-app.com,keyword_match,35,LOW,False,2026-07-24 11:24:54.237461+00:00,True
http://weezybetcasino.fr,weezybetcasino.fr,keyword_match,24,LOW,True,2026-07-24 09:41:22.461614+00:00,True
http://voyazh-zerkalo-mira.ru,voyazh-zerkalo-mira.ru,keyword_match,29,LOW,False,2026-07-25 06:10:50.457978+00:00,True
http://www.mijnonlinecasino.be,www.mijnonlinecasino.be,keyword_match,31,LOW,False,2026-07-25 12:19:18.906705+00:00,True
http://www.pinco1-ru.rzhevnews.ru,www.pinco1-ru.rzhevnews.ru,keyword_match,30,LOW,True,2026-07-23 17:23:21.366207+00:00,True
http://vulkan-vegas-101.pl,vulkan-vegas-101.pl,keyword_match,41,MEDIUM,True,2026-07-24 04:11:32.264352+00:00,True
http://console.vavada-cvx.top,console.vavada-cvx.top,keyword_match,33,LOW,False,2026-07-24 18:55:00.050436+00:00,True
http://www.oxbet789a.com,www.oxbet789a.com,keyword_match,43,MEDIUM,True,2026-07-23 23:51:50.870451+00:00,True
http://mostbet-kasino.cz,mostbet-kasino.cz,keyword_match,31,LOW,False,2026-07-25 23:08:58.211406+00:00,True
http://olybetcasino-fi.eu.com,olybetcasino-fi.eu.com,keyword_match,25,LOW,True,2026-07-24 05:58:34.778798+00:00,True
http://www.gilpincountydems.org,www.gilpincountydems.org,keyword_match,30,LOW,False,2026-07-25 02:30:12.998172+00:00,True
http://mail.vulkanacum.am,mail.vulkanacum.am,keyword_match,34,LOW,False,2026-07-25 20:02:02.598986+00:00,True
http://bwincasino.com.pt,bwincasino.com.pt,keyword_match,31,LOW,True,2026-07-24 07:54:15.859446+00:00,True
http://api.riobetcasino-ppd.top,api.riobetcasino-ppd.top,keyword_match,34,LOW,False,2026-07-26 08:21:46.564345+00:00,True
http://www.casino-bitstarz.net,www.casino-bitstarz.net,keyword_match,24,LOW,False,2026-07-25 13:19:10.924558+00:00,True
http://account.1xbet-guz.top,account.1xbet-guz.top,keyword_match,33,LOW,False,2026-07-26 06:55:33.569508+00:00,True
http://guncelxslotgiris.com,guncelxslotgiris.com,keyword_match,29,LOW,False,2026-07-24 11:03:25.084262+00:00,True
http://portal.1xbet-uylh.top,portal.1xbet-uylh.top,keyword_match,45,MEDIUM,True,2026-07-26 12:35:41.717105+00:00,True
http://mama-betcasino.nl,mama-betcasino.nl,keyword_match,39,LOW,True,2026-07-24 08:27:01.414709+00:00,True
http://kazino-pinup.xyz,kazino-pinup.xyz,keyword_match,36,LOW,False,2026-07-25 20:32:00.498339+00:00,True
http://fixbetgirisi.org,fixbetgirisi.org,keyword_match,29,LOW,True,2026-07-24 10:18:56.468614+00:00,True
http://signup.1xbet-blaz.top,signup.1xbet-blaz.top,keyword_match,28,LOW,True,2026-07-24 08:38:37.351230+00:00,True
http://www.1xbet-service-bk.ru,www.1xbet-service-bk.ru,keyword_match,53,MEDIUM,True,2026-07-26 13:44:06.141532+00:00,True
http://pokerdom.vhod420.casino,pokerdom.vhod420.casino,keyword_match,47,MEDIUM,False,2026-07-25 14:00:46.183461+00:00,True
http://mostbet-cze.cz,mostbet-cze.cz,keyword_match,27,LOW,False,2026-07-24 17:26:34.602806+00:00,True
http://oxbet.se.net,oxbet.se.net,keyword_match,30,LOW,False,2026-07-25 15:17:01.915401+00:00,True
http://accountpinup.sa.com,accountpinup.sa.com,keyword_match,32,LOW,False,2026-07-25 08:41:56.799741+00:00,True
http://blackboxbetai.com,blackboxbetai.com,keyword_match,18,BENIGN,False,2026-07-25 10:46:17.669961+00:00,True
http://relaxbet1.com,relaxbet1.com,keyword_match,20,LOW,True,2026-07-24 00:23:44.635848+00:00,True
http://megapari-guncel-giris.it.com,megapari-guncel-giris.it.com,keyword_match,56,MEDIUM,True,2026-07-26 13:59:32.874961+00:00,True
http://yenitimebet.com,yenitimebet.com,keyword_match,21,LOW,False,2026-07-26 04:38:56.750564+00:00,True
http://www.bettyenicole.org,www.bettyenicole.org,keyword_match,30,LOW,False,2026-07-25 15:24:52.969437+00:00,True
http://8xbett.fm,8xbett.fm,keyword_match,34,LOW,False,2026-07-24 17:44:18.774471+00:00,True
http://1xbet-4vip.top,1xbet-4vip.top,keyword_match,27,LOW,False,2026-07-24 15:06:58.866027+00:00,True
http://sbetcasino-ca.com,sbetcasino-ca.com,keyword_match,36,LOW,False,2026-07-24 11:09:57.204045+00:00,True
http://jili399.online,jili399.online,keyword_match,47,MEDIUM,True,2026-07-24 04:37:01.659731+00:00,True
http://uxbetbrasil.com,uxbetbrasil.com,keyword_match,19,BENIGN,False,2026-07-25 10:05:33.740019+00:00,True
http://nslow.melbet-kazino.top,nslow.melbet-kazino.top,keyword_match,23,LOW,False,2026-07-24 04:53:21.245577+00:00,True
http://05jili.net,05jili.net,keyword_match,26,LOW,False,2026-07-25 09:54:48.257471+00:00,True
http://8xbet44.bet,8xbet44.bet,keyword_match,27,LOW,False,2026-07-25 01:08:56.278474+00:00,True
http://oauth.1xbet-m.club,oauth.1xbet-m.club,keyword_match,30,LOW,False,2026-07-25 00:04:34.622440+00:00,True
http://leojili-99.net,leojili-99.net,keyword_match,29,LOW,False,2026-07-26 01:34:56.791467+00:00,True
http://portal.xgxbet.app,portal.xgxbet.app,keyword_match,34,LOW,False,2026-07-25 20:53:25.412838+00:00,True
http://sportsbooklive.casinomaxi9109.com,sportsbooklive.casinomaxi9109.com,keyword_match,48,MEDIUM,False,2026-07-26 09:06:24.516389+00:00,True
http://pinco.rzhevnews.ru,pinco.rzhevnews.ru,keyword_match,30,LOW,True,2026-07-23 17:16:13.238522+00:00,True
http://connectwise.melbet-kazino.top,connectwise.melbet-kazino.top,keyword_match,23,LOW,False,2026-07-24 04:44:14.088772+00:00,True
http://account.1xbet-m.club,account.1xbet-m.club,keyword_match,30,LOW,False,2026-07-25 00:04:02.559584+00:00,True
http://trvbetcasino.com,trvbetcasino.com,keyword_match,41,MEDIUM,True,2026-07-26 13:41:34.668153+00:00,True
http://rexbet-mobil.com,rexbet-mobil.com,keyword_match,36,LOW,False,2026-07-24 23:56:33.660526+00:00,True
http://console.1xbet-guz.top,console.1xbet-guz.top,keyword_match,33,LOW,False,2026-07-26 06:55:43.394387+00:00,True
http://bitstarzcasino.co.com,bitstarzcasino.co.com,keyword_match,23,LOW,False,2026-07-24 14:49:12.496477+00:00,True
http://pinco.casino6534.buzz,pinco.casino6534.buzz,keyword_match,69,HIGH,True,2026-07-26 09:38:09.276322+00:00,True
http://maxbet.pill-uk.courses,maxbet.pill-uk.courses,keyword_match,34,LOW,False,2026-07-25 16:41:09.998871+00:00,True
http://www.1xbet-36518.ru,www.1xbet-36518.ru,keyword_match,65,HIGH,True,2026-07-26 11:29:06.050670+00:00,True
http://xn--betebet-giri-guncel-1wd.com,xn--betebet-giri-guncel-1wd.com,keyword_match,55,MEDIUM,False,2026-07-26 08:41:47.106626+00:00,True
http://www.mega-zerkalo.at,www.mega-zerkalo.at,keyword_match,24,LOW,False,2026-07-25 05:15:07.009657+00:00,True
http://www.bitstarzcasinos.at,www.bitstarzcasinos.at,keyword_match,27,LOW,False,2026-07-24 18:33:43.476413+00:00,True
http://onlinecasinosgreeces.gr,onlinecasinosgreeces.gr,keyword_match,30,LOW,False,2026-07-25 21:25:05.000296+00:00,True
http://user.1xbet-m13.top,user.1xbet-m13.top,keyword_match,28,LOW,True,2026-07-24 01:42:05.915415+00:00,True
http://jiliaajili.com,jiliaajili.com,keyword_match,20,LOW,False,2026-07-26 03:56:34.080538+00:00,True
http://leonbets-casino-a5hc.buzz,leonbets-casino-a5hc.buzz,keyword_match,41,MEDIUM,False,2026-07-24 10:49:18.147703+00:00,True
http://giris-pinup-az.ink,giris-pinup-az.ink,keyword_match,46,MEDIUM,True,2026-07-23 19:56:12.582926+00:00,True
http://www.pokerklasbonus.casino,www.pokerklasbonus.casino,keyword_match,29,LOW,False,2026-07-24 18:34:38.664434+00:00,True
http://jilihot.mobi,jilihot.mobi,keyword_match,27,LOW,False,2026-07-24 22:27:50.241439+00:00,True
http://download-1xbet-app.net,download-1xbet-app.net,keyword_match,45,MEDIUM,False,2026-07-24 13:19:43.325366+00:00,True
http://spinup-20.votepro.org,spinup-20.votepro.org,keyword_match,49,MEDIUM,True,2026-07-23 16:59:51.388731+00:00,True
http://jilipg96.vip,jilipg96.vip,keyword_match,26,LOW,False,2026-07-25 00:57:59.728178+00:00,True
http://wwwjili737.com,wwwjili737.com,keyword_match,34,LOW,True,2026-07-23 21:30:32.754558+00:00,True
http://icebetcasino-pl-com.pages.dev,icebetcasino-pl-com.pages.dev,keyword_match,37,LOW,False,2026-07-26 05:41:34.222086+00:00,True
http://vavadakz.asia,vavadakz.asia,keyword_match,41,MEDIUM,False,2026-07-24 11:36:12.864409+00:00,True
http://1xbet-arerbaycan.com,1xbet-arerbaycan.com,keyword_match,36,LOW,True,2026-07-24 09:50:32.559866+00:00,True
http://vhod-vavada.com,vhod-vavada.com,keyword_match,25,LOW,False,2026-07-26 07:38:46.260525+00:00,True
http://azmostbet-az2026.icu,azmostbet-az2026.icu,keyword_match,46,MEDIUM,False,2026-07-26 07:54:28.659074+00:00,True
http://www.8xbet.uk,www.8xbet.uk,keyword_match,35,LOW,False,2026-07-24 22:53:30.346350+00:00,True
http://elexbetakca19.vip,elexbetakca19.vip,keyword_match,41,MEDIUM,True,2026-07-24 04:20:00.328417+00:00,True
http://okxbet.fernandxosite.com,okxbet.fernandxosite.com,keyword_match,26,LOW,True,2026-07-24 09:37:40.614493+00:00,True
http://parimatch.online,parimatch.online,typosquat,45,MEDIUM,True,2026-07-26 13:59:54.575323+00:00,True
http://www.onlinejua.com.velki9xbetagentlist.com,www.onlinejua.com.velki9xbetagentlist.com,keyword_match,39,LOW,False,2026-07-25 06:26:59.763007+00:00,True
http://vulkan2.org,vulkan2.org,keyword_match,15,BENIGN,False,2026-07-25 08:22:41.538557+00:00,True
http://xojili7.com,xojili7.com,keyword_match,20,LOW,False,2026-07-25 23:34:24.275202+00:00,True
http://lupincoin.com,lupincoin.com,keyword_match,39,LOW,False,2026-07-24 16:59:02.319073+00:00,True
http://staging2.spincounts.com,staging2.spincounts.com,keyword_match,31,LOW,False,2026-07-24 22:13:01.132353+00:00,True
http://www.ivibetcasino.ca,www.ivibetcasino.ca,keyword_match,27,LOW,False,2026-07-25 15:57:19.742517+00:00,True
http://console.1xbet-ewox.top,console.1xbet-ewox.top,keyword_match,48,MEDIUM,True,2026-07-26 12:40:03.001424+00:00,True
http://onlinecasinohandyrechnung-at-4437.pages.dev,onlinecasinohandyrechnung-at-4437.pages.dev,keyword_match,48,MEDIUM,True,2026-07-24 09:38:25.127104+00:00,True
http://hexagrandbet.com,hexagrandbet.com,keyword_match,28,LOW,True,2026-07-24 09:44:07.598080+00:00,True
http://spincoffee.company,spincoffee.company,keyword_match,35,LOW,False,2026-07-25 05:44:34.766436+00:00,True
http://8xbetcom.chat,8xbetcom.chat,keyword_match,32,LOW,False,2026-07-24 20:34:10.820357+00:00,True
http://sso.1xbet-iycl.top,sso.1xbet-iycl.top,keyword_match,48,MEDIUM,True,2026-07-26 13:15:54.452500+00:00,True
http://aaajili.me,aaajili.me,keyword_match,17,BENIGN,False,2026-07-24 11:47:26.778633+00:00,True
http://vavadafp30.com,vavadafp30.com,keyword_match,45,MEDIUM,False,2026-07-25 03:13:01.004386+00:00,True
http://fbjiliapk.com,fbjiliapk.com,keyword_match,35,LOW,True,2026-07-26 11:46:13.954991+00:00,True
http://mostbetting-kz.com,mostbetting-kz.com,keyword_match,39,LOW,False,2026-07-24 18:11:01.474501+00:00,True
http://www.inhumanpinco.com,www.inhumanpinco.com,keyword_match,34,LOW,False,2026-07-25 23:02:55.510047+00:00,True
http://mostbet-najlepsze.pl,mostbet-najlepsze.pl,keyword_match,50,MEDIUM,True,2026-07-26 12:30:40.519352+00:00,True
http://www.sekabet-yenigiris.com,www.sekabet-yenigiris.com,keyword_match,33,LOW,False,2026-07-25 14:50:05.625629+00:00,True
http://fastbetcasino-fi.eu.com,fastbetcasino-fi.eu.com,keyword_match,40,MEDIUM,True,2026-07-26 13:29:15.173717+00:00,True
http://melbet-egypt.org,melbet-egypt.org,keyword_match,27,LOW,False,2026-07-25 06:25:12.574221+00:00,True
http://www.jiliwin.com,www.jiliwin.com,keyword_match,34,LOW,False,2026-07-24 16:05:11.531791+00:00,True
http://vavada878.lol,vavada878.lol,keyword_match,42,MEDIUM,True,2026-07-26 13:04:51.998594+00:00,True
http://pincotrbet.net,pincotrbet.net,keyword_match,35,LOW,True,2026-07-24 03:58:08.624785+00:00,True
http://1xbetloginph.com,1xbetloginph.com,keyword_match,33,LOW,False,2026-07-24 23:30:03.185407+00:00,True
http://www.stekloizerkalo.ru,www.stekloizerkalo.ru,keyword_match,33,LOW,False,2026-07-25 15:58:05.795822+00:00,True
http://vulkan-vegas101.pl,vulkan-vegas101.pl,keyword_match,45,MEDIUM,True,2026-07-24 04:09:25.102096+00:00,True
http://ampinup.com,ampinup.com,keyword_match,33,LOW,True,2026-07-24 08:44:38.759444+00:00,True
http://accounts.1xbet-ewox.top,accounts.1xbet-ewox.top,keyword_match,33,LOW,False,2026-07-25 18:52:31.895620+00:00,True
http://beettjili.com,beettjili.com,keyword_match,24,LOW,False,2026-07-24 12:48:40.279407+00:00,True
http://betway88biweishoujiwangyebank.cn,betway88biweishoujiwangyebank.cn,keyword_match,38,LOW,False,2026-07-26 01:44:46.258015+00:00,True
http://jiliwin.com,jiliwin.com,keyword_match,26,LOW,False,2026-07-24 16:05:13.233498+00:00,True
http://robybetcasino-org.pages.dev,robybetcasino-org.pages.dev,keyword_match,23,LOW,False,2026-07-24 19:37:15.759129+00:00,True
http://basswin-casino-basswincasinouk-org-uk-80e5b618.pages.dev,basswin-casino-basswincasinouk-org-uk-80e5b618.pages.dev,keyword_match,50,MEDIUM,False,2026-07-24 11:00:55.460575+00:00,True
http://manage.1xbet-iycl.top,manage.1xbet-iycl.top,keyword_match,33,LOW,False,2026-07-25 22:04:23.190444+00:00,True
http://www.ajilimoperuviancuisine.getsauce.com,www.ajilimoperuviancuisine.getsauce.com,keyword_match,33,LOW,False,2026-07-26 01:18:02.139727+00:00,True
http://bitstarzcasinos.de,bitstarzcasinos.de,keyword_match,58,MEDIUM,True,2026-07-26 13:01:38.759089+00:00,True
http://auth.1xbet-orbm.top,auth.1xbet-orbm.top,keyword_match,30,LOW,False,2026-07-25 07:27:46.329347+00:00,True
http://pinco-pu.pin-7.ru,pinco-pu.pin-7.ru,keyword_match,32,LOW,False,2026-07-26 01:22:46.963107+00:00,True
http://www.vip-betway.com,www.vip-betway.com,keyword_match,28,LOW,False,2026-07-24 11:38:31.812571+00:00,True
http://onlinecasinobonuszonderstorting-nl.pages.dev,onlinecasinobonuszonderstorting-nl.pages.dev,keyword_match,32,LOW,False,2026-07-26 06:24:50.974491+00:00,True
http://www.bejilive.com,www.bejilive.com,keyword_match,31,LOW,False,2026-07-24 22:17:07.559728+00:00,True
http://zephyros.melbet-slots.top,zephyros.melbet-slots.top,keyword_match,26,LOW,False,2026-07-25 02:04:42.272475+00:00,True
http://lilibetcasinos.org,lilibetcasinos.org,keyword_match,47,MEDIUM,False,2026-07-24 12:57:43.742430+00:00,True
http://www.mostbetuzuzbekistan.com,www.mostbetuzuzbekistan.com,keyword_match,36,LOW,True,2026-07-24 07:20:44.906957+00:00,True
http://mostbet-in.site,mostbet-in.site,keyword_match,36,LOW,False,2026-07-24 11:26:16.317463+00:00,True
http://vbetcasino-at.eu.com,vbetcasino-at.eu.com,keyword_match,25,LOW,False,2026-07-24 20:59:08.224648+00:00,True
http://www.pincobets-kg.com,www.pincobets-kg.com,keyword_match,34,LOW,False,2026-07-24 15:21:47.935196+00:00,True
http://vavadareview65.shop,vavadareview65.shop,keyword_match,38,LOW,False,2026-07-25 13:33:00.210555+00:00,True
http://spd-kreis-vulkaneifel.de,spd-kreis-vulkaneifel.de,keyword_match,42,MEDIUM,True,2026-07-26 13:05:16.751514+00:00,True
http://jet4betcasino.de.com,jet4betcasino.de.com,keyword_match,25,LOW,False,2026-07-25 18:51:22.576069+00:00,True
http://spinup-2.votepro.gop,spinup-2.votepro.gop,keyword_match,37,LOW,True,2026-07-23 16:59:29.818085+00:00,True
http://joycasino.casino9551.buzz,joycasino.casino9551.buzz,keyword_match,51,MEDIUM,False,2026-07-24 17:00:18.807707+00:00,True
http://spincoinmania.online,spincoinmania.online,keyword_match,43,MEDIUM,True,2026-07-24 09:59:43.745823+00:00,True
http://jili9195.com,jili9195.com,keyword_match,31,LOW,False,2026-07-24 14:34:43.553464+00:00,True
http://casino.casinometropol1008.com,casino.casinometropol1008.com,keyword_match,36,LOW,True,2026-07-24 02:35:28.430507+00:00,True
http://magicjiliv.com,magicjiliv.com,keyword_match,20,LOW,False,2026-07-25 23:01:18.853392+00:00,True
http://www.vavada.pionear-tech.com,www.vavada.pionear-tech.com,keyword_match,25,LOW,False,2026-07-25 04:24:03.430500+00:00,True
http://www.melbetthailand.info,www.melbetthailand.info,keyword_match,31,LOW,False,2026-07-25 23:00:03.466007+00:00,True
http://ww38.1xbet-uqa2.click,ww38.1xbet-uqa2.click,keyword_match,45,MEDIUM,False,2026-07-24 18:52:59.907921+00:00,True
http://emilyobyrne.h3betcasinos.com,emilyobyrne.h3betcasinos.com,keyword_match,35,LOW,False,2026-07-25 19:31:51.291664+00:00,True
http://riobetcasino-xqy.top,riobetcasino-xqy.top,keyword_match,28,LOW,False,2026-07-25 01:50:48.535500+00:00,True
http://www.ajilimonmadrid.com,www.ajilimonmadrid.com,keyword_match,27,LOW,False,2026-07-24 18:36:55.679446+00:00,True
http://boomerangbetcasino-de-1600.pages.dev,boomerangbetcasino-de-1600.pages.dev,keyword_match,46,MEDIUM,False,2026-07-26 05:14:14.904066+00:00,True
http://mostbet-kz.steam-roadmap.kz,mostbet-kz.steam-roadmap.kz,keyword_match,38,LOW,False,2026-07-25 07:53:55.355430+00:00,True
http://melbetchickenegypt.com,melbetchickenegypt.com,keyword_match,20,LOW,True,2026-07-23 16:53:49.983844+00:00,True
http://spinbetter2y.com,spinbetter2y.com,keyword_match,35,LOW,True,2026-07-24 05:52:13.354469+00:00,True
http://winawincasino.com.de,winawincasino.com.de,keyword_match,24,LOW,False,2026-07-26 05:35:33.903083+00:00,True
http://vn7xxbet.com,vn7xxbet.com,keyword_match,26,LOW,False,2026-07-26 05:23:06.910791+00:00,True
http://vulkanus-company.com,vulkanus-company.com,keyword_match,23,LOW,False,2026-07-26 06:39:47.625727+00:00,True
http://melbet33011.com,melbet33011.com,keyword_match,40,MEDIUM,False,2026-07-24 14:05:33.446330+00:00,True
http://fujilima.com,fujilima.com,keyword_match,16,BENIGN,False,2026-07-24 20:36:51.170527+00:00,True
http://bdjilievoapp.com,bdjilievoapp.com,keyword_match,41,MEDIUM,True,2026-07-26 13:32:56.517294+00:00,True
http://jjiliplay.com,jjiliplay.com,keyword_match,39,LOW,False,2026-07-25 07:18:37.723041+00:00,True
http://rexbetyeniadres.com,rexbetyeniadres.com,keyword_match,32,LOW,True,2026-07-26 11:53:57.301838+00:00,True
http://flaxbet.com,flaxbet.com,keyword_match,23,LOW,False,2026-07-25 14:05:47.013438+00:00,True
http://mostbet-pl-radio-fm-76145.pages.dev,mostbet-pl-radio-fm-76145.pages.dev,keyword_match,44,MEDIUM,False,2026-07-24 13:14:40.487032+00:00,True
http://1xbet-japan.com,1xbet-japan.com,keyword_match,41,MEDIUM,False,2026-07-24 15:02:25.334705+00:00,True
http://wincasinotreasure.click,wincasinotreasure.click,keyword_match,37,LOW,False,2026-07-26 09:08:18.087679+00:00,True
http://tr-betpasguncelgirisler-xyz.pages.dev,tr-betpasguncelgirisler-xyz.pages.dev,keyword_match,47,MEDIUM,False,2026-07-24 22:57:48.911138+00:00,True
http://www.basswincasino.site,www.basswincasino.site,keyword_match,34,LOW,False,2026-07-24 18:59:59.759034+00:00,True
http://donaldpincott.com,donaldpincott.com,keyword_match,29,LOW,True,2026-07-24 09:16:31.256151+00:00,True
http://sekabet-yenigiris.com,sekabet-yenigiris.com,keyword_match,25,LOW,False,2026-07-25 14:49:54.032666+00:00,True
http://8xbetx.live,8xbetx.live,keyword_match,30,LOW,False,2026-07-26 06:07:06.584497+00:00,True
http://www.betimguncelgiris.com,www.betimguncelgiris.com,keyword_match,32,LOW,True,2026-07-24 10:22:17.420083+00:00,True
http://zerkalosteklo.ru,zerkalosteklo.ru,keyword_match,31,LOW,False,2026-07-24 12:32:24.526987+00:00,True
http://jilivi.com,jilivi.com,keyword_match,34,LOW,True,2026-07-26 11:45:15.364902+00:00,True
http://bitstarzcasino.eu.com,bitstarzcasino.eu.com,keyword_match,32,LOW,False,2026-07-25 17:51:38.106618+00:00,True
http://giris-pinco-resmi.it.com,giris-pinco-resmi.it.com,keyword_match,44,MEDIUM,False,2026-07-24 14:22:00.997039+00:00,True
http://jl9jili.com,jl9jili.com,keyword_match,20,LOW,False,2026-07-25 06:34:54.853576+00:00,True
http://q7x7.fbjili5.com,q7x7.fbjili5.com,keyword_match,48,MEDIUM,True,2026-07-26 13:57:33.850531+00:00,True
http://www.1xbet-mobile.co,www.1xbet-mobile.co,keyword_match,23,LOW,False,2026-07-24 18:52:05.428915+00:00,True
http://metawincasino.fr,metawincasino.fr,keyword_match,20,LOW,False,2026-07-25 22:43:47.196429+00:00,True
http://8xbetnow.com,8xbetnow.com,keyword_match,29,LOW,False,2026-07-25 22:27:21.628313+00:00,True
http://1xbet-oije.top,1xbet-oije.top,keyword_match,20,LOW,False,2026-07-26 08:16:07.863801+00:00,True
http://8xbetdm.com,8xbetdm.com,keyword_match,26,LOW,False,2026-07-26 06:51:45.062012+00:00,True
http://signin.vavada-rpo.top,signin.vavada-rpo.top,keyword_match,30,LOW,True,2026-07-24 08:00:13.068424+00:00,True
http://vulkanvegascasino.hu.net,vulkanvegascasino.hu.net,keyword_match,25,LOW,True,2026-07-24 02:14:59.617938+00:00,True
http://m.jojobet-tekkayit.icu,m.jojobet-tekkayit.icu,keyword_match,28,LOW,False,2026-07-26 02:54:57.716513+00:00,True
http://www.riobetcasino-csg.top,www.riobetcasino-csg.top,keyword_match,40,MEDIUM,False,2026-07-26 03:11:45.106090+00:00,True
http://30betcasinonederland.nl,30betcasinonederland.nl,keyword_match,48,MEDIUM,False,2026-07-24 23:08:50.518986+00:00,True
http://fairspincoin.com,fairspincoin.com,keyword_match,26,LOW,False,2026-07-24 20:36:34.990464+00:00,True
http://www.betkeyguncelgiris.com,www.betkeyguncelgiris.com,keyword_match,26,LOW,True,2026-07-24 10:20:53.676026+00:00,True
http://jiligame100.com,jiligame100.com,keyword_match,36,LOW,False,2026-07-26 00:29:50.694437+00:00,True
http://pincoca.site,pincoca.site,keyword_match,18,BENIGN,False,2026-07-26 09:32:10.388623+00:00,True
http://macah.melbet-kazino.top,macah.melbet-kazino.top,keyword_match,23,LOW,False,2026-07-24 04:51:30.740454+00:00,True
http://1xbet-rurf.top,1xbet-rurf.top,keyword_match,28,LOW,False,2026-07-25 05:18:09.620950+00:00,True
http://casinometropol1008.com,casinometropol1008.com,keyword_match,54,MEDIUM,True,2026-07-26 12:37:50.052821+00:00,True
http://pinco-azzz.click,pinco-azzz.click,keyword_match,57,MEDIUM,True,2026-07-26 12:19:27.705846+00:00,True
http://nixbet-fr.net,nixbet-fr.net,keyword_match,35,LOW,False,2026-07-25 08:06:53.886486+00:00,True
http://1xbet-vhod-uz.org,1xbet-vhod-uz.org,keyword_match,31,LOW,False,2026-07-25 00:54:31.856483+00:00,True
http://www.mostbet-sites.ru,www.mostbet-sites.ru,keyword_match,30,LOW,False,2026-07-25 17:51:05.979076+00:00,True
http://vavadacasino.co.no,vavadacasino.co.no,keyword_match,27,LOW,False,2026-07-24 16:16:34.030523+00:00,True
http://lkzdx.melbet-kazino.top,lkzdx.melbet-kazino.top,keyword_match,23,LOW,False,2026-07-24 04:50:37.241207+00:00,True
http://1xbet.day-sale.com,1xbet.day-sale.com,keyword_match,27,LOW,True,2026-07-23 23:49:18.704411+00:00,True
http://x3betcasino.net,x3betcasino.net,keyword_match,40,MEDIUM,False,2026-07-25 17:58:28.222799+00:00,True
http://jili365winlogin.com,jili365winlogin.com,keyword_match,35,LOW,False,2026-07-26 01:27:27.822793+00:00,True
http://jiliapp-fc.com,jiliapp-fc.com,keyword_match,39,LOW,True,2026-07-24 05:45:42.006785+00:00,True
http://pincoslots-az.net,pincoslots-az.net,keyword_match,35,LOW,False,2026-07-24 17:02:23.817484+00:00,True
http://ozwincasinos-australia.net,ozwincasinos-australia.net,keyword_match,45,MEDIUM,False,2026-07-25 18:56:22.361793+00:00,True
http://betwaycasino.gr.com,betwaycasino.gr.com,keyword_match,34,LOW,False,2026-07-25 18:20:49.406778+00:00,True
http://mixbet.com.ua,mixbet.com.ua,keyword_match,26,LOW,False,2026-07-26 06:56:07.345490+00:00,True
http://aviatrixbets.com,aviatrixbets.com,keyword_match,29,LOW,False,2026-07-25 11:13:06.262498+00:00,True
http://rexbetlogin.com,rexbetlogin.com,keyword_match,32,LOW,False,2026-07-25 07:12:54.530385+00:00,True
http://vavadacasino-kaz.it.com,vavadacasino-kaz.it.com,keyword_match,23,LOW,False,2026-07-24 20:42:38.811854+00:00,True
http://winbetcasino.de.com,winbetcasino.de.com,keyword_match,25,LOW,False,2026-07-24 14:27:07.507690+00:00,True
http://www.dkwin29.com.velki9xbetagentlist.com,www.dkwin29.com.velki9xbetagentlist.com,keyword_match,48,MEDIUM,False,2026-07-25 06:26:40.281440+00:00,True
http://spinup-5.votepro.org,spinup-5.votepro.org,keyword_match,34,LOW,True,2026-07-23 17:01:29.020409+00:00,True
http://www.1xbet-45918.ru,www.1xbet-45918.ru,keyword_match,50,MEDIUM,False,2026-07-24 11:57:05.317457+00:00,True
http://slot-santas-gift-pinco-tr.pu550ev.com,slot-santas-gift-pinco-tr.pu550ev.com,keyword_match,56,MEDIUM,False,2026-07-24 17:45:50.117431+00:00,True
http://mostbet-giris-az-az.africa.com,mostbet-giris-az-az.africa.com,keyword_match,39,LOW,False,2026-07-26 01:27:52.194726+00:00,True
http://kac0t.mostbet-141.xyz,kac0t.mostbet-141.xyz,keyword_match,40,MEDIUM,False,2026-07-24 08:56:18.309424+00:00,True
http://r9xbet-th.com,r9xbet-th.com,keyword_match,39,LOW,False,2026-07-24 18:30:05.585701+00:00,True
http://pinco-ey0.pages.dev,pinco-ey0.pages.dev,keyword_match,36,LOW,False,2026-07-25 14:20:48.024822+00:00,True
http://8xbetpro.club,8xbetpro.club,keyword_match,39,LOW,False,2026-07-25 14:20:22.404546+00:00,True
http://bitstarz.co.no,bitstarz.co.no,keyword_match,31,LOW,False,2026-07-25 14:26:48.046822+00:00,True
http://melbet-9027.pro,melbet-9027.pro,keyword_match,38,LOW,False,2026-07-24 20:03:57.486351+00:00,True
http://1xbet-e5ny.top,1xbet-e5ny.top,keyword_match,18,BENIGN,False,2026-07-25 22:58:10.811846+00:00,True
http://www.jilistudio.store,www.jilistudio.store,keyword_match,37,LOW,False,2026-07-25 19:53:25.120134+00:00,True
http://4xbet.hk,4xbet.hk,keyword_match,24,LOW,False,2026-07-25 23:11:18.838781+00:00,True
http://7jilibet.com,7jilibet.com,keyword_match,32,LOW,True,2026-07-26 11:58:05.925042+00:00,True
http://account.1xbet-ewox.top,account.1xbet-ewox.top,keyword_match,33,LOW,False,2026-07-25 18:52:35.511663+00:00,True
http://app.jiliti-group.uk,app.jiliti-group.uk,keyword_match,29,LOW,False,2026-07-25 19:38:51.485648+00:00,True
http://mostbet-livescores-privacy.pages.dev,mostbet-livescores-privacy.pages.dev,keyword_match,38,LOW,False,2026-07-25 13:52:49.854382+00:00,True
http://aaajili23.com,aaajili23.com,keyword_match,27,LOW,False,2026-07-25 22:40:21.939944+00:00,True
http://nqotpbigcitylib.melbet-slots.top,nqotpbigcitylib.melbet-slots.top,keyword_match,26,LOW,False,2026-07-25 01:58:27.075412+00:00,True
http://balajilifestyle.in,balajilifestyle.in,keyword_match,34,LOW,False,2026-07-25 03:34:27.879240+00:00,True
http://trslotguncel.com,trslotguncel.com,keyword_match,29,LOW,True,2026-07-24 09:46:41.000420+00:00,True
http://pinup-azerbaycan.info,pinup-azerbaycan.info,keyword_match,36,LOW,False,2026-07-25 17:14:09.234512+00:00,True
http://texbetgir.me,texbetgir.me,keyword_match,27,LOW,False,2026-07-24 19:41:18.087388+00:00,True
http://jilievoclublogin.com,jilievoclublogin.com,keyword_match,27,LOW,False,2026-07-25 13:48:26.540147+00:00,True
http://pokerklasnet.icu,pokerklasnet.icu,keyword_match,31,LOW,True,2026-07-24 06:02:31.460410+00:00,True
http://1xbet.abohanafi.xyz,1xbet.abohanafi.xyz,keyword_match,26,LOW,True,2026-07-24 03:09:58.383387+00:00,True
http://pinup-bet-aze1.com,pinup-bet-aze1.com,keyword_match,42,MEDIUM,False,2026-07-25 03:04:57.161619+00:00,True
http://5xbet.link,5xbet.link,keyword_match,20,LOW,False,2026-07-25 00:53:33.656781+00:00,True
http://tr.madridbet-girislerstabil.cam,tr.madridbet-girislerstabil.cam,keyword_match,38,LOW,False,2026-07-26 08:40:04.528022+00:00,True
http://user.1xbet-zyjf.top,user.1xbet-zyjf.top,keyword_match,33,LOW,False,2026-07-26 03:58:04.647631+00:00,True
http://www.betcasinoshop.com,www.betcasinoshop.com,keyword_match,39,LOW,False,2026-07-25 21:32:16.058420+00:00,True
http://pinco-azerbaijan.co.com,pinco-azerbaijan.co.com,keyword_match,27,LOW,False,2026-07-24 20:22:52.504049+00:00,True
http://onlinecasinobets.co.uk,onlinecasinobets.co.uk,keyword_match,39,LOW,True,2026-07-26 11:17:49.959445+00:00,True
http://dreamjili.link,dreamjili.link,keyword_match,24,LOW,False,2026-07-25 00:07:16.977481+00:00,True
http://mostbetdownload.app,mostbetdownload.app,keyword_match,25,LOW,False,2026-07-25 10:58:52.464372+00:00,True
http://lalabetcasino-us.pages.dev,lalabetcasino-us.pages.dev,keyword_match,23,LOW,False,2026-07-25 10:40:40.746500+00:00,True
http://sso.1xbet-ewox.top,sso.1xbet-ewox.top,keyword_match,33,LOW,False,2026-07-26 00:41:52.213425+00:00,True
http://yoowincasino.com,yoowincasino.com,keyword_match,20,LOW,False,2026-07-25 10:59:31.609416+00:00,True
http://pinco-casino-official-ru.com,pinco-casino-official-ru.com,keyword_match,37,LOW,False,2026-07-25 18:44:13.820977+00:00,True
http://www.celticbetgunceladres.site,www.celticbetgunceladres.site,keyword_match,28,LOW,False,2026-07-26 00:37:28.987693+00:00,True
http://onlinecasinonokyc.com,onlinecasinonokyc.com,keyword_match,22,LOW,False,2026-07-25 15:40:09.805224+00:00,True
http://jili20win.com,jili20win.com,keyword_match,35,LOW,False,2026-07-26 01:11:08.615700+00:00,True
http://betwaybucks.polokwanevideography.co.za,betwaybucks.polokwanevideography.co.za,keyword_match,39,LOW,True,2026-07-26 12:46:56.300017+00:00,True
http://vavada.marketing,vavada.marketing,keyword_match,24,LOW,False,2026-07-26 01:43:15.483519+00:00,True
http://kkkjilicom.com,kkkjilicom.com,keyword_match,23,LOW,False,2026-07-24 20:44:57.579644+00:00,True
http://signup.1xbet-m.club,signup.1xbet-m.club,keyword_match,30,LOW,False,2026-07-25 00:04:02.652492+00:00,True
http://1-xbet-official.uk.com,1-xbet-official.uk.com,keyword_match,29,LOW,True,2026-07-24 06:53:12.620322+00:00,True
http://pinupsys.com,pinupsys.com,keyword_match,38,LOW,False,2026-07-25 16:47:00.584787+00:00,True
http://megapari.org,megapari.org,typosquat,8,BENIGN,True,2026-07-26 14:01:52.360266+00:00,True
http://slotlion.fi.nitrowincasino.nu,slotlion.fi.nitrowincasino.nu,keyword_match,29,LOW,False,2026-07-24 16:31:47.856787+00:00,True
http://iosjili1ios.com,iosjili1ios.com,keyword_match,16,BENIGN,False,2026-07-25 14:23:22.719471+00:00,True
http://signin.1xbet-mea.top,signin.1xbet-mea.top,keyword_match,28,LOW,False,2026-07-24 16:28:24.740462+00:00,True
http://mostbetcasinokz.com,mostbetcasinokz.com,keyword_match,50,MEDIUM,False,2026-07-25 15:07:00.213437+00:00,True
http://ganebetcasino-co.pages.dev,ganebetcasino-co.pages.dev,keyword_match,24,LOW,False,2026-07-24 23:36:08.136020+00:00,True
http://www.rainbetcasino.eu,www.rainbetcasino.eu,keyword_match,26,LOW,False,2026-07-25 06:27:43.930444+00:00,True
http://pokerdom.casino3023.buzz,pokerdom.casino3023.buzz,keyword_match,51,MEDIUM,False,2026-07-25 17:50:30.835323+00:00,True
http://4x4xbetm.info,4x4xbetm.info,keyword_match,41,MEDIUM,True,2026-07-24 04:42:36.233575+00:00,True
http://www.1xbet-ar1w.top,www.1xbet-ar1w.top,keyword_match,31,LOW,False,2026-07-25 22:56:06.115599+00:00,True
http://www.1xbetpartner.net,www.1xbetpartner.net,keyword_match,33,LOW,False,2026-07-25 19:46:31.152781+00:00,True
http://melbet-yemen-github.pages.dev,melbet-yemen-github.pages.dev,keyword_match,42,MEDIUM,False,2026-07-26 06:47:32.912414+00:00,True
http://1xbet-11up.top,1xbet-11up.top,keyword_match,22,LOW,False,2026-07-24 17:06:22.346831+00:00,True
http://tr.madrdbet-guncelerisim.com,tr.madrdbet-guncelerisim.com,keyword_match,31,LOW,False,2026-07-26 07:20:53.694787+00:00,True
http://vavadaaaa092.com,vavadaaaa092.com,keyword_match,50,MEDIUM,False,2026-07-25 21:14:19.517737+00:00,True
http://1xbetdownload.co.kr,1xbetdownload.co.kr,keyword_match,30,LOW,True,2026-07-24 07:13:01.738034+00:00,True
http://onlinecasino.comper.ai,onlinecasino.comper.ai,keyword_match,38,LOW,False,2026-07-25 02:27:41.627619+00:00,True
http://1xbet.codes,1xbet.codes,keyword_match,32,LOW,False,2026-07-24 21:28:55.643055+00:00,True
http://m.imajbet-guncell.icu,m.imajbet-guncell.icu,keyword_match,38,LOW,False,2026-07-24 23:39:51.101411+00:00,True
http://guncelgrandpashabetgiris.com,guncelgrandpashabetgiris.com,keyword_match,32,LOW,False,2026-07-24 10:56:21.122527+00:00,True
http://betebetguncel.com,betebetguncel.com,keyword_match,30,LOW,False,2026-07-25 23:38:08.308505+00:00,True
http://vulkan-spiele-lv.com,vulkan-spiele-lv.com,keyword_match,47,MEDIUM,False,2026-07-25 10:16:07.879512+00:00,True
http://sportsbook.casinometropol1006.com,sportsbook.casinometropol1006.com,keyword_match,37,LOW,False,2026-07-25 05:38:27.634708+00:00,True
http://77jiliv2.com,77jiliv2.com,keyword_match,29,LOW,False,2026-07-24 18:04:38.241435+00:00,True
http://nixbetcasino.fr,nixbetcasino.fr,keyword_match,22,LOW,False,2026-07-24 17:13:32.805070+00:00,True
http://guncelcasinopopgiris.com,guncelcasinopopgiris.com,keyword_match,43,MEDIUM,False,2026-07-24 10:52:42.426931+00:00,True
http://jilisbet.com,jilisbet.com,keyword_match,20,LOW,False,2026-07-25 00:44:54.130544+00:00,True
http://1xbet-es.info,1xbet-es.info,keyword_match,48,MEDIUM,False,2026-07-25 06:15:37.279302+00:00,True
http://50-nyxbets-4.com,50-nyxbets-4.com,keyword_match,47,MEDIUM,True,2026-07-26 11:29:27.090531+00:00,True
http://1xbet-ar1w.top,1xbet-ar1w.top,keyword_match,18,BENIGN,False,2026-07-25 22:55:55.269469+00:00,True
http://in.casinometropol950.com,in.casinometropol950.com,keyword_match,36,LOW,False,2026-07-25 16:27:35.012403+00:00,True
http://vavadahw.com,vavadahw.com,keyword_match,21,LOW,False,2026-07-26 05:13:10.209875+00:00,True
http://www.1xbet-vi5s.top,www.1xbet-vi5s.top,keyword_match,26,LOW,False,2026-07-25 23:21:50.796049+00:00,True
http://user.riobetcasino-poo.top,user.riobetcasino-poo.top,keyword_match,30,LOW,False,2026-07-24 19:54:49.091355+00:00,True
http://api.7xbet.onl,api.7xbet.onl,keyword_match,22,LOW,False,2026-07-24 14:36:02.342591+00:00,True
http://www.vulkanclub-official.com,www.vulkanclub-official.com,keyword_match,21,LOW,False,2026-07-25 12:07:10.233174+00:00,True
http://signin.1xbet-uyfd.top,signin.1xbet-uyfd.top,keyword_match,30,LOW,True,2026-07-24 09:52:58.405435+00:00,True
http://www.5jili.mobi,www.5jili.mobi,keyword_match,31,LOW,False,2026-07-25 01:53:42.125341+00:00,True
http://signup.1xbet-egji.top,signup.1xbet-egji.top,keyword_match,31,LOW,False,2026-07-24 05:17:29.040566+00:00,True
http://schweizeronlinecasino.ch,schweizeronlinecasino.ch,keyword_match,23,LOW,True,2026-07-24 06:02:11.859512+00:00,True
http://pinco-resmi-giris-7-ink.pages.dev,pinco-resmi-giris-7-ink.pages.dev,keyword_match,46,MEDIUM,False,2026-07-26 07:28:55.863649+00:00,True
http://nyxbetscasino-online.nl,nyxbetscasino-online.nl,keyword_match,26,LOW,False,2026-07-24 21:06:22.713370+00:00,True
http://www.1xbet-thai.co,www.1xbet-thai.co,keyword_match,37,LOW,False,2026-07-25 13:49:24.088849+00:00,True
http://oxbet2.br.com,oxbet2.br.com,keyword_match,26,LOW,False,2026-07-24 19:02:49.506517+00:00,True
http://mail.hoki138spinup.com,mail.hoki138spinup.com,keyword_match,40,MEDIUM,False,2026-07-25 01:18:41.886950+00:00,True
http://boomerangbetcasino-es-1609.pages.dev,boomerangbetcasino-es-1609.pages.dev,keyword_match,47,MEDIUM,False,2026-07-25 21:49:17.880605+00:00,True
http://www.betway-bc.com,www.betway-bc.com,keyword_match,28,LOW,True,2026-07-24 07:40:45.856920+00:00,True
http://account.7xbet.onl,account.7xbet.onl,keyword_match,22,LOW,False,2026-07-24 14:35:52.007384+00:00,True
http://www.matbet88myb.com,www.matbet88myb.com,keyword_match,32,LOW,False,2026-07-26 00:52:07.705610+00:00,True
http://jojobet-tekkayit.icu,jojobet-tekkayit.icu,keyword_match,28,LOW,False,2026-07-25 05:12:02.314512+00:00,True
http://j2zfz.melbet-kazino.top,j2zfz.melbet-kazino.top,keyword_match,23,LOW,False,2026-07-24 04:49:41.787731+00:00,True
http://m.jojobet-tekseri.icu,m.jojobet-tekseri.icu,keyword_match,28,LOW,False,2026-07-24 21:23:57.945929+00:00,True
http://jeetcityonlinecasinoaustralia.com,jeetcityonlinecasinoaustralia.com,keyword_match,27,LOW,False,2026-07-24 14:52:04.153771+00:00,True
http://melbet66.net,melbet66.net,keyword_match,40,MEDIUM,False,2026-07-24 00:25:53.427488+00:00,True
http://superbetcasinoromania-com.pages.dev,superbetcasinoromania-com.pages.dev,keyword_match,26,LOW,False,2026-07-25 01:34:36.148014+00:00,True
http://vulkanstern.com,vulkanstern.com,keyword_match,32,LOW,True,2026-07-26 11:56:41.760668+00:00,True
http://roobetcasino.de.com,roobetcasino.de.com,keyword_match,25,LOW,False,2026-07-24 16:53:35.604463+00:00,True
http://signin.1xbet-egji.top,signin.1xbet-egji.top,keyword_match,36,LOW,False,2026-07-24 09:10:37.001370+00:00,True
http://sso.riobetcasino-ppd.top,sso.riobetcasino-ppd.top,keyword_match,31,LOW,False,2026-07-24 08:17:49.122683+00:00,True
http://wwwpwb3b.melbet-kazino.top,wwwpwb3b.melbet-kazino.top,keyword_match,23,LOW,False,2026-07-24 04:58:11.243095+00:00,True
http://officiale.1xbetbonuslar.com,officiale.1xbetbonuslar.com,keyword_match,33,LOW,True,2026-07-23 17:45:22.243169+00:00,True
http://rigelgroupincorporatedltd.info,rigelgroupincorporatedltd.info,keyword_match,23,LOW,False,2026-07-24 13:38:51.937489+00:00,True
http://www.888starz-zerkalo.it.com,www.888starz-zerkalo.it.com,keyword_match,33,LOW,False,2026-07-25 07:06:32.256395+00:00,True
http://bassbetcasino-fi.eu.com,bassbetcasino-fi.eu.com,keyword_match,25,LOW,False,2026-07-24 13:19:35.348796+00:00,True
http://vulkanlabs.com,vulkanlabs.com,keyword_match,20,LOW,False,2026-07-26 00:10:06.805367+00:00,True
http://azjili.shop,azjili.shop,keyword_match,28,LOW,False,2026-07-26 08:08:26.362330+00:00,True
http://jilipgslot.com,jilipgslot.com,keyword_match,24,LOW,False,2026-07-25 22:36:03.151985+00:00,True
http://vibebetcasino.fr,vibebetcasino.fr,keyword_match,20,LOW,True,2026-07-24 09:43:01.660683+00:00,True
http://screenconnect.melbet-kazino.top,screenconnect.melbet-kazino.top,keyword_match,23,LOW,False,2026-07-24 04:55:18.961496+00:00,True
http://163jili.org,163jili.org,keyword_match,26,LOW,True,2026-07-24 09:46:51.100799+00:00,True
http://stepinup.in,stepinup.in,keyword_match,24,LOW,True,2026-07-24 06:38:42.094083+00:00,True
http://ww38.jili789.bet,ww38.jili789.bet,keyword_match,40,MEDIUM,True,2026-07-23 17:50:23.066983+00:00,True
http://bastaonlinecasino.it.com,bastaonlinecasino.it.com,keyword_match,31,LOW,False,2026-07-25 11:43:41.240284+00:00,True
http://www.saaslaunchlive.com,www.saaslaunchlive.com,keyword_match,34,LOW,False,2026-07-25 20:50:33.561661+00:00,True
http://jili7cc.com,jili7cc.com,keyword_match,20,LOW,False,2026-07-25 23:03:11.418536+00:00,True
http://www.ramadabetguncelgiris.com,www.ramadabetguncelgiris.com,keyword_match,35,LOW,False,2026-07-24 14:03:45.875421+00:00,True
http://melbet-96434.pro,melbet-96434.pro,keyword_match,40,MEDIUM,False,2026-07-25 19:45:22.647682+00:00,True
http://casinovaleguncelitr.com,casinovaleguncelitr.com,keyword_match,37,LOW,False,2026-07-25 12:07:59.081397+00:00,True
http://vulkaneifelhaus.com,vulkaneifelhaus.com,keyword_match,30,LOW,False,2026-07-25 20:31:13.871351+00:00,True
http://phjiliplusslot.com,phjiliplusslot.com,keyword_match,24,LOW,False,2026-07-26 01:24:48.998029+00:00,True
http://www.sahabetcasino.com,www.sahabetcasino.com,keyword_match,30,LOW,True,2026-07-24 04:42:10.191071+00:00,True
http://signin.1xbet-m.club,signin.1xbet-m.club,keyword_match,30,LOW,False,2026-07-25 13:51:53.243456+00:00,True
http://discowincasino-nl-34259.pages.dev,discowincasino-nl-34259.pages.dev,keyword_match,46,MEDIUM,False,2026-07-25 01:17:51.510377+00:00,True
http://sso.riobetcasino-kje.top,sso.riobetcasino-kje.top,keyword_match,31,LOW,False,2026-07-24 07:53:28.661515+00:00,True
http://bitstarztu.pages.dev,bitstarztu.pages.dev,keyword_match,23,LOW,False,2026-07-26 04:47:20.862464+00:00,True
http://corgibetcasino-it.pages.dev,corgibetcasino-it.pages.dev,keyword_match,23,LOW,False,2026-07-25 18:06:29.993439+00:00,True
http://demo.melbet-buw.buzz,demo.melbet-buw.buzz,keyword_match,29,LOW,True,2026-07-24 06:35:20.866502+00:00,True
http://melbetzambia.com,melbetzambia.com,keyword_match,22,LOW,False,2026-07-24 18:20:26.806668+00:00,True
http://spincoreresources.co.uk,spincoreresources.co.uk,keyword_match,31,LOW,False,2026-07-25 10:31:01.265796+00:00,True
http://www.1xbet-powerbet.com,www.1xbet-powerbet.com,keyword_match,40,MEDIUM,False,2026-07-24 13:52:49.416484+00:00,True
http://signup.1xbet-gsei.top,signup.1xbet-gsei.top,keyword_match,30,LOW,False,2026-07-25 04:17:56.180339+00:00,True
http://9ajili.shop,9ajili.shop,keyword_match,28,LOW,False,2026-07-26 07:14:43.691363+00:00,True
http://pinup-azerbaijan.it.com,pinup-azerbaijan.it.com,keyword_match,32,LOW,False,2026-07-24 13:18:28.734692+00:00,True
http://sowinbetguncel.com,sowinbetguncel.com,keyword_match,27,LOW,True,2026-07-24 04:16:17.396632+00:00,True
http://pinupazerbaijan.pro,pinupazerbaijan.pro,keyword_match,25,LOW,False,2026-07-25 03:20:26.759575+00:00,True
http://www.1xbet-45826.ru,www.1xbet-45826.ru,keyword_match,65,HIGH,True,2026-07-26 11:27:40.665643+00:00,True
http://1xbet-ofrr.top,1xbet-ofrr.top,keyword_match,33,LOW,False,2026-07-25 21:10:07.478978+00:00,True
http://pinco-kazino1.ink,pinco-kazino1.ink,keyword_match,50,MEDIUM,False,2026-07-25 07:49:56.480818+00:00,True
http://www.1xbetplus.org,www.1xbetplus.org,keyword_match,33,LOW,False,2026-07-25 13:31:50.500788+00:00,True
http://onlinecasinogogo.id,onlinecasinogogo.id,keyword_match,31,LOW,False,2026-07-24 13:18:01.405526+00:00,True
http://jilibdt1.vip,jilibdt1.vip,keyword_match,18,BENIGN,False,2026-07-26 04:33:32.856421+00:00,True
http://onlinecasinobitcoin.gr,onlinecasinobitcoin.gr,keyword_match,30,LOW,False,2026-07-24 16:57:20.568993+00:00,True
http://1xbet.com.de,1xbet.com.de,keyword_match,27,LOW,False,2026-07-24 23:55:35.861358+00:00,True
http://accounts.1xbet-idad.top,accounts.1xbet-idad.top,keyword_match,30,LOW,False,2026-07-25 01:15:40.251430+00:00,True
http://games-vulkan24.com,games-vulkan24.com,keyword_match,65,HIGH,True,2026-07-26 09:44:26.978172+00:00,True
http://fun-betcasino.com,fun-betcasino.com,keyword_match,38,LOW,False,2026-07-26 03:32:16.868789+00:00,True
http://mostbet-kazino-oyna.com,mostbet-kazino-oyna.com,keyword_match,35,LOW,False,2026-07-26 09:21:43.814655+00:00,True
http://m.club-ayxbet.com,m.club-ayxbet.com,keyword_match,33,LOW,True,2026-07-23 16:12:45.773870+00:00,True
http://www.1xbet-igq8.click,www.1xbet-igq8.click,keyword_match,36,LOW,False,2026-07-26 07:58:36.355149+00:00,True
http://www.0xbet.hk,www.0xbet.hk,keyword_match,29,LOW,False,2026-07-25 23:11:40.410374+00:00,True
http://user.1xbet-mea.top,user.1xbet-mea.top,keyword_match,28,LOW,False,2026-07-24 16:28:36.526604+00:00,True
http://lago777jili.com,lago777jili.com,keyword_match,43,MEDIUM,False,2026-07-24 16:59:37.990770+00:00,True
http://vavadansxt.com,vavadansxt.com,keyword_match,34,LOW,False,2026-07-24 12:31:55.265303+00:00,True
http://sweatbetcasino.fr,sweatbetcasino.fr,keyword_match,35,LOW,True,2026-07-24 08:19:05.222063+00:00,True
http://1xbetappdownload-uganda.com,1xbetappdownload-uganda.com,keyword_match,42,MEDIUM,False,2026-07-24 15:03:33.276145+00:00,True
http://m.casinomaxi9109.com,m.casinomaxi9109.com,keyword_match,57,MEDIUM,True,2026-07-26 11:18:05.172306+00:00,True
http://manage.1xbet-mea.top,manage.1xbet-mea.top,keyword_match,31,LOW,False,2026-07-25 19:00:20.097872+00:00,True
http://jilill.se,jilill.se,keyword_match,29,LOW,False,2026-07-25 15:04:27.352308+00:00,True
http://55xxbet.com,55xxbet.com,keyword_match,28,LOW,False,2026-07-25 06:33:39.954243+00:00,True
http://andrejilic.dev,andrejilic.dev,keyword_match,25,LOW,False,2026-07-24 18:03:00.758030+00:00,True
http://maxwincasinogiris.com,maxwincasinogiris.com,keyword_match,29,LOW,False,2026-07-24 11:11:33.214370+00:00,True
http://form-girls-2-pinco-tr.pu550ev.com,form-girls-2-pinco-tr.pu550ev.com,keyword_match,50,MEDIUM,True,2026-07-24 01:40:11.478802+00:00,True
http://jili365code.com,jili365code.com,keyword_match,40,MEDIUM,False,2026-07-25 11:47:29.824075+00:00,True
http://xxjiligo.com,xxjiligo.com,keyword_match,24,LOW,False,2026-07-25 18:41:05.965522+00:00,True
http://8xbetplay.jp.net,8xbetplay.jp.net,keyword_match,28,LOW,False,2026-07-26 00:03:18.991048+00:00,True
http://guncelhektorbetgiris.com,guncelhektorbetgiris.com,keyword_match,37,LOW,False,2026-07-24 11:05:39.350802+00:00,True
http://melbets.gg,melbets.gg,keyword_match,36,LOW,False,2026-07-24 21:46:34.360391+00:00,True
http://mostbet-np.co,mostbet-np.co,keyword_match,31,LOW,True,2026-07-23 22:57:13.441352+00:00,True
http://dreamjililaro.com,dreamjililaro.com,keyword_match,20,LOW,False,2026-07-26 04:43:11.613823+00:00,True
http://boomerangbetcasinos-nl-103521.pages.dev,boomerangbetcasinos-nl-103521.pages.dev,keyword_match,46,MEDIUM,False,2026-07-24 20:10:42.281946+00:00,True
http://my-account.casinomaxi9109.com,my-account.casinomaxi9109.com,keyword_match,62,HIGH,True,2026-07-26 10:37:19.643689+00:00,True
http://chat.casinomaxi9109.com,chat.casinomaxi9109.com,keyword_match,41,MEDIUM,False,2026-07-25 19:46:43.051489+00:00,True
http://ixxbet.net,ixxbet.net,keyword_match,47,MEDIUM,True,2026-07-26 13:06:05.034487+00:00,True
http://app.leonbets-casino-a5hc.buzz,app.leonbets-casino-a5hc.buzz,keyword_match,40,MEDIUM,False,2026-07-24 10:49:09.927481+00:00,True
http://signup.1xbet-guz.top,signup.1xbet-guz.top,keyword_match,30,LOW,False,2026-07-24 16:35:55.446909+00:00,True
http://casinometropol951.com,casinometropol951.com,keyword_match,37,LOW,False,2026-07-25 22:41:44.832134+00:00,True
http://1xbet-bvxh.top,1xbet-bvxh.top,keyword_match,33,LOW,False,2026-07-24 14:08:27.818777+00:00,True
http://1xbetapp.lol,1xbetapp.lol,keyword_match,23,LOW,False,2026-07-26 03:28:46.595405+00:00,True
http://31jiliwin.com,31jiliwin.com,keyword_match,31,LOW,False,2026-07-25 18:04:10.344856+00:00,True
http://tertuliabenfiquista.melbet-kazino.top,tertuliabenfiquista.melbet-kazino.top,keyword_match,23,LOW,False,2026-07-24 04:56:23.019960+00:00,True
http://wowjilivip.com,wowjilivip.com,keyword_match,20,LOW,False,2026-07-26 06:00:49.428598+00:00,True
http://sixbeta.ca,sixbeta.ca,keyword_match,20,LOW,False,2026-07-25 15:59:21.136876+00:00,True
http://bdvajilive.com,bdvajilive.com,keyword_match,41,MEDIUM,True,2026-07-26 13:05:43.734815+00:00,True
http://hadesbetcasino.online,hadesbetcasino.online,keyword_match,45,MEDIUM,False,2026-07-24 18:41:47.006373+00:00,True
http://www.1xbet-36921.ru,www.1xbet-36921.ru,keyword_match,67,HIGH,True,2026-07-26 11:32:20.283773+00:00,True
http://jilion.com,jilion.com,keyword_match,22,LOW,False,2026-07-26 07:18:43.746001+00:00,True
http://basswincasino.pro,basswincasino.pro,keyword_match,23,LOW,False,2026-07-25 20:37:24.143481+00:00,True
http://betway88xihanmuliank.cn,betway88xihanmuliank.cn,keyword_match,50,MEDIUM,True,2026-07-26 13:09:12.229455+00:00,True
http://onlinecasinobeste-co-nl.pages.dev,onlinecasinobeste-co-nl.pages.dev,keyword_match,41,MEDIUM,False,2026-07-26 06:35:16.977406+00:00,True
http://8xbett.jp.net,8xbett.jp.net,keyword_match,32,LOW,False,2026-07-24 17:45:32.642725+00:00,True
http://789xbet.me,789xbet.me,keyword_match,21,LOW,False,2026-07-24 15:00:25.958340+00:00,True
http://pinuploginapp.net,pinuploginapp.net,keyword_match,44,MEDIUM,True,2026-07-26 13:12:56.975186+00:00,True
http://1xbet-app.rs,1xbet-app.rs,keyword_match,37,LOW,True,2026-07-23 16:37:32.858788+00:00,True
http://my-account.casinometropol775.com,my-account.casinometropol775.com,keyword_match,41,MEDIUM,False,2026-07-24 14:41:41.810712+00:00,True
http://jili6662.com,jili6662.com,keyword_match,16,BENIGN,False,2026-07-24 18:15:31.256453+00:00,True
http://mta-sts.spinupwp.app,mta-sts.spinupwp.app,keyword_match,21,LOW,False,2026-07-24 11:52:39.681476+00:00,True
http://luxbet138.net,luxbet138.net,keyword_match,49,MEDIUM,False,2026-07-24 13:43:35.269945+00:00,True
http://melbet.locker,melbet.locker,keyword_match,38,LOW,False,2026-07-25 20:19:29.006537+00:00,True
http://thgmaxbet.com,thgmaxbet.com,keyword_match,25,LOW,False,2026-07-24 20:56:15.671523+00:00,True
http://whm.1xbet-vxaw.top,whm.1xbet-vxaw.top,keyword_match,48,MEDIUM,True,2026-07-26 11:15:34.755689+00:00,True
http://jilimacaowin.com,jilimacaowin.com,keyword_match,20,LOW,False,2026-07-25 13:07:14.395428+00:00,True
http://vulkanveg-argentreel.click,vulkanveg-argentreel.click,keyword_match,60,HIGH,True,2026-07-26 12:41:53.900982+00:00,True
http://sahabetcasino.com,sahabetcasino.com,keyword_match,26,LOW,True,2026-07-24 04:42:04.681835+00:00,True
http://1xbet-tqts.top,1xbet-tqts.top,keyword_match,28,LOW,False,2026-07-25 21:24:01.264788+00:00,True
http://www.guncelsporbet.com,www.guncelsporbet.com,keyword_match,23,LOW,False,2026-07-24 10:40:31.991417+00:00,True
http://www.321launchlive.com,www.321launchlive.com,keyword_match,47,MEDIUM,False,2026-07-25 01:32:46.755513+00:00,True
http://biglucky.com,biglucky.com,keyword_match,45,MEDIUM,True,2026-07-23 17:32:52.318561+00:00,True
http://vavadaa45.com,vavadaa45.com,keyword_match,32,LOW,False,2026-07-25 19:13:07.749470+00:00,True
http://vavadaapk2.com,vavadaapk2.com,keyword_match,34,LOW,False,2026-07-25 02:14:33.688939+00:00,True
http://my-account.casinometropol1006.com,my-account.casinometropol1006.com,keyword_match,45,MEDIUM,False,2026-07-25 04:21:39.857432+00:00,True
http://betway.mex.com,betway.mex.com,keyword_match,32,LOW,False,2026-07-26 06:23:44.112488+00:00,True
http://account.riobetcasino-dmy.top,account.riobetcasino-dmy.top,keyword_match,33,LOW,False,2026-07-26 06:10:54.748407+00:00,True
http://oauth.1xbet-vxaw.top,oauth.1xbet-vxaw.top,keyword_match,30,LOW,True,2026-07-23 17:32:12.353013+00:00,True
http://jili8989.com,jili8989.com,keyword_match,16,BENIGN,False,2026-07-25 14:48:24.994533+00:00,True
http://www.4xbet.hk,www.4xbet.hk,keyword_match,29,LOW,False,2026-07-25 23:12:03.986438+00:00,True
http://pinupkazinoazerbaycan.com,pinupkazinoazerbaycan.com,keyword_match,32,LOW,False,2026-07-24 23:42:44.797665+00:00,True
http://bitstarzcasinos.at,bitstarzcasinos.at,keyword_match,40,MEDIUM,True,2026-07-24 06:18:25.104507+00:00,True
http://25jili.com,25jili.com,keyword_match,22,LOW,False,2026-07-25 18:49:56.218593+00:00,True
http://www.1xbet-be7q.top,www.1xbet-be7q.top,keyword_match,31,LOW,True,2026-07-23 20:06:03.966701+00:00,True
http://www.aaajili.link,www.aaajili.link,keyword_match,28,LOW,False,2026-07-24 23:47:54.483505+00:00,True
http://amunra-casino.gr,amunra-casino.gr,keyword_match,30,LOW,False,2026-07-24 13:48:06.965414+00:00,True
http://mail.sekabet-yenigiris.com,mail.sekabet-yenigiris.com,keyword_match,33,LOW,False,2026-07-25 14:49:54.859411+00:00,True
http://www.maxbett.de,www.maxbett.de,keyword_match,35,LOW,False,2026-07-24 16:21:36.108548+00:00,True
http://1xbet.veerstroygak.ru,1xbet.veerstroygak.ru,keyword_match,34,LOW,False,2026-07-25 05:24:53.773360+00:00,True
http://1xbet-appuz.com,1xbet-appuz.com,keyword_match,37,LOW,False,2026-07-25 09:13:34.738450+00:00,True
http://www.1xbet-12vip.top,www.1xbet-12vip.top,keyword_match,32,LOW,False,2026-07-25 13:32:18.135179+00:00,True
http://fezbetcasino-ch.eu.com,fezbetcasino-ch.eu.com,keyword_match,28,LOW,True,2026-07-24 07:14:56.990209+00:00,True
http://kralbetguncelitr.vip,kralbetguncelitr.vip,keyword_match,34,LOW,False,2026-07-24 05:28:15.227913+00:00,True
http://gen.mostbet-winner.com,gen.mostbet-winner.com,keyword_match,23,LOW,False,2026-07-25 19:12:50.142922+00:00,True
http://jili777slotjl.com,jili777slotjl.com,keyword_match,37,LOW,True,2026-07-24 01:57:57.668497+00:00,True
http://pincobet.com.br,pincobet.com.br,keyword_match,37,LOW,False,2026-07-24 18:13:34.774998+00:00,True
http://czmostbetonline-com.pages.dev,czmostbetonline-com.pages.dev,keyword_match,36,LOW,False,2026-07-25 11:12:04.484501+00:00,True
http://smjili6.com,smjili6.com,keyword_match,20,LOW,False,2026-07-25 18:29:52.013548+00:00,True
http://kz-vavada-casino.pgr.kz,kz-vavada-casino.pgr.kz,keyword_match,35,LOW,False,2026-07-25 23:05:23.609093+00:00,True
http://onlinecasinometpaypal-co-nl.pages.dev,onlinecasinometpaypal-co-nl.pages.dev,keyword_match,44,MEDIUM,False,2026-07-24 11:01:48.220494+00:00,True
http://1xbetbonus-az.com,1xbetbonus-az.com,keyword_match,47,MEDIUM,False,2026-07-26 05:41:51.665332+00:00,True
http://www.1xbet-gamess.bet,www.1xbet-gamess.bet,keyword_match,26,LOW,True,2026-07-24 05:41:27.164947+00:00,True
http://www.1xbet-81465.ru,www.1xbet-81465.ru,keyword_match,67,HIGH,True,2026-07-26 11:34:12.281435+00:00,True
http://accounts.1xbet-ssfj.top,accounts.1xbet-ssfj.top,keyword_match,33,LOW,False,2026-07-26 01:30:44.955066+00:00,True
http://console.1xbet-stx.top,console.1xbet-stx.top,keyword_match,34,LOW,False,2026-07-24 03:16:02.844672+00:00,True
http://tr.gtbetcasino.net,tr.gtbetcasino.net,keyword_match,25,LOW,False,2026-07-26 09:17:30.437027+00:00,True
http://1xbet-thai.co,1xbet-thai.co,keyword_match,34,LOW,False,2026-07-25 13:49:22.681221+00:00,True
http://pinco-casino-azerbaijan.it.com,pinco-casino-azerbaijan.it.com,keyword_match,41,MEDIUM,False,2026-07-24 17:35:41.591199+00:00,True
http://mrxbet.de.com,mrxbet.de.com,keyword_match,29,LOW,True,2026-07-24 00:12:30.026467+00:00,True
http://best.mostbet-azer3.ink,best.mostbet-azer3.ink,keyword_match,41,MEDIUM,False,2026-07-25 10:42:54.552582+00:00,True
http://pixbet.app,pixbet.app,keyword_match,21,LOW,False,2026-07-25 08:23:49.679663+00:00,True
http://www.1xbet-gamess-kaiyun.bet,www.1xbet-gamess-kaiyun.bet,keyword_match,42,MEDIUM,True,2026-07-24 03:44:01.046503+00:00,True
http://onlinecasino-hungary.com,onlinecasino-hungary.com,keyword_match,48,MEDIUM,False,2026-07-25 04:11:29.481822+00:00,True
http://vegasonlinecasino-at.eu.com,vegasonlinecasino-at.eu.com,keyword_match,25,LOW,True,2026-07-23 17:05:49.907554+00:00,True
http://bdbetjili88.com,bdbetjili88.com,keyword_match,47,MEDIUM,True,2026-07-23 19:56:46.883350+00:00,True
http://onebetcasino.org,onebetcasino.org,keyword_match,24,LOW,False,2026-07-24 10:28:40.266332+00:00,True
http://legjobbonlinecasino.eu,legjobbonlinecasino.eu,keyword_match,39,LOW,False,2026-07-26 03:36:52.686172+00:00,True
http://777betcasino.net,777betcasino.net,keyword_match,48,MEDIUM,False,2026-07-25 10:52:56.328506+00:00,True
http://account.1xbet-ssfj.top,account.1xbet-ssfj.top,keyword_match,33,LOW,False,2026-07-25 14:11:58.886861+00:00,True
http://maxbet388logincom.pages.dev,maxbet388logincom.pages.dev,keyword_match,44,MEDIUM,False,2026-07-26 07:24:59.575640+00:00,True
http://spinup-16.votepro.org,spinup-16.votepro.org,keyword_match,49,MEDIUM,True,2026-07-23 16:58:43.694895+00:00,True
http://www.yar.yenidenemebonusu.com,www.yar.yenidenemebonusu.com,keyword_match,30,LOW,True,2026-07-24 08:37:06.054501+00:00,True
http://mostbet-giris.org,mostbet-giris.org,keyword_match,26,LOW,False,2026-07-25 15:49:39.885415+00:00,True
http://findpincode.net,findpincode.net,keyword_match,13,BENIGN,False,2026-07-24 22:20:24.086886+00:00,True
http://pinup-soazerbaycanadacasino-az.pu550ev.com,pinup-soazerbaycanadacasino-az.pu550ev.com,keyword_match,60,HIGH,False,2026-07-25 15:33:49.701470+00:00,True
http://ibexbet.site,ibexbet.site,keyword_match,30,LOW,False,2026-07-25 18:29:42.887456+00:00,True
http://app1xbet.com.cm,app1xbet.com.cm,keyword_match,22,LOW,False,2026-07-25 07:16:39.282450+00:00,True
http://jiliapp99.vip,jiliapp99.vip,keyword_match,27,LOW,False,2026-07-25 20:45:49.158454+00:00,True
http://www.pokerdomius.top,www.pokerdomius.top,keyword_match,29,LOW,False,2026-07-24 20:35:01.495066+00:00,True
http://melbetthailand.info,melbetthailand.info,keyword_match,35,LOW,False,2026-07-25 23:00:03.614245+00:00,True
http://spinup-18.votepro.org,spinup-18.votepro.org,keyword_match,49,MEDIUM,True,2026-07-23 16:59:13.936176+00:00,True
http://www.1xbet-79241.ru,www.1xbet-79241.ru,keyword_match,65,HIGH,True,2026-07-26 11:28:41.065166+00:00,True
http://winchliftingfurnitureegy.com,winchliftingfurnitureegy.com,keyword_match,26,LOW,True,2026-07-24 00:33:01.553513+00:00,True
http://www.pinupbeauty13008.com,www.pinupbeauty13008.com,keyword_match,55,MEDIUM,False,2026-07-25 16:59:41.232112+00:00,True
http://betwaycasino-it.it,betwaycasino-it.it,keyword_match,38,LOW,False,2026-07-24 22:09:02.617734+00:00,True
http://oz2wincasinoaustralia.com,oz2wincasinoaustralia.com,keyword_match,35,LOW,False,2026-07-24 14:16:27.968743+00:00,True
http://pinco-casino26.vip,pinco-casino26.vip,keyword_match,39,LOW,True,2026-07-23 17:44:25.451690+00:00,True
http://roobetcasinonorge.pages.dev,roobetcasinonorge.pages.dev,keyword_match,26,LOW,False,2026-07-25 15:18:04.560204+00:00,True
http://vavadaeesti-com.pages.dev,vavadaeesti-com.pages.dev,keyword_match,23,LOW,False,2026-07-25 13:58:56.105867+00:00,True
http://onbetcasino.online,onbetcasino.online,keyword_match,42,MEDIUM,False,2026-07-24 20:19:00.099396+00:00,True
http://bettilt-yeniadres.com,bettilt-yeniadres.com,keyword_match,43,MEDIUM,True,2026-07-26 11:47:24.040398+00:00,True
http://www.pinupsys.com,www.pinupsys.com,keyword_match,41,MEDIUM,False,2026-07-25 16:47:00.854223+00:00,True
http://spinup-9.votepro.org,spinup-9.votepro.org,keyword_match,34,LOW,True,2026-07-23 17:02:19.038784+00:00,True
http://apolobetcasino.cz,apolobetcasino.cz,keyword_match,30,LOW,False,2026-07-24 20:23:32.576414+00:00,True
http://melbet-tr.store,melbet-tr.store,keyword_match,17,BENIGN,True,2026-07-26 09:49:21.787328+00:00,True
http://gmaxbet-th.co,gmaxbet-th.co,keyword_match,37,LOW,False,2026-07-26 01:48:33.968601+00:00,True
http://sportsbooklive.casinomaxi793.com,sportsbooklive.casinomaxi793.com,keyword_match,43,MEDIUM,False,2026-07-25 23:05:37.085392+00:00,True
http://bar.mostbet-casino-games.com,bar.mostbet-casino-games.com,keyword_match,34,LOW,False,2026-07-25 19:09:47.232050+00:00,True
http://sharpincometaxservice.com,sharpincometaxservice.com,keyword_match,38,LOW,False,2026-07-25 02:41:40.616151+00:00,True
http://cassino.xbet2.online,cassino.xbet2.online,keyword_match,38,LOW,False,2026-07-25 16:59:53.216907+00:00,True
http://grandbetb.com,grandbetb.com,keyword_match,31,LOW,False,2026-07-25 17:46:23.573588+00:00,True
http://bajilivemy.org,bajilivemy.org,keyword_match,35,LOW,False,2026-07-26 07:20:03.681736+00:00,True
http://gunsbetcasino-ch.eu.com,gunsbetcasino-ch.eu.com,keyword_match,25,LOW,False,2026-07-24 12:18:07.091552+00:00,True
http://signin.riobetcasino-poo.top,signin.riobetcasino-poo.top,keyword_match,33,LOW,False,2026-07-24 19:54:36.823597+00:00,True
http://jilipubs.com,jilipubs.com,keyword_match,35,LOW,True,2026-07-26 11:07:25.179730+00:00,True
http://india-pincode-map.pages.dev,india-pincode-map.pages.dev,keyword_match,49,MEDIUM,False,2026-07-25 05:22:44.642436+00:00,True
http://www.praxisadjili.de,www.praxisadjili.de,keyword_match,29,LOW,True,2026-07-23 21:42:52.887523+00:00,True
http://www.ajili.bet,www.ajili.bet,keyword_match,33,LOW,False,2026-07-25 11:28:35.231590+00:00,True
http://admiralbetcasino.de.com,admiralbetcasino.de.com,keyword_match,25,LOW,False,2026-07-25 14:27:30.923478+00:00,True
http://1xbet-bk-guide.ru,1xbet-bk-guide.ru,keyword_match,61,HIGH,True,2026-07-26 11:38:30.256430+00:00,True
http://ww38.win-1xbetpk.click,ww38.win-1xbetpk.click,keyword_match,41,MEDIUM,False,2026-07-25 00:54:11.943668+00:00,True
http://1xbet-gamess-kaiyun.bet,1xbet-gamess-kaiyun.bet,keyword_match,35,LOW,True,2026-07-24 03:43:54.990170+00:00,True
http://www.1xbet-scay.click,www.1xbet-scay.click,keyword_match,34,LOW,False,2026-07-24 15:05:56.487302+00:00,True
http://betjili.ai,betjili.ai,keyword_match,30,LOW,False,2026-07-25 23:04:18.758399+00:00,True
http://dreamjili-online.com,dreamjili-online.com,keyword_match,24,LOW,False,2026-07-25 00:04:49.418977+00:00,True
http://test.1xbet-dch.top,test.1xbet-dch.top,keyword_match,32,LOW,False,2026-07-25 16:47:20.292324+00:00,True
http://portal.1xbet-zyjf.top,portal.1xbet-zyjf.top,keyword_match,33,LOW,False,2026-07-26 03:57:58.877695+00:00,True
http://amjili.shop,amjili.shop,keyword_match,28,LOW,False,2026-07-26 06:47:50.025400+00:00,True
http://jilipj.com,jilipj.com,keyword_match,26,LOW,False,2026-07-25 12:43:49.050486+00:00,True
http://tonybetcasino-be.eu.com,tonybetcasino-be.eu.com,keyword_match,25,LOW,True,2026-07-23 21:45:17.652426+00:00,True
http://melbet-crm.top,melbet-crm.top,keyword_match,33,LOW,False,2026-07-25 21:31:56.430814+00:00,True
http://elexbeterkansinem.vip,elexbeterkansinem.vip,keyword_match,24,LOW,False,2026-07-25 19:06:38.414562+00:00,True
http://1xbet-kz-vhod.net,1xbet-kz-vhod.net,keyword_match,31,LOW,False,2026-07-25 20:01:46.797736+00:00,True
http://m.guncel-sitegirisler.vip,m.guncel-sitegirisler.vip,keyword_match,38,LOW,False,2026-07-25 14:35:57.216419+00:00,True
http://www.ajiliti.com,www.ajiliti.com,keyword_match,30,LOW,False,2026-07-25 12:25:41.606416+00:00,True
http://www.aviatrixbets.com,www.aviatrixbets.com,keyword_match,32,LOW,False,2026-07-25 11:13:14.714517+00:00,True
http://centos.melbet-buw.buzz,centos.melbet-buw.buzz,keyword_match,29,LOW,True,2026-07-24 06:35:14.780299+00:00,True
http://1xbetapk.lol,1xbetapk.lol,keyword_match,23,LOW,False,2026-07-26 05:51:46.426441+00:00,True
http://www.1xbet36s.vip,www.1xbet36s.vip,keyword_match,62,HIGH,True,2026-07-26 10:09:06.261253+00:00,True
http://mostbet-kazino-oynay.com,mostbet-kazino-oynay.com,keyword_match,37,LOW,False,2026-07-24 18:14:47.188491+00:00,True
http://txbeta.cmrp.eu,txbeta.cmrp.eu,keyword_match,32,LOW,False,2026-07-26 00:48:55.879353+00:00,True
http://vulkan-russia24.com,vulkan-russia24.com,keyword_match,52,MEDIUM,True,2026-07-26 11:56:54.993603+00:00,True
http://onlinecasinomecreditcard-nl.pages.dev,onlinecasinomecreditcard-nl.pages.dev,keyword_match,30,LOW,False,2026-07-26 08:36:37.319451+00:00,True
http://www.pulibetguncelgiris7.com,www.pulibetguncelgiris7.com,keyword_match,23,LOW,False,2026-07-25 14:09:08.673443+00:00,True
http://188betwayvn.co,188betwayvn.co,keyword_match,46,MEDIUM,False,2026-07-25 14:00:54.254953+00:00,True
http://jili3.link,jili3.link,keyword_match,30,LOW,False,2026-07-24 11:25:35.381722+00:00,True
http://dachbetcasino-ch.eu.com,dachbetcasino-ch.eu.com,keyword_match,25,LOW,True,2026-07-24 08:03:19.595556+00:00,True
http://nagaway-4xbet.com,nagaway-4xbet.com,keyword_match,45,MEDIUM,False,2026-07-25 08:29:17.206491+00:00,True
http://iphone-1xbet.icu,iphone-1xbet.icu,keyword_match,48,MEDIUM,True,2026-07-26 11:19:56.415642+00:00,True
http://mostbet00472.online,mostbet00472.online,keyword_match,47,MEDIUM,False,2026-07-25 10:16:48.767489+00:00,True
http://gettobetguncel.com,gettobetguncel.com,keyword_match,28,LOW,False,2026-07-25 23:27:27.007313+00:00,True
http://228jili.com,228jili.com,keyword_match,16,BENIGN,False,2026-07-26 05:08:58.806833+00:00,True
http://betjili68.com,betjili68.com,keyword_match,55,MEDIUM,False,2026-07-24 01:57:23.108600+00:00,True
http://romibetcasino.de,romibetcasino.de,keyword_match,35,LOW,False,2026-07-26 02:07:28.050251+00:00,True
http://playtimeonlinecasino.com,playtimeonlinecasino.com,keyword_match,24,LOW,True,2026-07-24 10:14:24.765749+00:00,True
http://jili33.info,jili33.info,keyword_match,22,LOW,True,2026-07-24 03:10:38.424342+00:00,True
http://www.kinbetcasino-australia.com,www.kinbetcasino-australia.com,keyword_match,32,LOW,False,2026-07-25 17:42:05.278421+00:00,True
http://jilibdt.net,jilibdt.net,keyword_match,16,BENIGN,False,2026-07-25 13:35:58.379456+00:00,True
http://1xbet-mobile.ng,1xbet-mobile.ng,keyword_match,31,LOW,False,2026-07-24 18:43:15.323350+00:00,True
http://pinup-pinapaz.profibusgroup.com,pinup-pinapaz.profibusgroup.com,keyword_match,30,LOW,False,2026-07-26 03:49:42.980437+00:00,True
http://www.vinbetcasino.com,www.vinbetcasino.com,keyword_match,34,LOW,False,2026-07-24 21:33:54.917088+00:00,True
http://www.1xbet-nu5f.top,www.1xbet-nu5f.top,keyword_match,26,LOW,False,2026-07-25 23:09:27.675865+00:00,True
http://vicibetcasinos1.de,vicibetcasinos1.de,keyword_match,55,MEDIUM,True,2026-07-26 11:58:59.281858+00:00,True
http://www.vavadalockcasino-7ws0.buzz,www.vavadalockcasino-7ws0.buzz,keyword_match,45,MEDIUM,False,2026-07-25 14:28:02.756100+00:00,True
http://8xbetcom.club,8xbetcom.club,keyword_match,45,MEDIUM,False,2026-07-25 15:04:03.096573+00:00,True
http://hibetcasino.info,hibetcasino.info,keyword_match,21,LOW,False,2026-07-26 04:48:57.661383+00:00,True
http://betwaybiweishizhengguipinpaima.cn,betwaybiweishizhengguipinpaima.cn,keyword_match,23,LOW,False,2026-07-25 10:41:48.829804+00:00,True
http://fixbetguncelgiris.xyz,fixbetguncelgiris.xyz,keyword_match,30,LOW,False,2026-07-25 15:17:41.460695+00:00,True
http://quickwincasino.it.com,quickwincasino.it.com,keyword_match,28,LOW,False,2026-07-25 18:35:33.662886+00:00,True
http://pokerdoms1.work,pokerdoms1.work,keyword_match,54,MEDIUM,True,2026-07-26 11:27:26.573843+00:00,True
http://1xbetapp-algerie.com,1xbetapp-algerie.com,keyword_match,41,MEDIUM,False,2026-07-24 17:41:15.998491+00:00,True
http://betroad-guncel.com,betroad-guncel.com,keyword_match,28,LOW,False,2026-07-25 05:12:04.388182+00:00,True
http://fruit-cocktail-pinup.mx,fruit-cocktail-pinup.mx,keyword_match,42,MEDIUM,False,2026-07-25 19:26:38.943581+00:00,True
http://onlinecasinogermany.de.com,onlinecasinogermany.de.com,keyword_match,27,LOW,False,2026-07-25 19:45:01.231769+00:00,True
http://kingbillyonlinecasino.net,kingbillyonlinecasino.net,keyword_match,26,LOW,False,2026-07-26 04:27:10.535937+00:00,True
http://sso.1xbet-bend.top,sso.1xbet-bend.top,keyword_match,28,LOW,False,2026-07-24 23:54:29.435597+00:00,True
http://1xbethailand.org,1xbethailand.org,keyword_match,45,MEDIUM,False,2026-07-25 19:28:39.230302+00:00,True
http://melmelbet.com,melmelbet.com,keyword_match,40,MEDIUM,False,2026-07-24 21:18:08.359002+00:00,True
http://1xbet-hfrd.top,1xbet-hfrd.top,keyword_match,28,LOW,False,2026-07-26 02:21:44.339307+00:00,True
http://kkk-jiliapk.com,kkk-jiliapk.com,keyword_match,16,BENIGN,False,2026-07-25 20:18:35.216428+00:00,True
http://77jili.live,77jili.live,keyword_match,26,LOW,False,2026-07-26 05:12:07.444369+00:00,True
http://777betcasinologin.net,777betcasinologin.net,keyword_match,43,MEDIUM,False,2026-07-26 05:33:50.796411+00:00,True
http://jili707.fazendoxbrasil.com,jili707.fazendoxbrasil.com,keyword_match,44,MEDIUM,False,2026-07-25 22:11:13.055515+00:00,True
http://jili168game.shop,jili168game.shop,keyword_match,46,MEDIUM,False,2026-07-26 07:18:02.406409+00:00,True
http://vulkancasinode.de,vulkancasinode.de,keyword_match,23,LOW,True,2026-07-24 03:07:56.378676+00:00,True
http://inky-betcasino.fr,inky-betcasino.fr,keyword_match,35,LOW,True,2026-07-24 07:08:44.756082+00:00,True
http://www.jilimm.com,www.jilimm.com,keyword_match,33,LOW,False,2026-07-24 12:21:36.401342+00:00,True
http://gjdvb.melbet-kazino.top,gjdvb.melbet-kazino.top,keyword_match,26,LOW,False,2026-07-24 04:47:55.086285+00:00,True
http://at.20betcasino.fr,at.20betcasino.fr,keyword_match,36,LOW,False,2026-07-25 19:22:16.392191+00:00,True
http://app777xbet.com,app777xbet.com,keyword_match,47,MEDIUM,True,2026-07-26 10:33:18.680794+00:00,True
http://1xbet-qg7h.top,1xbet-qg7h.top,keyword_match,20,LOW,False,2026-07-25 23:16:36.711545+00:00,True
http://jili138.net,jili138.net,keyword_match,17,BENIGN,True,2026-07-23 19:55:21.026422+00:00,True
http://pinupsalonloganville.com,pinupsalonloganville.com,keyword_match,44,MEDIUM,False,2026-07-25 14:09:38.595482+00:00,True
http://ixbetterhome.com,ixbetterhome.com,keyword_match,17,BENIGN,False,2026-07-25 11:32:22.452328+00:00,True
http://vulkanizacia.am,vulkanizacia.am,keyword_match,29,LOW,False,2026-07-25 22:54:49.923349+00:00,True
http://m-racing.casinomaxi9108.com,m-racing.casinomaxi9108.com,keyword_match,51,MEDIUM,False,2026-07-25 23:33:06.180481+00:00,True
http://mostbetyukle-az.website,mostbetyukle-az.website,keyword_match,36,LOW,True,2026-07-24 04:41:37.900022+00:00,True
http://pinup.casino3023.buzz,pinup.casino3023.buzz,keyword_match,47,MEDIUM,False,2026-07-25 01:52:21.033374+00:00,True
http://vavada.in.net,vavada.in.net,keyword_match,31,LOW,True,2026-07-24 08:33:45.702343+00:00,True
http://jiliwinvip0.com,jiliwinvip0.com,keyword_match,46,MEDIUM,True,2026-07-26 12:44:00.251517+00:00,True
http://www.toponlinecasinouae.com,www.toponlinecasinouae.com,keyword_match,43,MEDIUM,True,2026-07-26 11:07:24.424153+00:00,True
http://1xbet-lk9l.top,1xbet-lk9l.top,keyword_match,18,BENIGN,False,2026-07-25 23:02:09.404715+00:00,True
http://1xbet-rstm6.top,1xbet-rstm6.top,keyword_match,27,LOW,True,2026-07-24 10:10:15.709735+00:00,True
http://time-warp-wife.melbet-slots.top,time-warp-wife.melbet-slots.top,keyword_match,34,LOW,False,2026-07-25 02:01:08.576460+00:00,True
http://www.vulkanprogrammingguide.com,www.vulkanprogrammingguide.com,keyword_match,27,LOW,True,2026-07-23 17:57:52.794476+00:00,True
http://www.1xbet-f4wv.top,www.1xbet-f4wv.top,keyword_match,26,LOW,False,2026-07-26 01:18:46.772268+00:00,True
http://xxjiliroulette.com,xxjiliroulette.com,keyword_match,20,LOW,False,2026-07-25 19:20:12.807478+00:00,True
http://1xbet-md2t.top,1xbet-md2t.top,keyword_match,18,BENIGN,False,2026-07-25 23:04:23.391013+00:00,True
http://aaajili.link,aaajili.link,keyword_match,24,LOW,False,2026-07-24 23:47:51.516794+00:00,True
http://janavsuresh-grandbet.pages.dev,janavsuresh-grandbet.pages.dev,keyword_match,23,LOW,False,2026-07-25 20:40:13.432471+00:00,True
http://axbetcasino.games,axbetcasino.games,keyword_match,40,MEDIUM,True,2026-07-24 06:57:55.335597+00:00,True
http://mostbethj.online,mostbethj.online,keyword_match,24,LOW,False,2026-07-25 13:39:32.900594+00:00,True
http://jili1002.com,jili1002.com,keyword_match,37,LOW,False,2026-07-25 05:49:10.841742+00:00,True
http://zone-ayxbet.com,zone-ayxbet.com,keyword_match,28,LOW,True,2026-07-24 05:36:00.504365+00:00,True
http://twitspincodes.pages.dev,twitspincodes.pages.dev,keyword_match,23,LOW,False,2026-07-25 06:38:56.350124+00:00,True
http://gratowincasino-enligne.com,gratowincasino-enligne.com,keyword_match,46,MEDIUM,False,2026-07-25 23:41:46.725531+00:00,True
http://jili20a.com,jili20a.com,keyword_match,30,LOW,False,2026-07-25 17:51:14.963561+00:00,True
http://www.onlinecasinorajah.in,www.onlinecasinorajah.in,keyword_match,34,LOW,False,2026-07-25 21:42:02.885400+00:00,True
http://manage.1xbet-life10.top,manage.1xbet-life10.top,keyword_match,48,MEDIUM,False,2026-07-25 17:16:02.681446+00:00,True
http://ljili7.com,ljili7.com,keyword_match,20,LOW,False,2026-07-24 17:54:38.593648+00:00,True
http://www.vavada9189r.sbs,www.vavada9189r.sbs,keyword_match,46,MEDIUM,False,2026-07-25 22:06:52.103239+00:00,True
http://bitjili.org,bitjili.org,keyword_match,20,LOW,True,2026-07-24 07:06:09.184494+00:00,True
http://www.jilihot.mobi,www.jilihot.mobi,keyword_match,31,LOW,False,2026-07-24 22:27:52.247794+00:00,True
http://1xbet-chile.pages.dev,1xbet-chile.pages.dev,keyword_match,35,LOW,False,2026-07-25 12:31:20.232455+00:00,True
http://pixbet999.net.babawin.me,pixbet999.net.babawin.me,keyword_match,36,LOW,False,2026-07-25 01:37:49.671498+00:00,True
http://1xbet-giris-azerbaijan.com,1xbet-giris-azerbaijan.com,keyword_match,32,LOW,False,2026-07-26 01:24:10.276999+00:00,True
http://jilipanalobet.com,jilipanalobet.com,keyword_match,20,LOW,False,2026-07-24 18:03:35.001496+00:00,True
http://winjili.club,winjili.club,keyword_match,31,LOW,False,2026-07-25 23:08:32.420437+00:00,True
http://www.1xbet-entrance.com,www.1xbet-entrance.com,keyword_match,26,LOW,False,2026-07-26 03:59:05.689030+00:00,True
http://sekabetguncel.biz,sekabetguncel.biz,keyword_match,28,LOW,False,2026-07-25 01:05:25.666576+00:00,True
http://mrxbet.hu.net,mrxbet.hu.net,keyword_match,29,LOW,True,2026-07-24 01:43:46.216721+00:00,True
http://www.vulkanus.com,www.vulkanus.com,keyword_match,23,LOW,False,2026-07-26 06:39:55.171820+00:00,True
http://bitstarzcasino-no.com,bitstarzcasino-no.com,keyword_match,28,LOW,False,2026-07-24 10:41:50.334201+00:00,True
http://mostbet-czech.logopediekromeriz.cz,mostbet-czech.logopediekromeriz.cz,keyword_match,40,MEDIUM,True,2026-07-26 11:17:35.952606+00:00,True
http://maxbet115.com,maxbet115.com,keyword_match,46,MEDIUM,True,2026-07-24 10:22:47.761461+00:00,True
http://avantgardecasinos-au1.com,avantgardecasinos-au1.com,keyword_match,39,LOW,True,2026-07-23 15:46:10.134796+00:00,True
http://maxbet28.vip,maxbet28.vip,keyword_match,39,LOW,True,2026-07-24 03:26:34.687433+00:00,True
http://vitonbettingguncel.com,vitonbettingguncel.com,keyword_match,30,LOW,False,2026-07-25 15:26:42.160413+00:00,True
http://bolbetcasino.de,bolbetcasino.de,keyword_match,23,LOW,False,2026-07-24 11:15:07.491484+00:00,True
http://www.jili138.net,www.jili138.net,keyword_match,17,BENIGN,True,2026-07-23 19:55:30.919077+00:00,True
http://365maxbet.fun,365maxbet.fun,keyword_match,37,LOW,False,2026-07-26 06:08:49.287802+00:00,True
http://fitness.014w8.1xbet-uyfd.top,fitness.014w8.1xbet-uyfd.top,keyword_match,50,MEDIUM,False,2026-07-26 00:26:24.688370+00:00,True
http://phlfbjili.com,phlfbjili.com,keyword_match,39,LOW,True,2026-07-24 04:05:45.803194+00:00,True
http://vulkanspielero.com,vulkanspielero.com,keyword_match,26,LOW,False,2026-07-25 18:49:54.479427+00:00,True
http://freshbetcasino-online.uk,freshbetcasino-online.uk,keyword_match,37,LOW,False,2026-07-24 17:40:57.137826+00:00,True
http://findpincode.delhibazar.online,findpincode.delhibazar.online,keyword_match,37,LOW,False,2026-07-26 08:53:20.196414+00:00,True
http://1xbet-giris-az.org,1xbet-giris-az.org,keyword_match,41,MEDIUM,True,2026-07-24 01:49:34.735463+00:00,True
http://mostbet-app-chile.cl,mostbet-app-chile.cl,keyword_match,36,LOW,True,2026-07-23 19:38:32.428464+00:00,True
http://1xbet-69036.top,1xbet-69036.top,keyword_match,34,LOW,False,2026-07-24 16:11:15.144474+00:00,True
http://enjoybetguncel.com,enjoybetguncel.com,keyword_match,61,HIGH,True,2026-07-26 12:39:32.579540+00:00,True
http://vavada9189r.sbs,vavada9189r.sbs,keyword_match,43,MEDIUM,False,2026-07-25 22:06:35.622518+00:00,True
http://twincasinofr-fr.com,twincasinofr-fr.com,keyword_match,34,LOW,True,2026-07-24 03:10:45.945512+00:00,True
http://vulkanbetturkey.pages.dev,vulkanbetturkey.pages.dev,keyword_match,38,LOW,True,2026-07-26 11:25:28.476542+00:00,True
http://jiliwin3.org,jiliwin3.org,keyword_match,27,LOW,True,2026-07-24 04:38:56.165890+00:00,True
http://appmelbet-venezuela.com,appmelbet-venezuela.com,keyword_match,38,LOW,False,2026-07-26 03:03:08.680592+00:00,True
http://totalbetcasino.de.com,totalbetcasino.de.com,keyword_match,25,LOW,False,2026-07-25 16:52:46.373412+00:00,True
http://mostbetazerbaycanonline.com,mostbetazerbaycanonline.com,keyword_match,31,LOW,False,2026-07-24 14:53:25.717415+00:00,True
http://ww38.24-vulkan.space,ww38.24-vulkan.space,keyword_match,49,MEDIUM,False,2026-07-26 07:55:46.156423+00:00,True
http://iwinjiliwin.com,iwinjiliwin.com,keyword_match,20,LOW,False,2026-07-25 22:38:37.592497+00:00,True
http://holiganbet-siteguncel.icu,holiganbet-siteguncel.icu,keyword_match,40,MEDIUM,False,2026-07-25 10:18:53.725117+00:00,True
http://tr.betgaranti-guncelgiris.cam,tr.betgaranti-guncelgiris.cam,keyword_match,35,LOW,False,2026-07-25 06:41:14.237470+00:00,True
http://pinco-casino-dr07.buzz,pinco-casino-dr07.buzz,keyword_match,41,MEDIUM,False,2026-07-25 20:56:21.558320+00:00,True
http://goldenbetcasino.it.com,goldenbetcasino.it.com,keyword_match,28,LOW,False,2026-07-26 02:17:52.653533+00:00,True
http://up08.websitefixbet88.com,up08.websitefixbet88.com,keyword_match,37,LOW,True,2026-07-23 22:52:54.810427+00:00,True
http://twincasinofr-fr-com-9b224e87.pages.dev,twincasinofr-fr-com-9b224e87.pages.dev,keyword_match,56,MEDIUM,False,2026-07-25 15:21:01.645491+00:00,True
http://jilibdt.fun,jilibdt.fun,keyword_match,20,LOW,False,2026-07-25 23:32:53.372501+00:00,True
http://mostbet88.net,mostbet88.net,keyword_match,51,MEDIUM,False,2026-07-24 00:17:53.084743+00:00,True
http://1xbet-almshhad-com.pages.dev,1xbet-almshhad-com.pages.dev,keyword_match,40,MEDIUM,True,2026-07-24 06:54:05.244047+00:00,True
http://m.vip-betway.com,m.vip-betway.com,keyword_match,28,LOW,False,2026-07-24 11:38:22.869594+00:00,True
http://mamabetcasino.fr,mamabetcasino.fr,keyword_match,28,LOW,True,2026-07-24 09:28:59.646539+00:00,True
http://1xbets.cm,1xbets.cm,keyword_match,31,LOW,False,2026-07-24 20:51:06.955096+00:00,True
http://joycasino.casino226.buzz,joycasino.casino226.buzz,keyword_match,45,MEDIUM,False,2026-07-25 16:25:27.225185+00:00,True
http://8xbetxoilac.com,8xbetxoilac.com,keyword_match,43,MEDIUM,True,2026-07-24 06:45:51.017484+00:00,True
http://mostbet-az-cazino.life,mostbet-az-cazino.life,keyword_match,38,LOW,False,2026-07-26 06:30:51.485846+00:00,True
http://1xbet-ac.org,1xbet-ac.org,keyword_match,34,LOW,False,2026-07-26 08:03:04.262592+00:00,True
http://poker.casinomaxi9109.com,poker.casinomaxi9109.com,keyword_match,62,HIGH,True,2026-07-26 10:24:36.531515+00:00,True
http://shopmcmxv.com,shopmcmxv.com,keyword_match,43,MEDIUM,False,2026-07-24 14:56:47.180406+00:00,True
http://mostbet22685.online,mostbet22685.online,keyword_match,50,MEDIUM,False,2026-07-25 16:11:47.312043+00:00,True
http://pincode-online.com,pincode-online.com,keyword_match,32,LOW,False,2026-07-25 14:50:38.708682+00:00,True
http://www.1xbet-64318.ru,www.1xbet-64318.ru,keyword_match,65,HIGH,True,2026-07-26 11:35:07.534472+00:00,True
http://www.90jili-online.com,www.90jili-online.com,keyword_match,44,MEDIUM,False,2026-07-25 00:50:40.303641+00:00,True
http://18xbet.org,18xbet.org,keyword_match,34,LOW,True,2026-07-23 17:24:27.961079+00:00,True
http://sbobetcasino.de.com,sbobetcasino.de.com,keyword_match,25,LOW,False,2026-07-25 04:27:13.347523+00:00,True
http://8xbett.wales,8xbett.wales,keyword_match,30,LOW,False,2026-07-26 08:52:40.251534+00:00,True
http://www.aapincorporation.com,www.aapincorporation.com,keyword_match,13,BENIGN,True,2026-07-24 03:30:06.857430+00:00,True
http://onlinecasinohamburg.info,onlinecasinohamburg.info,keyword_match,40,MEDIUM,False,2026-07-25 02:24:31.633661+00:00,True
http://1xbet-lfjw.top,1xbet-lfjw.top,keyword_match,39,LOW,False,2026-07-26 01:06:54.313388+00:00,True
http://server.server.flexbeta.net,server.server.flexbeta.net,keyword_match,26,LOW,False,2026-07-26 04:40:19.095953+00:00,True
http://bd1betjili.com,bd1betjili.com,keyword_match,36,LOW,True,2026-07-23 17:54:27.172401+00:00,True
http://sxbetx.com,sxbetx.com,keyword_match,32,LOW,False,2026-07-25 15:44:38.535391+00:00,True
http://www.maxbet1688-vip.com,www.maxbet1688-vip.com,keyword_match,54,MEDIUM,False,2026-07-25 22:01:12.785633+00:00,True
http://grandbet885dew.site,grandbet885dew.site,keyword_match,41,MEDIUM,False,2026-07-24 11:11:03.099507+00:00,True
http://m.1xbet-yjg.top,m.1xbet-yjg.top,keyword_match,32,LOW,False,2026-07-26 07:40:33.219076+00:00,True
http://jiliph369.asia,jiliph369.asia,keyword_match,41,MEDIUM,False,2026-07-25 11:39:12.216192+00:00,True
http://mostbetgirisonline-com.pages.dev,mostbetgirisonline-com.pages.dev,keyword_match,35,LOW,False,2026-07-25 01:17:18.409554+00:00,True
http://vulkancasino-play.org,vulkancasino-play.org,keyword_match,23,LOW,False,2026-07-24 10:34:48.688355+00:00,True
http://accounts.1xbet-guz.top,accounts.1xbet-guz.top,keyword_match,33,LOW,False,2026-07-26 06:55:33.052814+00:00,True
http://fckairatx1xbet.net,fckairatx1xbet.net,keyword_match,38,LOW,False,2026-07-26 05:54:24.160985+00:00,True
http://rtpslotjili.com,rtpslotjili.com,keyword_match,28,LOW,True,2026-07-24 08:23:10.715446+00:00,True
http://www.aijili777.io,www.aijili777.io,keyword_match,39,LOW,False,2026-07-26 06:33:59.338714+00:00,True
http://www.sixbeta.ca,www.sixbeta.ca,keyword_match,25,LOW,False,2026-07-25 15:59:13.529920+00:00,True
http://whm.1xbet-xinm.top,whm.1xbet-xinm.top,keyword_match,33,LOW,False,2026-07-25 12:19:35.008488+00:00,True
http://selamatbet-official.pages.dev,selamatbet-official.pages.dev,keyword_match,23,LOW,False,2026-07-25 23:20:54.496410+00:00,True
http://rxbetbet.com,rxbetbet.com,keyword_match,57,MEDIUM,True,2026-07-26 10:09:16.818413+00:00,True
http://www.jili22.club,www.jili22.club,keyword_match,28,LOW,False,2026-07-24 21:24:29.506985+00:00,True
http://sjiliko.com,sjiliko.com,keyword_match,20,LOW,True,2026-07-24 07:30:46.160477+00:00,True
http://betyonerguncel.com,betyonerguncel.com,keyword_match,64,HIGH,True,2026-07-26 13:02:08.153528+00:00,True
http://mostbet.casino3845.buzz,mostbet.casino3845.buzz,keyword_match,51,MEDIUM,True,2026-07-23 17:37:24.855543+00:00,True
http://www.jojobet.shop,www.jojobet.shop,keyword_match,37,LOW,True,2026-07-23 17:24:13.125697+00:00,True
http://joycasino1501.online,joycasino1501.online,keyword_match,39,LOW,False,2026-07-24 22:27:31.021385+00:00,True
http://casinoprensesguncel.com,casinoprensesguncel.com,keyword_match,38,LOW,False,2026-07-24 18:19:05.788327+00:00,True
http://melbet-slots.top,melbet-slots.top,keyword_match,22,LOW,False,2026-07-25 01:54:54.737565+00:00,True
http://amunra-0705.com,amunra-0705.com,keyword_match,30,LOW,True,2026-07-23 19:53:16.999067+00:00,True
http://bespincoin.pages.dev,bespincoin.pages.dev,keyword_match,26,LOW,False,2026-07-25 06:40:34.541376+00:00,True
http://tin1xbetvivip.com,tin1xbetvivip.com,keyword_match,30,LOW,False,2026-07-25 15:29:47.841675+00:00,True
http://jili300.org,jili300.org,keyword_match,26,LOW,False,2026-07-24 13:54:41.517551+00:00,True
http://www.stepinup.in,www.stepinup.in,keyword_match,24,LOW,True,2026-07-24 06:38:43.461579+00:00,True
http://m.gtbetcasino.net,m.gtbetcasino.net,keyword_match,25,LOW,False,2026-07-26 09:08:34.490547+00:00,True
http://www.pincoart.com,www.pincoart.com,keyword_match,33,LOW,False,2026-07-24 18:38:24.007892+00:00,True
http://ttjili.com,ttjili.com,keyword_match,16,BENIGN,False,2026-07-25 18:52:48.084877+00:00,True
http://launchlab.wigclubmedical.com,launchlab.wigclubmedical.com,keyword_match,30,LOW,False,2026-07-25 06:46:14.414944+00:00,True
http://zerkalocasino14.ru,zerkalocasino14.ru,keyword_match,40,MEDIUM,True,2026-07-24 08:21:34.510391+00:00,True
http://signin.1xbet-gsei.top,signin.1xbet-gsei.top,keyword_match,33,LOW,False,2026-07-25 04:17:43.760458+00:00,True
http://console.1xbet-pdio.top,console.1xbet-pdio.top,keyword_match,30,LOW,False,2026-07-24 11:23:02.622415+00:00,True
http://jilibay-php.com,jilibay-php.com,keyword_match,26,LOW,False,2026-07-25 06:40:20.326953+00:00,True
http://guncelsporbet.com,guncelsporbet.com,keyword_match,20,LOW,False,2026-07-24 10:40:43.668505+00:00,True
http://mostbetuzuzbekistan.com,mostbetuzuzbekistan.com,keyword_match,47,MEDIUM,True,2026-07-24 07:20:42.447566+00:00,True
http://mostbet-mx-club.mx,mostbet-mx-club.mx,keyword_match,36,LOW,True,2026-07-23 19:53:28.395433+00:00,True
http://xbetchickax.website,xbetchickax.website,keyword_match,44,MEDIUM,False,2026-07-24 15:02:45.486340+00:00,True
http://cashobetcasino.app,cashobetcasino.app,keyword_match,23,LOW,True,2026-07-24 07:53:02.844798+00:00,True
http://jilisama.com,jilisama.com,keyword_match,22,LOW,False,2026-07-24 20:51:45.848647+00:00,True
http://grandbet88times.com,grandbet88times.com,keyword_match,40,MEDIUM,False,2026-07-25 21:00:19.188358+00:00,True
http://ph-188jili.com,ph-188jili.com,keyword_match,23,LOW,False,2026-07-25 03:58:32.582209+00:00,True
http://123jilivip.net,123jilivip.net,keyword_match,30,LOW,False,2026-07-25 23:44:31.078639+00:00,True
http://mostbetuzbek.com,mostbetuzbek.com,keyword_match,25,LOW,False,2026-07-24 11:46:20.576606+00:00,True
http://neonwincasino.com.kz,neonwincasino.com.kz,keyword_match,22,LOW,False,2026-07-26 05:44:43.698959+00:00,True
http://mrxbetcasinofr.fr,mrxbetcasinofr.fr,keyword_match,20,LOW,False,2026-07-24 19:25:05.136789+00:00,True
http://www.dreamjili.link,www.dreamjili.link,keyword_match,28,LOW,False,2026-07-25 00:07:19.070838+00:00,True
http://vulkanostudio.com,vulkanostudio.com,keyword_match,31,LOW,True,2026-07-23 20:02:58.256139+00:00,True
http://betway789.net,betway789.net,keyword_match,36,LOW,False,2026-07-26 09:07:07.670518+00:00,True
http://spincoyeni.icu,spincoyeni.icu,keyword_match,31,LOW,False,2026-07-24 10:45:46.272224+00:00,True
http://racing.casinomaxi783.com,racing.casinomaxi783.com,keyword_match,39,LOW,False,2026-07-26 02:26:11.122690+00:00,True
http://1xbet-81465.ru,1xbet-81465.ru,keyword_match,61,HIGH,True,2026-07-26 11:34:12.295799+00:00,True
http://militarypinup.christinadownen.com,militarypinup.christinadownen.com,keyword_match,34,LOW,True,2026-07-24 03:22:44.230436+00:00,True
http://vavadadep5.com,vavadadep5.com,keyword_match,47,MEDIUM,False,2026-07-24 20:15:16.170489+00:00,True
http://oxbet.tel,oxbet.tel,keyword_match,25,LOW,False,2026-07-25 04:44:21.272845+00:00,True
http://www.1xbet-h5-kaiyun.bet,www.1xbet-h5-kaiyun.bet,keyword_match,46,MEDIUM,True,2026-07-24 03:56:54.246128+00:00,True
http://gramsbetcasino.pl,gramsbetcasino.pl,keyword_match,29,LOW,True,2026-07-24 03:14:46.765589+00:00,True
http://ecpincorporatedreviews.com,ecpincorporatedreviews.com,keyword_match,27,LOW,False,2026-07-24 21:38:18.508266+00:00,True
http://1xbet-gbvb.top,1xbet-gbvb.top,keyword_match,28,LOW,False,2026-07-26 01:19:45.632112+00:00,True
http://1xbetcasino.ae.org,1xbetcasino.ae.org,keyword_match,34,LOW,False,2026-07-25 23:39:12.531282+00:00,True
http://accounts.1xbet-iycl.top,accounts.1xbet-iycl.top,keyword_match,30,LOW,False,2026-07-25 17:40:58.732795+00:00,True
http://melbet-2258.pro,melbet-2258.pro,keyword_match,28,LOW,False,2026-07-24 19:47:28.737042+00:00,True
http://kirbylaw-grandbetfdff.pages.dev,kirbylaw-grandbetfdff.pages.dev,keyword_match,26,LOW,False,2026-07-25 14:04:20.899644+00:00,True
http://pokerdomapr.top,pokerdomapr.top,keyword_match,16,BENIGN,False,2026-07-25 22:47:04.927357+00:00,True
http://9xbetz.cloud,9xbetz.cloud,keyword_match,28,LOW,False,2026-07-25 17:49:27.674546+00:00,True
http://oauth.1xbet-m13.top,oauth.1xbet-m13.top,keyword_match,28,LOW,True,2026-07-24 01:42:17.523345+00:00,True
http://mostbetkorea.org,mostbetkorea.org,keyword_match,26,LOW,True,2026-07-23 18:44:03.019499+00:00,True
http://pinup-az-giris.ink,pinup-az-giris.ink,keyword_match,46,MEDIUM,True,2026-07-24 09:08:40.472465+00:00,True
http://lucky-streak-pinco-tr.pu550ev.com,lucky-streak-pinco-tr.pu550ev.com,keyword_match,52,MEDIUM,True,2026-07-24 04:00:40.141951+00:00,True
http://jiliyg.com,jiliyg.com,keyword_match,29,LOW,False,2026-07-24 16:03:48.781446+00:00,True
http://user.1xbet-fcxr.top,user.1xbet-fcxr.top,keyword_match,33,LOW,False,2026-07-25 03:10:11.565604+00:00,True
http://1xbet-nc3t.top,1xbet-nc3t.top,keyword_match,23,LOW,False,2026-07-25 23:06:52.751452+00:00,True
http://jilipggo.com,jilipggo.com,keyword_match,20,LOW,True,2026-07-24 01:19:01.804529+00:00,True
http://melbet-iraq.net,melbet-iraq.net,keyword_match,27,LOW,False,2026-07-26 07:16:42.760923+00:00,True
http://coolbetcasino.pages.dev,coolbetcasino.pages.dev,keyword_match,27,LOW,False,2026-07-25 19:31:10.985117+00:00,True
http://www.zone-ayxbet.com,www.zone-ayxbet.com,keyword_match,33,LOW,True,2026-07-24 05:36:07.740975+00:00,True
http://flight.014w8.1xbet-uyfd.top,flight.014w8.1xbet-uyfd.top,keyword_match,49,MEDIUM,False,2026-07-25 15:38:07.444352+00:00,True
http://hoppincoppins.com,hoppincoppins.com,keyword_match,30,LOW,False,2026-07-25 12:18:02.266621+00:00,True
http://mostbet-bonus-reg.xyz,mostbet-bonus-reg.xyz,keyword_match,34,LOW,False,2026-07-25 23:58:40.228566+00:00,True
http://77jili7.org,77jili7.org,keyword_match,26,LOW,False,2026-07-24 12:23:51.740786+00:00,True
http://account.1xbet-uyfd.top,account.1xbet-uyfd.top,keyword_match,33,LOW,False,2026-07-26 06:18:40.253989+00:00,True
http://ww38.leonbets-casino-a5hc.buzz,ww38.leonbets-casino-a5hc.buzz,keyword_match,55,MEDIUM,False,2026-07-24 10:49:28.492483+00:00,True
http://mostbetapp.io,mostbetapp.io,keyword_match,33,LOW,False,2026-07-25 15:13:19.009272+00:00,True
http://account.1xbet-egji.top,account.1xbet-egji.top,keyword_match,33,LOW,False,2026-07-25 16:29:09.442637+00:00,True
http://my-account.casinometropol1008.com,my-account.casinometropol1008.com,keyword_match,60,HIGH,True,2026-07-26 12:20:38.253667+00:00,True
http://melbet-0127.pro,melbet-0127.pro,keyword_match,38,LOW,False,2026-07-24 19:44:00.531355+00:00,True
http://www.vulkanisme.nl,www.vulkanisme.nl,keyword_match,42,MEDIUM,False,2026-07-24 14:29:02.954574+00:00,True
http://melbet-61210.pro,melbet-61210.pro,keyword_match,40,MEDIUM,False,2026-07-24 19:56:40.691537+00:00,True
http://aviator-pinco.ca,aviator-pinco.ca,keyword_match,22,LOW,False,2026-07-26 05:06:05.273434+00:00,True
http://22betcasino-ie.com,22betcasino-ie.com,keyword_match,44,MEDIUM,False,2026-07-25 20:21:20.797620+00:00,True
http://m.hiltonbet-guncel2026.vip,m.hiltonbet-guncel2026.vip,keyword_match,58,MEDIUM,False,2026-07-24 16:59:01.835476+00:00,True
http://ice.safirbetguncel-adres.icu,ice.safirbetguncel-adres.icu,keyword_match,53,MEDIUM,True,2026-07-26 11:51:41.761242+00:00,True
http://www.1xbet-md2t.top,www.1xbet-md2t.top,keyword_match,31,LOW,False,2026-07-25 23:04:28.767487+00:00,True
http://jilimax888.online,jilimax888.online,keyword_match,60,HIGH,True,2026-07-26 11:31:04.111436+00:00,True
http://vn777betcasino.com,vn777betcasino.com,keyword_match,45,MEDIUM,False,2026-07-26 05:29:24.801157+00:00,True
http://melbet-benin.mobi,melbet-benin.mobi,keyword_match,40,MEDIUM,False,2026-07-24 17:16:30.919333+00:00,True
http://711-jili.org,711-jili.org,keyword_match,26,LOW,False,2026-07-25 07:08:01.747504+00:00,True
http://wwwnet105.pokerdomrru.top,wwwnet105.pokerdomrru.top,keyword_match,34,LOW,False,2026-07-25 00:30:56.320395+00:00,True
http://emirbetcasino.de.com,emirbetcasino.de.com,keyword_match,28,LOW,False,2026-07-26 02:57:26.735864+00:00,True
http://wincasinoslots.com,wincasinoslots.com,keyword_match,23,LOW,False,2026-07-26 07:15:07.598441+00:00,True
http://onlinecasinosgd.com,onlinecasinosgd.com,keyword_match,29,LOW,True,2026-07-24 07:59:30.981423+00:00,True
http://fatbetcasino-uk-28af10f5.pages.dev,fatbetcasino-uk-28af10f5.pages.dev,keyword_match,56,MEDIUM,False,2026-07-26 07:14:56.567382+00:00,True
http://jojobet-tekseri.icu,jojobet-tekseri.icu,keyword_match,40,MEDIUM,False,2026-07-25 08:29:53.914993+00:00,True
http://noveonlinecasinosceskoulicenci.com,noveonlinecasinosceskoulicenci.com,keyword_match,27,LOW,True,2026-07-24 04:11:45.823568+00:00,True
http://www.kasino-mostbet.cz,www.kasino-mostbet.cz,keyword_match,34,LOW,False,2026-07-25 04:11:18.447374+00:00,True
http://2xbet.hk,2xbet.hk,keyword_match,23,LOW,False,2026-07-25 23:11:10.935462+00:00,True
http://jiliwin66.com,jiliwin66.com,keyword_match,30,LOW,True,2026-07-23 21:40:09.638842+00:00,True
http://leonbetcasino.de.com,leonbetcasino.de.com,keyword_match,25,LOW,False,2026-07-24 21:09:48.014889+00:00,True
http://jilislotbd.pages.dev,jilislotbd.pages.dev,keyword_match,23,LOW,False,2026-07-26 03:30:40.765047+00:00,True
http://1xbet-nu5f.top,1xbet-nu5f.top,keyword_match,18,BENIGN,False,2026-07-25 23:09:22.657387+00:00,True
http://maxbet1003.com,maxbet1003.com,keyword_match,45,MEDIUM,True,2026-07-24 04:14:11.234649+00:00,True
http://rexbetyeni.com,rexbetyeni.com,keyword_match,48,MEDIUM,True,2026-07-26 12:09:15.777423+00:00,True
http://pincorus757casinooo.com,pincorus757casinooo.com,keyword_match,46,MEDIUM,False,2026-07-26 06:23:15.268459+00:00,True
http://signup.1xbet-pdio.top,signup.1xbet-pdio.top,keyword_match,30,LOW,False,2026-07-24 11:22:59.990067+00:00,True
http://www.autoankauf-vulkaneifel.top,www.autoankauf-vulkaneifel.top,keyword_match,28,LOW,False,2026-07-25 11:26:33.042009+00:00,True
http://jcbonus50-joycasino.ru,jcbonus50-joycasino.ru,keyword_match,54,MEDIUM,False,2026-07-25 17:12:23.607793+00:00,True
http://mostbet-giris-azerbaycan.ink,mostbet-giris-azerbaycan.ink,keyword_match,34,LOW,False,2026-07-26 06:10:25.565623+00:00,True
http://jili.com.au,jili.com.au,keyword_match,28,LOW,False,2026-07-26 00:38:21.044471+00:00,True
http://www.1xbet-appuz.com,www.1xbet-appuz.com,keyword_match,27,LOW,False,2026-07-25 09:13:35.842168+00:00,True
http://gestiondecomptexbet.com,gestiondecomptexbet.com,keyword_match,49,MEDIUM,True,2026-07-26 09:59:09.654949+00:00,True
http://penta.denemebonusyenitr.vip,penta.denemebonusyenitr.vip,keyword_match,34,LOW,False,2026-07-25 21:43:09.558077+00:00,True
http://www1.leonbets-casino-a5hc.buzz,www1.leonbets-casino-a5hc.buzz,keyword_match,47,MEDIUM,False,2026-07-25 06:14:38.445678+00:00,True
http://mostbet33907.online,mostbet33907.online,keyword_match,50,MEDIUM,False,2026-07-25 18:30:12.856532+00:00,True
http://www.pinupsalonloganville.com,www.pinupsalonloganville.com,keyword_match,34,LOW,False,2026-07-25 14:09:37.955351+00:00,True
http://1xbet-73642.ru,1xbet-73642.ru,keyword_match,43,MEDIUM,False,2026-07-24 12:15:19.568221+00:00,True
http://vulkaneifelspd.de,vulkaneifelspd.de,keyword_match,42,MEDIUM,True,2026-07-26 13:27:13.584466+00:00,True
http://pixbetturkey.pages.dev,pixbetturkey.pages.dev,keyword_match,48,MEDIUM,True,2026-07-26 10:05:09.116792+00:00,True
http://168betcasino.pages.dev,168betcasino.pages.dev,keyword_match,37,LOW,False,2026-07-24 17:06:50.564399+00:00,True
http://b2xbet.obesidaxdebrasil.com,b2xbet.obesidaxdebrasil.com,keyword_match,29,LOW,True,2026-07-24 00:06:22.371198+00:00,True
http://kampanya.casinometropol1008.com,kampanya.casinometropol1008.com,keyword_match,52,MEDIUM,True,2026-07-26 11:28:27.679920+00:00,True
http://pinco177.com,pinco177.com,keyword_match,27,LOW,True,2026-07-24 03:42:55.564129+00:00,True
http://1xbet-casino.co.com,1xbet-casino.co.com,keyword_match,24,LOW,True,2026-07-24 01:41:19.357477+00:00,True
http://apkjiligg.shop,apkjiligg.shop,keyword_match,28,LOW,False,2026-07-26 06:49:57.882242+00:00,True
http://jilitaka01.com,jilitaka01.com,keyword_match,39,LOW,True,2026-07-24 10:16:33.486704+00:00,True
http://www.nora.inhumanpinco.com,www.nora.inhumanpinco.com,keyword_match,34,LOW,False,2026-07-25 22:36:44.418083+00:00,True
http://pinupbridalnc.com,pinupbridalnc.com,keyword_match,28,LOW,False,2026-07-25 00:06:17.104451+00:00,True
http://mostbet-betaz.it.com,mostbet-betaz.it.com,keyword_match,33,LOW,False,2026-07-26 01:46:50.964061+00:00,True
http://jojobetbonus.com,jojobetbonus.com,keyword_match,24,LOW,False,2026-07-26 03:05:25.241647+00:00,True
http://xojilipromocode.com,xojilipromocode.com,keyword_match,20,LOW,True,2026-07-23 21:59:12.064472+00:00,True
http://www.pinup-bet-aze1.com,www.pinup-bet-aze1.com,keyword_match,28,LOW,False,2026-07-25 03:05:05.128471+00:00,True
http://kletterwald-vulkanpark.de,kletterwald-vulkanpark.de,keyword_match,27,LOW,False,2026-07-24 19:38:09.481491+00:00,True
http://plinkomelbet.com,plinkomelbet.com,keyword_match,20,LOW,False,2026-07-25 19:07:29.641445+00:00,True
http://bizagi.melbet-kqp.buzz,bizagi.melbet-kqp.buzz,keyword_match,29,LOW,False,2026-07-24 14:02:27.142223+00:00,True
http://jiligameindia.com,jiligameindia.com,keyword_match,25,LOW,False,2026-07-25 21:03:39.079658+00:00,True
http://1xbet-be7q.top,1xbet-be7q.top,keyword_match,23,LOW,True,2026-07-23 20:05:53.867421+00:00,True
http://www.findpincode.net,www.findpincode.net,keyword_match,19,BENIGN,False,2026-07-24 22:20:24.715426+00:00,True
http://onlinecasinorajah.in,onlinecasinorajah.in,keyword_match,26,LOW,False,2026-07-25 21:41:58.320527+00:00,True
http://www.1xbet-87462.ru,www.1xbet-87462.ru,keyword_match,65,HIGH,True,2026-07-26 11:30:09.838083+00:00,True
http://www.matbet88.net,www.matbet88.net,keyword_match,32,LOW,False,2026-07-25 20:29:36.504407+00:00,True
http://meritbetllogin.pages.dev,meritbetllogin.pages.dev,keyword_match,23,LOW,False,2026-07-25 10:32:01.670016+00:00,True
http://1xbet-ruskiy.pro,1xbet-ruskiy.pro,keyword_match,60,HIGH,True,2026-07-26 12:27:42.105258+00:00,True
http://onlinecasinoellada-com-gr.pages.dev,onlinecasinoellada-com-gr.pages.dev,keyword_match,42,MEDIUM,False,2026-07-26 07:34:26.525482+00:00,True
http://boabetcasino.info,boabetcasino.info,keyword_match,21,LOW,False,2026-07-26 05:09:41.616195+00:00,True
http://www.slotlion.fi.nitrowincasino.nu,www.slotlion.fi.nitrowincasino.nu,keyword_match,32,LOW,False,2026-07-24 16:32:23.970464+00:00,True
http://melbetofficial.casino,melbetofficial.casino,keyword_match,33,LOW,False,2026-07-25 20:21:36.396403+00:00,True
http://jlpgjili.com,jlpgjili.com,keyword_match,24,LOW,False,2026-07-24 16:45:15.748580+00:00,True
http://user.1xbet-uyfd.top,user.1xbet-uyfd.top,keyword_match,33,LOW,False,2026-07-25 12:15:16.529534+00:00,True
http://melbetapp.in,melbetapp.in,keyword_match,19,BENIGN,False,2026-07-25 13:15:41.506297+00:00,True
http://multigame-pinco-tr.pu550ev.com,multigame-pinco-tr.pu550ev.com,keyword_match,57,MEDIUM,False,2026-07-24 13:43:52.867166+00:00,True
http://ptjili777.asia,ptjili777.asia,keyword_match,39,LOW,False,2026-07-25 17:11:00.556411+00:00,True
http://vavada.pionear-tech.com,vavada.pionear-tech.com,keyword_match,25,LOW,False,2026-07-25 04:23:57.988589+00:00,True
http://8xbet-jp.com,8xbet-jp.com,keyword_match,23,LOW,False,2026-07-25 12:18:21.406452+00:00,True
http://sono.melbet-kazino.top,sono.melbet-kazino.top,keyword_match,23,LOW,False,2026-07-24 04:55:28.817407+00:00,True
http://inkybetcasino.de,inkybetcasino.de,keyword_match,23,LOW,False,2026-07-24 14:07:27.049583+00:00,True
http://maxxbet7k.online,maxxbet7k.online,keyword_match,37,LOW,False,2026-07-25 16:52:33.621497+00:00,True
http://1xbet-61387.ru,1xbet-61387.ru,keyword_match,59,MEDIUM,True,2026-07-26 13:40:40.440952+00:00,True
http://mostbet69815.online,mostbet69815.online,keyword_match,50,MEDIUM,False,2026-07-25 16:46:30.756032+00:00,True
http://jili11ph444.com,jili11ph444.com,keyword_match,44,MEDIUM,True,2026-07-24 03:40:04.386602+00:00,True
http://pixbet-apk.com.br,pixbet-apk.com.br,keyword_match,46,MEDIUM,True,2026-07-26 10:58:44.469524+00:00,True
http://www.wwwwjili-ph.com,www.wwwwjili-ph.com,keyword_match,24,LOW,False,2026-07-25 07:14:41.718458+00:00,True
http://mostbet.day-sale.com,mostbet.day-sale.com,keyword_match,21,LOW,True,2026-07-23 23:49:29.082555+00:00,True
http://www.ipincode.in,www.ipincode.in,keyword_match,29,LOW,False,2026-07-25 07:00:30.732795+00:00,True
http://jilikojiliko.com,jilikojiliko.com,keyword_match,20,LOW,True,2026-07-24 05:09:57.332075+00:00,True
http://4x4betway.work,4x4betway.work,keyword_match,47,MEDIUM,True,2026-07-24 09:50:26.726509+00:00,True
http://pinup-casinorus.it.com,pinup-casinorus.it.com,keyword_match,26,LOW,False,2026-07-25 10:00:24.978073+00:00,True
http://mostbet-aze.it.com,mostbet-aze.it.com,keyword_match,32,LOW,False,2026-07-24 19:26:55.748399+00:00,True
http://betvisajili.com,betvisajili.com,keyword_match,31,LOW,False,2026-07-25 22:42:30.562546+00:00,True
http://fatherbetcasino.com,fatherbetcasino.com,keyword_match,35,LOW,False,2026-07-24 17:36:31.665608+00:00,True
http://amp-pinco-sitedus.ru,amp-pinco-sitedus.ru,keyword_match,32,LOW,False,2026-07-25 07:44:48.974620+00:00,True
http://8xbet-vip-2026.com,8xbet-vip-2026.com,keyword_match,55,MEDIUM,True,2026-07-26 10:32:38.774737+00:00,True
http://pinupcafe.easynsafe.gr,pinupcafe.easynsafe.gr,keyword_match,36,LOW,False,2026-07-25 03:55:51.738734+00:00,True
http://jili-malaysia-com.pages.dev,jili-malaysia-com.pages.dev,keyword_match,42,MEDIUM,False,2026-07-24 21:07:08.998911+00:00,True
http://188xbet.online,188xbet.online,keyword_match,47,MEDIUM,False,2026-07-24 20:26:28.226496+00:00,True
http://1wincasinopokerplay1.xyz,1wincasinopokerplay1.xyz,keyword_match,33,LOW,False,2026-07-25 15:33:03.422960+00:00,True
http://accounts.1xbet-bml.top,accounts.1xbet-bml.top,keyword_match,48,MEDIUM,True,2026-07-26 10:33:18.856063+00:00,True
http://maxbet106.com,maxbet106.com,keyword_match,47,MEDIUM,False,2026-07-25 23:23:25.314474+00:00,True
http://melbet-8781.pro,melbet-8781.pro,keyword_match,28,LOW,False,2026-07-24 20:03:00.458953+00:00,True
http://zerkalova.ru,zerkalova.ru,keyword_match,25,LOW,False,2026-07-25 13:53:49.469798+00:00,True
http://fastestpayout-onlinecasino-ca.pages.dev,fastestpayout-onlinecasino-ca.pages.dev,keyword_match,45,MEDIUM,False,2026-07-24 11:29:55.755784+00:00,True
http://mail.nexbets.shop,mail.nexbets.shop,keyword_match,36,LOW,True,2026-07-24 07:34:48.954568+00:00,True
http://trybetcasino-fi.com,trybetcasino-fi.com,keyword_match,38,LOW,True,2026-07-24 03:28:51.575833+00:00,True
http://1xbet-64318.ru,1xbet-64318.ru,keyword_match,59,MEDIUM,True,2026-07-26 11:35:01.696080+00:00,True
http://mostbet-brand.pro,mostbet-brand.pro,keyword_match,28,LOW,False,2026-07-25 23:29:34.554930+00:00,True
http://vavada-live.com,vavada-live.com,keyword_match,20,LOW,False,2026-07-24 17:20:40.926421+00:00,True
http://1xbet-cdnv.top,1xbet-cdnv.top,keyword_match,39,LOW,False,2026-07-26 07:35:01.124720+00:00,True
http://grandbethub.nl,grandbethub.nl,keyword_match,49,MEDIUM,False,2026-07-25 21:52:09.895952+00:00,True
http://user.riobetcasino-ppd.top,user.riobetcasino-ppd.top,keyword_match,31,LOW,False,2026-07-24 05:29:27.661107+00:00,True
http://vipjili123.com,vipjili123.com,keyword_match,35,LOW,False,2026-07-24 19:51:23.616368+00:00,True
http://1xbet-pchb.top,1xbet-pchb.top,keyword_match,28,LOW,False,2026-07-25 21:23:51.942149+00:00,True
http://ubetcasino.pages.dev,ubetcasino.pages.dev,keyword_match,27,LOW,True,2026-07-24 03:23:04.550381+00:00,True
http://www.plexbett.com,www.plexbett.com,keyword_match,33,LOW,True,2026-07-23 21:37:43.788366+00:00,True
http://alfcasino1755517273.zendesk.com,alfcasino1755517273.zendesk.com,keyword_match,51,MEDIUM,False,2026-07-25 06:15:18.522008+00:00,True
http://www.banglanewchotigolpo.com.velki9xbetagentlist.com,www.banglanewchotigolpo.com.velki9xbetagentlist.com,keyword_match,39,LOW,False,2026-07-25 05:24:00.047465+00:00,True
http://irwincasinoonline.de,irwincasinoonline.de,keyword_match,24,LOW,True,2026-07-24 09:51:24.756785+00:00,True
http://cobetcasinobet.com,cobetcasinobet.com,keyword_match,24,LOW,False,2026-07-26 04:33:43.270185+00:00,True
http://melbet-0135.pro,melbet-0135.pro,keyword_match,38,LOW,False,2026-07-24 19:44:12.525684+00:00,True
http://ignatiev.melbet-slots.top,ignatiev.melbet-slots.top,keyword_match,26,LOW,False,2026-07-25 01:56:40.300416+00:00,True
http://1xbetapp.jp,1xbetapp.jp,keyword_match,30,LOW,False,2026-07-25 11:12:54.710368+00:00,True
http://nl-monixbetcasino.com,nl-monixbetcasino.com,keyword_match,56,MEDIUM,True,2026-07-26 09:33:48.436349+00:00,True
http://1xbetinscription-tn.com,1xbetinscription-tn.com,keyword_match,41,MEDIUM,True,2026-07-24 09:04:15.165281+00:00,True
http://onlinecasinosellada-gr.pages.dev,onlinecasinosellada-gr.pages.dev,keyword_match,30,LOW,False,2026-07-26 05:51:39.240383+00:00,True
http://wincasino-top.it,wincasino-top.it,keyword_match,32,LOW,False,2026-07-26 06:14:45.071430+00:00,True
http://melbet-bo.com,melbet-bo.com,keyword_match,34,LOW,False,2026-07-24 18:39:14.107618+00:00,True
http://bajilive88.io,bajilive88.io,keyword_match,57,MEDIUM,False,2026-07-24 03:38:49.204590+00:00,True
http://m69-xbet.net,m69-xbet.net,keyword_match,31,LOW,False,2026-07-25 21:11:16.977388+00:00,True
http://best-pinco-cazino.bond,best-pinco-cazino.bond,keyword_match,38,LOW,True,2026-07-24 07:48:17.834123+00:00,True
http://pharma.pinup-secret.fr,pharma.pinup-secret.fr,keyword_match,35,LOW,True,2026-07-24 05:52:58.350863+00:00,True
http://vavada-leo.space,vavada-leo.space,keyword_match,33,LOW,False,2026-07-24 17:18:23.042813+00:00,True
http://spinup-3.votepro.org,spinup-3.votepro.org,keyword_match,34,LOW,True,2026-07-23 17:00:34.971132+00:00,True
http://dashboard.riobetcasino-dmy.top,dashboard.riobetcasino-dmy.top,keyword_match,33,LOW,False,2026-07-26 06:10:53.033584+00:00,True
http://e2betcasinologinapp.com,e2betcasinologinapp.com,keyword_match,29,LOW,False,2026-07-26 05:40:22.031800+00:00,True
http://1xbet-mawdia-com.pages.dev,1xbet-mawdia-com.pages.dev,keyword_match,42,MEDIUM,False,2026-07-25 23:21:00.179870+00:00,True
http://melbets.pro.in,melbets.pro.in,keyword_match,27,LOW,False,2026-07-25 20:17:34.390934+00:00,True
http://d.melbet-kazino.top,d.melbet-kazino.top,keyword_match,23,LOW,False,2026-07-24 04:44:15.328535+00:00,True
http://wwwpmjili.com,wwwpmjili.com,keyword_match,30,LOW,False,2026-07-24 10:48:15.260786+00:00,True
http://onlinecasinobonus-com-gr.pages.dev,onlinecasinobonus-com-gr.pages.dev,keyword_match,44,MEDIUM,False,2026-07-26 07:03:23.683685+00:00,True
http://www.onlinecasinonokyc.com,www.onlinecasinonokyc.com,keyword_match,28,LOW,False,2026-07-25 15:40:15.409457+00:00,True
http://vavada-de.net,vavada-de.net,keyword_match,30,LOW,False,2026-07-25 13:14:17.098353+00:00,True
http://pinup-app.gy,pinup-app.gy,keyword_match,25,LOW,False,2026-07-26 03:50:43.842800+00:00,True
http://pinuppinupqz.kazakhstan-agro.kz,pinuppinupqz.kazakhstan-agro.kz,keyword_match,24,LOW,False,2026-07-25 05:57:25.221585+00:00,True
http://gramsbetcasino-pl-74994.pages.dev,gramsbetcasino-pl-74994.pages.dev,keyword_match,46,MEDIUM,True,2026-07-24 04:15:10.913504+00:00,True
http://betkeyguncelgiris.com,betkeyguncelgiris.com,keyword_match,20,LOW,True,2026-07-24 10:20:46.158053+00:00,True
http://jili6ph.org,jili6ph.org,keyword_match,26,LOW,True,2026-07-24 08:58:20.975398+00:00,True
http://onlinecasinoudenrofus.in.net,onlinecasinoudenrofus.in.net,keyword_match,29,LOW,False,2026-07-26 03:49:08.511457+00:00,True
http://j8jiliapp.com,j8jiliapp.com,keyword_match,27,LOW,False,2026-07-25 17:56:49.205481+00:00,True
http://vavada.777mf.casino,vavada.777mf.casino,keyword_match,28,LOW,False,2026-07-26 03:43:00.346486+00:00,True
http://jili444.org,jili444.org,keyword_match,26,LOW,False,2026-07-24 14:21:49.687585+00:00,True
http://www.ww7.vavada-casino-reviews-pl.space,www.ww7.vavada-casino-reviews-pl.space,keyword_match,23,LOW,False,2026-07-24 14:34:32.951479+00:00,True
http://jackpotcityonlinecasino.info,jackpotcityonlinecasino.info,keyword_match,21,LOW,False,2026-07-24 20:58:58.842351+00:00,True
http://sitemaps.leonbets-casino-a5hc.buzz,sitemaps.leonbets-casino-a5hc.buzz,keyword_match,43,MEDIUM,False,2026-07-24 10:49:20.128795+00:00,True
http://spincouygulama1.com,spincouygulama1.com,keyword_match,33,LOW,False,2026-07-25 13:13:41.654572+00:00,True
http://kasynomostbet-pl-com.pages.dev,kasynomostbet-pl-com.pages.dev,keyword_match,40,MEDIUM,False,2026-07-26 07:54:57.583262+00:00,True
http://mostbetkazino-kz.kz,mostbetkazino-kz.kz,keyword_match,22,LOW,False,2026-07-26 06:34:27.333679+00:00,True
http://aapincorporation.com,aapincorporation.com,keyword_match,30,LOW,True,2026-07-24 03:30:04.588737+00:00,True
http://exbjili.org,exbjili.org,keyword_match,42,MEDIUM,True,2026-07-24 07:37:45.745821+00:00,True
http://22betcasinosk-com.pages.dev,22betcasinosk-com.pages.dev,keyword_match,49,MEDIUM,False,2026-07-25 07:51:34.074429+00:00,True
http://vavada.casino715.online,vavada.casino715.online,keyword_match,47,MEDIUM,False,2026-07-25 01:54:44.377188+00:00,True
http://betimguncelgiris.com,betimguncelgiris.com,keyword_match,29,LOW,True,2026-07-24 10:22:28.593573+00:00,True
http://signup.1xbet-ebud.top,signup.1xbet-ebud.top,keyword_match,30,LOW,False,2026-07-24 15:12:08.940025+00:00,True
http://cz-mostbett.com,cz-mostbett.com,keyword_match,27,LOW,True,2026-07-24 09:06:34.366415+00:00,True
http://betway-online.net,betway-online.net,keyword_match,32,LOW,False,2026-07-24 19:54:13.216044+00:00,True
http://account.1xbet-orbm.top,account.1xbet-orbm.top,keyword_match,33,LOW,False,2026-07-26 07:55:58.590494+00:00,True
http://ag60plus-vulkaneifel.de,ag60plus-vulkaneifel.de,keyword_match,58,MEDIUM,True,2026-07-26 13:07:38.815789+00:00,True
http://jili365king.com,jili365king.com,keyword_match,36,LOW,False,2026-07-24 16:18:08.245118+00:00,True
http://melbet-bf1.com,melbet-bf1.com,keyword_match,35,LOW,False,2026-07-24 23:29:15.245429+00:00,True
http://jili88jl.com,jili88jl.com,keyword_match,24,LOW,False,2026-07-25 20:39:26.556442+00:00,True
http://pinupazafatas.com,pinupazafatas.com,keyword_match,20,LOW,False,2026-07-26 02:03:40.778993+00:00,True
http://sportsbooklive.casinometropol1008.com,sportsbooklive.casinometropol1008.com,keyword_match,56,MEDIUM,True,2026-07-26 12:33:42.914282+00:00,True
http://www.cnweb-betwaysports.com,www.cnweb-betwaysports.com,keyword_match,30,LOW,False,2026-07-26 02:14:04.941616+00:00,True
http://1xbet.altalebalarabe.com,1xbet.altalebalarabe.com,keyword_match,30,LOW,False,2026-07-24 11:21:41.825656+00:00,True
http://1xbet-bk-help.ru,1xbet-bk-help.ru,keyword_match,33,LOW,False,2026-07-24 12:09:22.102893+00:00,True
http://1wincasino-dk.com,1wincasino-dk.com,keyword_match,43,MEDIUM,False,2026-07-25 13:28:18.501973+00:00,True
http://bajilive8.net,bajilive8.net,keyword_match,40,MEDIUM,False,2026-07-24 02:03:12.207469+00:00,True
http://p7s4.fbjili2.com,p7s4.fbjili2.com,keyword_match,33,LOW,True,2026-07-23 20:34:24.419861+00:00,True
http://www.topincontrii.com,www.topincontrii.com,keyword_match,28,LOW,False,2026-07-25 23:05:47.194406+00:00,True
http://188betway.com,188betway.com,keyword_match,46,MEDIUM,False,2026-07-25 20:27:31.443101+00:00,True
http://signup.riobetcasino-ppd.top,signup.riobetcasino-ppd.top,keyword_match,31,LOW,False,2026-07-24 08:17:38.183367+00:00,True
http://melbetar.net,melbetar.net,keyword_match,20,LOW,False,2026-07-26 05:24:35.482529+00:00,True
http://lunubetcasinofi.com,lunubetcasinofi.com,keyword_match,19,BENIGN,False,2026-07-25 04:36:21.984417+00:00,True
http://wheels-sweet-pinco-ru.pages.dev,wheels-sweet-pinco-ru.pages.dev,keyword_match,48,MEDIUM,False,2026-07-25 14:17:44.342433+00:00,True
http://vavada3231.buzz,vavada3231.buzz,keyword_match,37,LOW,False,2026-07-25 22:05:02.583631+00:00,True
http://betorder-guncel1.icu,betorder-guncel1.icu,keyword_match,42,MEDIUM,False,2026-07-25 10:19:10.119392+00:00,True
http://jiliz.shop,jiliz.shop,keyword_match,43,MEDIUM,True,2026-07-26 11:44:31.390547+00:00,True
http://1xbet-cosv.top,1xbet-cosv.top,keyword_match,33,LOW,False,2026-07-25 21:49:37.166110+00:00,True
http://www.1xbet-helpdesk.ru,www.1xbet-helpdesk.ru,keyword_match,38,LOW,False,2026-07-24 12:12:22.054796+00:00,True
http://tr.superbetin-yenigirisi.icu,tr.superbetin-yenigirisi.icu,keyword_match,31,LOW,False,2026-07-25 02:04:34.314209+00:00,True
http://m.jojobet-tekresmi.icu,m.jojobet-tekresmi.icu,keyword_match,28,LOW,False,2026-07-24 12:08:15.510370+00:00,True
http://pokerdom.casino0421.buzz,pokerdom.casino0421.buzz,keyword_match,51,MEDIUM,True,2026-07-24 02:49:50.181332+00:00,True
http://1xbet-52784.ru,1xbet-52784.ru,keyword_match,60,HIGH,True,2026-07-26 11:31:15.886331+00:00,True
http://ibyjili.com,ibyjili.com,keyword_match,24,LOW,False,2026-07-26 05:32:29.369237+00:00,True
http://jilipa.com,jilipa.com,keyword_match,26,LOW,False,2026-07-25 12:33:16.055667+00:00,True
http://mostbetbonusreg.xyz,mostbetbonusreg.xyz,keyword_match,26,LOW,False,2026-07-25 14:14:28.156610+00:00,True
http://casino-bitstarz.net,casino-bitstarz.net,keyword_match,21,LOW,False,2026-07-25 13:19:06.791065+00:00,True
http://solojili.shop,solojili.shop,keyword_match,55,MEDIUM,True,2026-07-26 11:34:44.466498+00:00,True
http://8xbet.adm.ec,8xbet.adm.ec,keyword_match,29,LOW,False,2026-07-25 23:08:41.991417+00:00,True
http://mostbetbs.online,mostbetbs.online,keyword_match,24,LOW,True,2026-07-24 07:06:23.695103+00:00,True
http://app.casinomaxi9109.com,app.casinomaxi9109.com,keyword_match,43,MEDIUM,False,2026-07-25 19:48:51.948437+00:00,True
http://plexbet-sports-bet.pages.dev,plexbet-sports-bet.pages.dev,keyword_match,49,MEDIUM,True,2026-07-26 12:04:44.320779+00:00,True
http://en.ferienhaus-wiesenhaus-vulkaneifel.com,en.ferienhaus-wiesenhaus-vulkaneifel.com,keyword_match,51,MEDIUM,False,2026-07-26 04:43:32.602876+00:00,True
http://www.fixbetegirisyap.com,www.fixbetegirisyap.com,keyword_match,35,LOW,False,2026-07-24 10:39:04.669105+00:00,True
http://wincasino.bb88winbonus.com,wincasino.bb88winbonus.com,keyword_match,21,LOW,False,2026-07-24 11:28:09.980473+00:00,True
http://winjilifun88.com,winjilifun88.com,keyword_match,44,MEDIUM,False,2026-07-26 01:19:22.397787+00:00,True
http://www.games-ayxbet.com,www.games-ayxbet.com,keyword_match,33,LOW,True,2026-07-23 19:32:46.376584+00:00,True
http://www.1xbet-pakistan.pro,www.1xbet-pakistan.pro,keyword_match,28,LOW,True,2026-07-24 07:09:41.741369+00:00,True
http://mostbet-in-login.com,mostbet-in-login.com,keyword_match,40,MEDIUM,True,2026-07-24 02:55:51.077478+00:00,True
http://www.gmaxbet.games,www.gmaxbet.games,keyword_match,35,LOW,False,2026-07-25 02:58:39.325572+00:00,True
http://www.mobilnivulkanizer.rs,www.mobilnivulkanizer.rs,keyword_match,54,MEDIUM,True,2026-07-26 13:32:37.508793+00:00,True
http://skunxbet-vip.com,skunxbet-vip.com,keyword_match,45,MEDIUM,True,2026-07-23 17:50:40.501482+00:00,True
http://melbetthailand.co,melbetthailand.co,keyword_match,22,LOW,False,2026-07-25 21:11:29.950530+00:00,True
http://onlinecasinoeurope.com,onlinecasinoeurope.com,keyword_match,26,LOW,False,2026-07-24 17:18:40.739252+00:00,True
http://hotwincasino-be.eu.com,hotwincasino-be.eu.com,keyword_match,24,LOW,True,2026-07-24 10:16:37.399579+00:00,True
http://lucky7even4.com,lucky7even4.com,keyword_match,44,MEDIUM,True,2026-07-24 05:37:09.095251+00:00,True
http://4x4betway-1f3.pages.dev,4x4betway-1f3.pages.dev,keyword_match,48,MEDIUM,False,2026-07-24 23:52:20.203384+00:00,True
http://ru-pinco7812.com,ru-pinco7812.com,keyword_match,31,LOW,False,2026-07-25 21:18:18.100568+00:00,True
http://zerkalo.beer,zerkalo.beer,keyword_match,26,LOW,False,2026-07-24 18:42:49.996959+00:00,True
http://6.j3833xx.cc,6.j3833xx.cc,keyword_match,40,MEDIUM,True,2026-07-26 13:21:03.098886+00:00,True
http://jiligamesloginph.com,jiligamesloginph.com,keyword_match,23,LOW,False,2026-07-24 20:08:12.361971+00:00,True
http://pinup.vhod420.casino,pinup.vhod420.casino,keyword_match,41,MEDIUM,False,2026-07-25 12:10:18.735589+00:00,True
http://mrxbet.in.net,mrxbet.in.net,keyword_match,29,LOW,True,2026-07-24 09:40:55.469449+00:00,True
http://jilikk.net.ph,jilikk.net.ph,keyword_match,28,LOW,False,2026-07-25 12:58:09.731672+00:00,True
http://www.spincouygulama1.com,www.spincouygulama1.com,keyword_match,29,LOW,False,2026-07-25 13:13:40.810448+00:00,True
http://pinupsportsbetting.hn,pinupsportsbetting.hn,keyword_match,26,LOW,False,2026-07-24 14:23:55.551502+00:00,True
http://grandbet88jpe93.online,grandbet88jpe93.online,keyword_match,38,LOW,False,2026-07-25 10:05:10.640256+00:00,True
http://mamabetcasino.games,mamabetcasino.games,keyword_match,34,LOW,True,2026-07-24 07:43:35.309529+00:00,True
http://trmaxwincasino.com,trmaxwincasino.com,keyword_match,41,MEDIUM,True,2026-07-26 13:39:06.725502+00:00,True
http://www.8xbet79.net,www.8xbet79.net,keyword_match,40,MEDIUM,False,2026-07-25 18:22:41.966329+00:00,True
http://www.onlinecasino.comper.ai,www.onlinecasino.comper.ai,keyword_match,38,LOW,False,2026-07-25 02:27:40.007679+00:00,True
http://megapari-recensioni.jilipark8php.com,megapari-recensioni.jilipark8php.com,keyword_match,43,MEDIUM,False,2026-07-25 18:51:39.683160+00:00,True
http://powbetcasino.it.com,powbetcasino.it.com,keyword_match,21,LOW,False,2026-07-26 02:20:21.824380+00:00,True
http://lanrexbeterplacedemoportal.powerappsportals.com,lanrexbeterplacedemoportal.powerappsportals.com,keyword_match,34,LOW,False,2026-07-25 07:31:56.793724+00:00,True
http://90jili-online.com,90jili-online.com,keyword_match,42,MEDIUM,False,2026-07-25 00:50:36.820310+00:00,True
http://m.luxbetgiris-official.top,m.luxbetgiris-official.top,keyword_match,39,LOW,False,2026-07-24 21:04:58.574430+00:00,True
http://www.vulkan812.ru,www.vulkan812.ru,keyword_match,38,LOW,False,2026-07-25 11:18:05.171470+00:00,True
http://user.1xbet-bml.top,user.1xbet-bml.top,keyword_match,33,LOW,False,2026-07-25 14:29:28.669785+00:00,True
http://kmgjilidlidvil.wermelskirchen.org,kmgjilidlidvil.wermelskirchen.org,keyword_match,25,LOW,True,2026-07-23 17:22:24.193526+00:00,True
http://poker-flexbet.marsell.pw,poker-flexbet.marsell.pw,keyword_match,39,LOW,False,2026-07-24 18:35:55.129396+00:00,True
http://login90jili.com,login90jili.com,keyword_match,40,MEDIUM,False,2026-07-24 18:42:29.255527+00:00,True
http://www.moxbeta.com,www.moxbeta.com,keyword_match,30,LOW,True,2026-07-23 17:37:01.314678+00:00,True
http://melbetlog.org,melbetlog.org,keyword_match,34,LOW,False,2026-07-25 12:44:33.812439+00:00,True
http://jilibe.net,jilibe.net,keyword_match,23,LOW,False,2026-07-25 09:39:39.048452+00:00,True
http://onlinecasinosbulgaria.pages.dev,onlinecasinosbulgaria.pages.dev,keyword_match,26,LOW,True,2026-07-24 07:07:24.416638+00:00,True
http://kazino.casino-pinco-azer.ink,kazino.casino-pinco-azer.ink,keyword_match,51,MEDIUM,True,2026-07-24 05:21:31.617564+00:00,True
http://app.forjility.com,app.forjility.com,keyword_match,46,MEDIUM,True,2026-07-26 11:16:00.900073+00:00,True
http://jilicrown89.com,jilicrown89.com,keyword_match,44,MEDIUM,False,2026-07-25 23:14:00.396484+00:00,True
http://www.1xbet-r8yf.top,www.1xbet-r8yf.top,keyword_match,28,LOW,False,2026-07-25 23:19:31.744475+00:00,True
http://www.zerkalova.ru,www.zerkalova.ru,keyword_match,33,LOW,False,2026-07-25 13:53:50.423820+00:00,True
http://mostbet-resmi-giris.it.com,mostbet-resmi-giris.it.com,keyword_match,33,LOW,False,2026-07-24 17:56:36.033845+00:00,True
http://www.1xbet-73642.ru,www.1xbet-73642.ru,keyword_match,50,MEDIUM,False,2026-07-24 12:15:23.679129+00:00,True
http://8xbetcom.art,8xbetcom.art,keyword_match,29,LOW,False,2026-07-25 03:42:26.636522+00:00,True
http://1xbetuz-kirish.org,1xbetuz-kirish.org,keyword_match,36,LOW,True,2026-07-23 16:18:50.404024+00:00,True
http://onlinecasinos.us,onlinecasinos.us,keyword_match,27,LOW,False,2026-07-24 18:56:41.498481+00:00,True
http://pinco-entry.com,pinco-entry.com,keyword_match,27,LOW,False,2026-07-25 08:40:28.501989+00:00,True
http://www.kazino-pinup.xyz,www.kazino-pinup.xyz,keyword_match,24,LOW,False,2026-07-25 20:31:59.011539+00:00,True
http://casino-pinco-azer-ink-29585b8d.pages.dev,casino-pinco-azer-ink-29585b8d.pages.dev,keyword_match,56,MEDIUM,True,2026-07-24 04:38:36.452041+00:00,True
http://jilislotcambodia.pages.dev,jilislotcambodia.pages.dev,keyword_match,23,LOW,False,2026-07-24 10:38:53.943427+00:00,True
http://trsd-kalebet-tekguncel-icu.pages.dev,trsd-kalebet-tekguncel-icu.pages.dev,keyword_match,40,MEDIUM,False,2026-07-25 13:23:58.913481+00:00,True
http://poker.casinometropol948.com,poker.casinometropol948.com,keyword_match,61,HIGH,True,2026-07-26 09:42:55.360453+00:00,True
http://booking.melbet-slots.top,booking.melbet-slots.top,keyword_match,22,LOW,False,2026-07-25 01:55:15.310987+00:00,True
http://57wincasino.sa.com,57wincasino.sa.com,keyword_match,23,LOW,True,2026-07-24 04:39:30.863505+00:00,True
http://vulkan-vegas.co.no,vulkan-vegas.co.no,keyword_match,31,LOW,True,2026-07-24 08:19:17.046049+00:00,True
http://ligobet-guncel-kazanc-top.pages.dev,ligobet-guncel-kazanc-top.pages.dev,keyword_match,37,LOW,False,2026-07-25 15:27:04.166368+00:00,True
http://rexbet-kayit.com,rexbet-kayit.com,keyword_match,35,LOW,False,2026-07-25 19:29:57.600744+00:00,True
http://8xbett.poker,8xbett.poker,keyword_match,30,LOW,False,2026-07-24 19:26:10.567461+00:00,True
http://www.10xbet11.com,www.10xbet11.com,keyword_match,21,LOW,False,2026-07-25 03:54:32.589493+00:00,True
http://www.ck444gamebd.com.velki9xbetagentlist.com,www.ck444gamebd.com.velki9xbetagentlist.com,keyword_match,50,MEDIUM,False,2026-07-25 06:26:30.001386+00:00,True
http://jackxxbet.co,jackxxbet.co,keyword_match,20,LOW,True,2026-07-24 10:18:56.139740+00:00,True
http://rtbetcasinoenligne.fr,rtbetcasinoenligne.fr,keyword_match,24,LOW,True,2026-07-24 05:40:38.050390+00:00,True
http://elitroyalguncel.com,elitroyalguncel.com,keyword_match,20,LOW,False,2026-07-24 11:23:33.485617+00:00,True
http://customer-service.casinomaxi9109.com,customer-service.casinomaxi9109.com,keyword_match,77,HIGH,True,2026-07-26 10:16:51.509493+00:00,True
http://nepalpassport.com,nepalpassport.com,typosquat,31,LOW,True,2026-07-23 09:40:59.960609+00:00,True
http://winfluxbet.com,winfluxbet.com,keyword_match,20,LOW,False,2026-07-25 18:52:24.306552+00:00,True
http://mostbet77382.online,mostbet77382.online,keyword_match,50,MEDIUM,False,2026-07-25 16:35:01.615121+00:00,True
http://8xbett.locker,8xbett.locker,keyword_match,32,LOW,False,2026-07-24 18:20:54.105578+00:00,True
http://iran1xbet.sa.com,iran1xbet.sa.com,keyword_match,32,LOW,False,2026-07-24 23:53:35.072786+00:00,True
http://mostbet-azer-zone.top,mostbet-azer-zone.top,keyword_match,36,LOW,False,2026-07-25 23:25:22.430928+00:00,True
http://qqjili55.com,qqjili55.com,keyword_match,31,LOW,False,2026-07-25 18:26:43.651116+00:00,True
http://m-racing.casinometropol1008.com,m-racing.casinometropol1008.com,keyword_match,59,MEDIUM,True,2026-07-26 11:04:15.950038+00:00,True
http://asialive.live,asialive.live,keyword_match,45,MEDIUM,False,2026-07-23 15:43:31.817818+00:00,True
http://casho-betcasino.fr,casho-betcasino.fr,keyword_match,35,LOW,True,2026-07-24 08:32:32.795345+00:00,True
http://jilimacao5.com,jilimacao5.com,keyword_match,33,LOW,False,2026-07-25 16:48:26.334808+00:00,True
http://beta.jili77download.com,beta.jili77download.com,keyword_match,34,LOW,False,2026-07-24 22:55:14.411707+00:00,True
http://8xbetapp.net,8xbetapp.net,keyword_match,24,LOW,False,2026-07-26 04:06:29.852064+00:00,True
http://pinko-casino-zerkalo.johnhtwachtman.com,pinko-casino-zerkalo.johnhtwachtman.com,keyword_match,47,MEDIUM,True,2026-07-23 18:04:35.791380+00:00,True
http://my-account.casinometropol936.com,my-account.casinometropol936.com,keyword_match,41,MEDIUM,False,2026-07-25 10:49:55.397632+00:00,True
http://chachabetcasino.co.nl,chachabetcasino.co.nl,keyword_match,24,LOW,False,2026-07-25 19:59:20.413348+00:00,True
http://vavada140.lol,vavada140.lol,keyword_match,52,MEDIUM,True,2026-07-26 12:17:48.239404+00:00,True
http://8xbet-vietnam.blog,8xbet-vietnam.blog,keyword_match,51,MEDIUM,False,2026-07-25 04:30:39.993548+00:00,True
http://woopwincasinosv-com.pages.dev,woopwincasinosv-com.pages.dev,keyword_match,23,LOW,False,2026-07-25 22:53:56.006451+00:00,True
http://1xbet.alnasernews.com,1xbet.alnasernews.com,keyword_match,30,LOW,False,2026-07-24 20:27:08.201984+00:00,True
http://vavadacas.radio.fm,vavadacas.radio.fm,keyword_match,38,LOW,False,2026-07-24 17:40:42.802557+00:00,True
http://hitwinbetcasino.com,hitwinbetcasino.com,keyword_match,30,LOW,False,2026-07-25 11:35:21.169465+00:00,True
http://www.jojobet-tekmobil.icu,www.jojobet-tekmobil.icu,keyword_match,28,LOW,True,2026-07-24 05:29:47.074538+00:00,True
http://pinco-azerbaijan-club.net,pinco-azerbaijan-club.net,keyword_match,52,MEDIUM,True,2026-07-26 11:11:17.926467+00:00,True
http://amunra-it.com,amunra-it.com,keyword_match,36,LOW,False,2026-07-24 11:20:40.751465+00:00,True
http://333xxx.cc,333xxx.cc,keyword_match,39,LOW,True,2026-07-26 13:20:41.956558+00:00,True
http://fatbetcasino.cz,fatbetcasino.cz,keyword_match,24,LOW,False,2026-07-24 20:04:44.078107+00:00,True
http://mostbet-lk.co,mostbet-lk.co,keyword_match,31,LOW,True,2026-07-24 00:12:08.166413+00:00,True
http://ph365onlinecasinop.com,ph365onlinecasinop.com,keyword_match,37,LOW,False,2026-07-25 18:08:26.461407+00:00,True
http://casino-vulkan.net,casino-vulkan.net,keyword_match,37,LOW,False,2026-07-25 12:23:07.344716+00:00,True
http://igqlc.melbet-kazino.top,igqlc.melbet-kazino.top,keyword_match,23,LOW,False,2026-07-24 04:48:49.666563+00:00,True
http://valorbetcasino.net,valorbetcasino.net,keyword_match,20,LOW,False,2026-07-26 03:41:25.494353+00:00,True
http://wwwjili8game.com,wwwjili8game.com,keyword_match,37,LOW,False,2026-07-25 13:10:45.344553+00:00,True
http://lunubetcasino-fi.eu.com,lunubetcasino-fi.eu.com,keyword_match,25,LOW,True,2026-07-23 22:48:04.331385+00:00,True
http://m.betway-bc.com,m.betway-bc.com,keyword_match,28,LOW,True,2026-07-24 07:40:44.771855+00:00,True
http://www.topspinco.com,www.topspinco.com,keyword_match,18,BENIGN,False,2026-07-25 16:26:09.583568+00:00,True
http://jili9711.com,jili9711.com,keyword_match,56,MEDIUM,True,2026-07-26 11:42:08.496192+00:00,True
http://msahrainfo.melbet-kazino.top,msahrainfo.melbet-kazino.top,keyword_match,23,LOW,False,2026-07-24 04:52:26.382616+00:00,True
http://phlmojili.com,phlmojili.com,keyword_match,43,MEDIUM,True,2026-07-24 04:01:07.446143+00:00,True
http://madridbet1070.com,madridbet1070.com,keyword_match,38,LOW,False,2026-07-25 19:56:35.399920+00:00,True
http://dragonbetcasino-org-7tp.pages.dev,dragonbetcasino-org-7tp.pages.dev,keyword_match,39,LOW,False,2026-07-24 11:29:52.008396+00:00,True
http://1xbet.kuwait777.org,1xbet.kuwait777.org,keyword_match,44,MEDIUM,False,2026-07-24 14:03:39.789408+00:00,True
http://jilicr.com,jilicr.com,keyword_match,26,LOW,False,2026-07-25 12:32:40.782518+00:00,True
http://1xbet-zdir.top,1xbet-zdir.top,keyword_match,44,MEDIUM,False,2026-07-25 22:57:01.818444+00:00,True
http://vulkanus.com,vulkanus.com,keyword_match,40,MEDIUM,False,2026-07-26 06:39:47.630982+00:00,True
http://luxbet.net.br,luxbet.net.br,keyword_match,29,LOW,False,2026-07-25 22:00:33.259433+00:00,True
http://vulkanair.ae,vulkanair.ae,keyword_match,29,LOW,False,2026-07-25 16:36:30.686408+00:00,True
http://www.enjoybetguncel.com,www.enjoybetguncel.com,keyword_match,45,MEDIUM,True,2026-07-26 12:39:23.566338+00:00,True
http://allwin.allwincasino.zp.ua,allwin.allwincasino.zp.ua,keyword_match,34,LOW,False,2026-07-25 11:38:31.799422+00:00,True
http://m.real-1xbetgw.com.cn,m.real-1xbetgw.com.cn,keyword_match,40,MEDIUM,False,2026-07-23 21:52:54.141095+00:00,True
http://user.1xbet-pdio.top,user.1xbet-pdio.top,keyword_match,33,LOW,False,2026-07-26 08:58:02.252865+00:00,True
http://casino.casinometropol950.com,casino.casinometropol950.com,keyword_match,36,LOW,False,2026-07-26 00:12:23.972975+00:00,True
http://dev.ilbetcasino.net,dev.ilbetcasino.net,keyword_match,31,LOW,False,2026-07-25 23:57:14.538728+00:00,True
http://vn8xbet.net,vn8xbet.net,keyword_match,25,LOW,False,2026-07-24 18:54:08.015084+00:00,True
http://m88xbet.com,m88xbet.com,keyword_match,19,BENIGN,False,2026-07-25 21:41:01.231907+00:00,True
http://1xbet-yalla-gomla-com.pages.dev,1xbet-yalla-gomla-com.pages.dev,keyword_match,44,MEDIUM,True,2026-07-24 05:43:35.760496+00:00,True
http://vndbetcasino.com,vndbetcasino.com,keyword_match,26,LOW,False,2026-07-26 05:14:15.137790+00:00,True
http://365maxbet.co,365maxbet.co,keyword_match,33,LOW,False,2026-07-26 01:39:11.919797+00:00,True
http://amonbetcasino-uk-com-11506.pages.dev,amonbetcasino-uk-com-11506.pages.dev,keyword_match,48,MEDIUM,True,2026-07-24 10:06:03.227547+00:00,True
http://crickexbet.io,crickexbet.io,keyword_match,28,LOW,True,2026-07-24 07:57:57.889353+00:00,True
http://test.riobetcasino-ppd.top,test.riobetcasino-ppd.top,keyword_match,33,LOW,False,2026-07-26 08:36:05.050418+00:00,True
http://vavadalockcasino-7ws0.buzz,vavadalockcasino-7ws0.buzz,keyword_match,39,LOW,False,2026-07-25 14:27:48.374447+00:00,True
http://onlinecasino-kr.com,onlinecasino-kr.com,keyword_match,29,LOW,False,2026-07-25 22:22:34.329115+00:00,True
http://www.mixbet.com.ua,www.mixbet.com.ua,keyword_match,34,LOW,False,2026-07-26 06:56:07.622435+00:00,True
http://melbet-egypt.com,melbet-egypt.com,keyword_match,25,LOW,False,2026-07-24 16:21:52.140722+00:00,True
http://grandbet88jp128.site,grandbet88jp128.site,keyword_match,39,LOW,True,2026-07-24 03:30:11.539613+00:00,True
http://mostbet-azer3.ink,mostbet-azer3.ink,keyword_match,54,MEDIUM,False,2026-07-24 22:46:37.014466+00:00,True
http://www.fixbetguncelgiris.xyz,www.fixbetguncelgiris.xyz,keyword_match,36,LOW,False,2026-07-25 15:17:49.798459+00:00,True
http://www.vulkaneifelspd.de,www.vulkaneifelspd.de,keyword_match,50,MEDIUM,True,2026-07-26 13:27:29.842514+00:00,True
http://77pixbetjogos.com,77pixbetjogos.com,keyword_match,40,MEDIUM,False,2026-07-25 23:57:15.494907+00:00,True
http://foxbet-casino.pages.dev,foxbet-casino.pages.dev,keyword_match,26,LOW,False,2026-07-25 06:13:23.380236+00:00,True
http://vulkanspiele-lv.com,vulkanspiele-lv.com,keyword_match,36,LOW,True,2026-07-23 19:40:48.545374+00:00,True
http://krbwincasino.com,krbwincasino.com,keyword_match,26,LOW,False,2026-07-25 05:30:41.681485+00:00,True
http://manage.1xbet-ewox.top,manage.1xbet-ewox.top,keyword_match,33,LOW,False,2026-07-26 09:02:34.016435+00:00,True
http://1xbet-luck.com,1xbet-luck.com,keyword_match,40,MEDIUM,False,2026-07-25 23:08:02.867451+00:00,True
http://netbetcasino.ru,netbetcasino.ru,keyword_match,14,BENIGN,True,2026-07-26 11:55:57.992549+00:00,True
http://spinzwincasinoh.com,spinzwincasinoh.com,keyword_match,27,LOW,False,2026-07-24 23:56:15.772905+00:00,True
http://live.launchlife.ai,live.launchlife.ai,keyword_match,34,LOW,False,2026-07-25 02:30:40.758568+00:00,True
http://redwinguncelgiris.com,redwinguncelgiris.com,keyword_match,29,LOW,False,2026-07-24 11:18:41.026446+00:00,True
http://website-pinup.art,website-pinup.art,keyword_match,26,LOW,False,2026-07-24 14:25:07.753389+00:00,True
http://8xbet01.it.com,8xbet01.it.com,keyword_match,30,LOW,False,2026-07-24 11:15:36.904484+00:00,True
http://123xbet.club,123xbet.club,keyword_match,49,MEDIUM,True,2026-07-26 11:44:40.837454+00:00,True
http://m.jojobetgiris-aktif.cam,m.jojobetgiris-aktif.cam,keyword_match,31,LOW,True,2026-07-23 20:12:48.042496+00:00,True
http://pincodepro2.pagex.in,pincodepro2.pagex.in,keyword_match,19,BENIGN,False,2026-07-24 11:36:00.680254+00:00,True
http://1xbetxz.ink,1xbetxz.ink,keyword_match,33,LOW,False,2026-07-25 23:55:35.511528+00:00,True
http://www.yonibetcasino-fr.com,www.yonibetcasino-fr.com,keyword_match,33,LOW,False,2026-07-25 07:06:08.392984+00:00,True
http://betpas-guncel-kazanclari-top.pages.dev,betpas-guncel-kazanclari-top.pages.dev,keyword_match,43,MEDIUM,False,2026-07-25 18:00:25.685787+00:00,True
http://mm.melbet-kazino.top,mm.melbet-kazino.top,keyword_match,23,LOW,False,2026-07-24 04:52:26.373499+00:00,True
http://bitstarzcasino-click-8fbec187.pages.dev,bitstarzcasino-click-8fbec187.pages.dev,keyword_match,56,MEDIUM,False,2026-07-25 15:15:15.131799+00:00,True
http://1xbet-app-indo.net,1xbet-app-indo.net,keyword_match,38,LOW,False,2026-07-26 04:28:35.856671+00:00,True
http://jackpot-limit-kalune.vavada-play-online.buzz,jackpot-limit-kalune.vavada-play-online.buzz,keyword_match,43,MEDIUM,False,2026-07-25 12:19:27.368336+00:00,True
http://joycasino.casino715.online,joycasino.casino715.online,keyword_match,48,MEDIUM,False,2026-07-26 02:10:38.976287+00:00,True
http://1xbetyukle.mobi,1xbetyukle.mobi,keyword_match,42,MEDIUM,False,2026-07-26 05:47:03.523492+00:00,True
http://onlinecasino24go.pages.dev,onlinecasino24go.pages.dev,keyword_match,35,LOW,False,2026-07-25 22:15:14.994507+00:00,True
http://mostbetvip.vip,mostbetvip.vip,keyword_match,40,MEDIUM,False,2026-07-24 02:33:20.522553+00:00,True
http://www.maxwincasinogiris.com,www.maxwincasinogiris.com,keyword_match,32,LOW,False,2026-07-24 11:11:21.960335+00:00,True
http://pinup-guyana.com,pinup-guyana.com,keyword_match,35,LOW,False,2026-07-24 21:57:03.556092+00:00,True
http://www.1xbet-apk-argentina.com,www.1xbet-apk-argentina.com,keyword_match,46,MEDIUM,False,2026-07-24 18:40:53.864093+00:00,True
http://vulkanbetpl-net.pages.dev,vulkanbetpl-net.pages.dev,keyword_match,23,LOW,False,2026-07-25 08:25:21.448342+00:00,True
http://mostbetkm.online,mostbetkm.online,keyword_match,24,LOW,False,2026-07-24 23:49:11.174476+00:00,True
http://www.mostbet-onlineuz1.com,www.mostbet-onlineuz1.com,keyword_match,41,MEDIUM,False,2026-07-25 11:55:07.651891+00:00,True
http://noveceskeonlinecasino.games,noveceskeonlinecasino.games,keyword_match,39,LOW,False,2026-07-24 13:20:51.179560+00:00,True
http://app-oxbet.com,app-oxbet.com,keyword_match,38,LOW,True,2026-07-23 21:49:39.808716+00:00,True
http://jilidemo.fun,jilidemo.fun,keyword_match,62,HIGH,True,2026-07-26 09:58:08.644522+00:00,True
http://www.melbetthailand.co,www.melbetthailand.co,keyword_match,28,LOW,False,2026-07-25 21:11:30.201193+00:00,True
http://www.1xbet-ac.org,www.1xbet-ac.org,keyword_match,37,LOW,False,2026-07-26 08:03:08.986473+00:00,True
http://unibetcasino-it-com-57478.pages.dev,unibetcasino-it-com-57478.pages.dev,keyword_match,45,MEDIUM,False,2026-07-25 19:12:45.682351+00:00,True
http://prowincasinos.com,prowincasinos.com,keyword_match,26,LOW,False,2026-07-26 04:33:19.692486+00:00,True
http://pinco.casino-13p.team,pinco.casino-13p.team,keyword_match,47,MEDIUM,False,2026-07-24 17:13:43.004408+00:00,True
http://megawincasinoconnexion-fr-34150.pages.dev,megawincasinoconnexion-fr-34150.pages.dev,keyword_match,48,MEDIUM,True,2026-07-24 02:40:31.890511+00:00,True
http://ozwincasino-1.com,ozwincasino-1.com,keyword_match,44,MEDIUM,False,2026-07-24 20:35:19.114464+00:00,True
http://mostbet.ci,mostbet.ci,keyword_match,22,LOW,False,2026-07-25 22:25:35.570640+00:00,True
http://atlpinups.com,atlpinups.com,keyword_match,39,LOW,False,2026-07-25 22:28:00.887368+00:00,True
http://magicwincasino.it.com,magicwincasino.it.com,keyword_match,26,LOW,False,2026-07-26 08:23:20.175790+00:00,True
http://melbet-casino.games,melbet-casino.games,keyword_match,35,LOW,False,2026-07-26 08:41:57.011179+00:00,True
http://rainbetcasino.nl,rainbetcasino.nl,keyword_match,27,LOW,True,2026-07-24 04:19:28.919476+00:00,True
http://22betcasino.co.cz,22betcasino.co.cz,keyword_match,24,LOW,False,2026-07-24 17:18:25.544849+00:00,True
http://brisasdetacaton.vulkanproperties.net,brisasdetacaton.vulkanproperties.net,keyword_match,30,LOW,False,2026-07-25 06:51:38.109217+00:00,True
http://betjili.in.net,betjili.in.net,keyword_match,33,LOW,False,2026-07-25 20:01:40.489632+00:00,True
http://mostbettanzania.org,mostbettanzania.org,keyword_match,26,LOW,False,2026-07-24 12:08:41.560341+00:00,True
http://1xbet-abohanafi-xyz.pages.dev,1xbet-abohanafi-xyz.pages.dev,keyword_match,43,MEDIUM,True,2026-07-23 22:18:09.204897+00:00,True
http://winph7jili.com,winph7jili.com,keyword_match,36,LOW,False,2026-07-25 01:23:24.603260+00:00,True
http://macaojili.asia,macaojili.asia,keyword_match,26,LOW,False,2026-07-25 16:39:20.778924+00:00,True
http://mostbetmx-app.mx,mostbetmx-app.mx,keyword_match,24,LOW,True,2026-07-23 16:43:40.889857+00:00,True
http://jiliswerte99.com,jiliswerte99.com,keyword_match,44,MEDIUM,False,2026-07-25 17:24:24.151374+00:00,True
http://1xbet-alnasernews-com.pages.dev,1xbet-alnasernews-com.pages.dev,keyword_match,48,MEDIUM,True,2026-07-24 08:00:58.497417+00:00,True
http://16jiliwin.com,16jiliwin.com,keyword_match,31,LOW,True,2026-07-23 22:18:48.941398+00:00,True
http://8xbeth.com,8xbeth.com,keyword_match,23,LOW,True,2026-07-24 03:03:58.219181+00:00,True
http://jiliwinvip6.com,jiliwinvip6.com,keyword_match,46,MEDIUM,True,2026-07-26 12:44:03.019814+00:00,True
http://mostbetaz91.net,mostbetaz91.net,keyword_match,40,MEDIUM,False,2026-07-26 01:43:06.432124+00:00,True
http://mail.appmelbet-venezuela.com,mail.appmelbet-venezuela.com,keyword_match,33,LOW,False,2026-07-26 03:03:33.578949+00:00,True
http://racing.casinomaxi9109.com,racing.casinomaxi9109.com,keyword_match,58,MEDIUM,True,2026-07-26 10:25:34.141559+00:00,True
http://betorspinguncel.com,betorspinguncel.com,keyword_match,28,LOW,False,2026-07-25 23:08:24.237161+00:00,True
http://1xbet-hmfe.top,1xbet-hmfe.top,keyword_match,30,LOW,True,2026-07-24 01:38:52.364426+00:00,True
http://pincoapkaz.com,pincoapkaz.com,keyword_match,22,LOW,True,2026-07-24 10:10:32.300015+00:00,True
http://bitstarz-casino-login-australia.com,bitstarz-casino-login-australia.com,keyword_match,37,LOW,False,2026-07-24 14:20:05.226460+00:00,True
http://1xbet-tj.biz,1xbet-tj.biz,keyword_match,31,LOW,True,2026-07-24 10:05:37.273523+00:00,True
http://www.5xbet.link,www.5xbet.link,keyword_match,23,LOW,False,2026-07-25 00:53:36.168360+00:00,True
http://jiliaceplus.com,jiliaceplus.com,keyword_match,39,LOW,False,2026-07-26 05:38:25.471408+00:00,True
http://phljiliko.com,phljiliko.com,keyword_match,20,LOW,False,2026-07-24 20:08:54.142459+00:00,True
http://melbet-au.net,melbet-au.net,keyword_match,36,LOW,False,2026-07-24 16:51:22.474430+00:00,True
http://jilibet888.vip,jilibet888.vip,keyword_match,32,LOW,False,2026-07-26 00:21:34.126421+00:00,True
http://oauth.riobetcasino-qer.top,oauth.riobetcasino-qer.top,keyword_match,30,LOW,False,2026-07-24 14:43:21.656670+00:00,True
http://www.guncelmariobetgiris.com,www.guncelmariobetgiris.com,keyword_match,32,LOW,False,2026-07-24 10:58:10.305297+00:00,True
http://holiganbet.guncelhizligiris.icu,holiganbet.guncelhizligiris.icu,keyword_match,42,MEDIUM,False,2026-07-25 00:58:25.052824+00:00,True
http://larabetcasino.club,larabetcasino.club,keyword_match,53,MEDIUM,True,2026-07-24 08:41:13.828514+00:00,True
http://888starz.info,888starz.info,typosquat,53,MEDIUM,True,2026-07-26 14:00:31.604725+00:00,True
http://1xbet-mobile.co,1xbet-mobile.co,keyword_match,23,LOW,False,2026-07-24 18:52:00.305046+00:00,True
http://dev-1-west.hennepincountry.org,dev-1-west.hennepincountry.org,keyword_match,49,MEDIUM,False,2026-07-25 22:07:50.537451+00:00,True
http://spinup-21.votepro.org,spinup-21.votepro.org,keyword_match,49,MEDIUM,True,2026-07-23 17:00:06.691460+00:00,True
http://joycasino-gdn.top,joycasino-gdn.top,keyword_match,46,MEDIUM,False,2026-07-25 21:27:33.342338+00:00,True
http://newzerkalo1xnewtop.ru,newzerkalo1xnewtop.ru,keyword_match,23,LOW,True,2026-07-24 09:49:17.800632+00:00,True
http://guncelpalacebetgiris.com,guncelpalacebetgiris.com,keyword_match,46,MEDIUM,False,2026-07-24 10:58:32.285880+00:00,True
http://mostbet-sites.ru,mostbet-sites.ru,keyword_match,27,LOW,False,2026-07-25 17:50:57.380803+00:00,True
http://amun-betcasino.nl,amun-betcasino.nl,keyword_match,32,LOW,True,2026-07-24 09:32:21.453447+00:00,True
http://www.website-pinup.art,www.website-pinup.art,keyword_match,31,LOW,False,2026-07-24 21:01:30.135392+00:00,True
http://mostbet02.eic-rb.ru,mostbet02.eic-rb.ru,keyword_match,33,LOW,False,2026-07-25 10:02:41.067382+00:00,True
http://1xbet-nlyn.top,1xbet-nlyn.top,keyword_match,28,LOW,False,2026-07-26 01:06:05.302392+00:00,True
http://multigame-pinco-kz-kk.pu550ev.com,multigame-pinco-kz-kk.pu550ev.com,keyword_match,56,MEDIUM,True,2026-07-24 06:44:34.996329+00:00,True
http://vavadaaak.com,vavadaaak.com,keyword_match,41,MEDIUM,False,2026-07-26 09:24:26.135847+00:00,True
http://www.jojobet-gercek-giris.icu,www.jojobet-gercek-giris.icu,keyword_match,37,LOW,False,2026-07-25 04:32:19.734266+00:00,True
http://jiliapp99.top,jiliapp99.top,keyword_match,42,MEDIUM,True,2026-07-26 13:43:47.765671+00:00,True
http://tr.1xbet2026guncelgiris.vip,tr.1xbet2026guncelgiris.vip,keyword_match,55,MEDIUM,True,2026-07-24 06:42:09.349282+00:00,True
http://www.1xbet-casino.co.com,www.1xbet-casino.co.com,keyword_match,27,LOW,True,2026-07-24 01:41:27.915474+00:00,True
http://aqzmk.1xbet-uyfd.top,aqzmk.1xbet-uyfd.top,keyword_match,33,LOW,False,2026-07-25 10:21:13.753991+00:00,True
http://melbet10.kholmsk-arena.ru,melbet10.kholmsk-arena.ru,keyword_match,43,MEDIUM,False,2026-07-25 23:51:55.279333+00:00,True
http://1xbet-srbija.org,1xbet-srbija.org,keyword_match,44,MEDIUM,True,2026-07-24 03:39:13.868807+00:00,True
http://auth.1xbet-zyjf.top,auth.1xbet-zyjf.top,keyword_match,33,LOW,False,2026-07-26 03:57:47.475535+00:00,True
http://signin.1xbet-blaz.top,signin.1xbet-blaz.top,keyword_match,28,LOW,True,2026-07-24 09:34:50.028516+00:00,True
http://riobetcasino-gxc.top,riobetcasino-gxc.top,keyword_match,29,LOW,False,2026-07-25 00:48:21.681377+00:00,True
http://betjiliil.com,betjiliil.com,keyword_match,24,LOW,False,2026-07-24 12:07:47.757572+00:00,True
http://8xbet79.net,8xbet79.net,keyword_match,37,LOW,False,2026-07-25 15:44:15.729521+00:00,True
http://m.casinomaxi752.com,m.casinomaxi752.com,keyword_match,25,LOW,False,2026-07-24 12:09:43.289490+00:00,True
http://www.militarypinup.christinadownen.com,www.militarypinup.christinadownen.com,keyword_match,34,LOW,True,2026-07-24 03:22:46.780794+00:00,True
http://vavada1.odbtr.org,vavada1.odbtr.org,keyword_match,31,LOW,False,2026-07-26 03:30:02.688488+00:00,True
http://rtbetcasino.nz,rtbetcasino.nz,keyword_match,52,MEDIUM,False,2026-07-25 13:23:10.862510+00:00,True
http://www.melbets.pro.in,www.melbets.pro.in,keyword_match,31,LOW,False,2026-07-25 20:17:45.300549+00:00,True
http://skunxbet-th.co,skunxbet-th.co,keyword_match,33,LOW,False,2026-07-25 21:20:07.315176+00:00,True
http://www.vavadas-pl.net.pl,www.vavadas-pl.net.pl,keyword_match,37,LOW,False,2026-07-25 18:44:00.636350+00:00,True
http://jiliapp88.xyz,jiliapp88.xyz,keyword_match,29,LOW,False,2026-07-26 04:22:55.123382+00:00,True
http://officialmelbet.com,officialmelbet.com,keyword_match,20,LOW,False,2026-07-25 17:56:08.048007+00:00,True
http://mostbet-giris-az777.org,mostbet-giris-az777.org,keyword_match,45,MEDIUM,False,2026-07-25 06:21:31.746369+00:00,True
http://jiligame24.com,jiligame24.com,keyword_match,38,LOW,True,2026-07-24 03:59:30.912488+00:00,True
http://vavada-casiinos.ink,vavada-casiinos.ink,keyword_match,34,LOW,False,2026-07-25 08:10:34.092397+00:00,True
http://jili9765.com,jili9765.com,keyword_match,21,LOW,True,2026-07-23 21:54:04.724477+00:00,True
http://matbet88.club,matbet88.club,keyword_match,39,LOW,False,2026-07-26 05:12:53.870412+00:00,True
http://www.pincoruskasino.it.com,www.pincoruskasino.it.com,keyword_match,31,LOW,False,2026-07-24 18:10:33.872588+00:00,True
http://wheel-balloon-pinco-kg.pu550ev.com,wheel-balloon-pinco-kg.pu550ev.com,keyword_match,57,MEDIUM,False,2026-07-25 00:34:23.284474+00:00,True
http://www.mosbetcasino.top,www.mosbetcasino.top,keyword_match,39,LOW,True,2026-07-26 13:41:14.568623+00:00,True
http://chicken1xbeteg.com,chicken1xbeteg.com,keyword_match,37,LOW,False,2026-07-24 21:49:35.082634+00:00,True
http://www.hoppincoppins.com,www.hoppincoppins.com,keyword_match,30,LOW,False,2026-07-25 12:18:05.110752+00:00,True
http://grandbet88b.com,grandbet88b.com,keyword_match,55,MEDIUM,False,2026-07-25 21:29:25.798241+00:00,True
http://gamejilievo.com,gamejilievo.com,keyword_match,39,LOW,False,2026-07-25 10:55:18.001885+00:00,True
http://mostbett-cz.cz,mostbett-cz.cz,keyword_match,31,LOW,True,2026-07-24 09:08:51.345590+00:00,True
http://slotlioncasino.nu.nitrowincasino.nu,slotlioncasino.nu.nitrowincasino.nu,keyword_match,29,LOW,False,2026-07-25 08:25:30.337082+00:00,True
http://betjiliguide.com,betjiliguide.com,keyword_match,24,LOW,False,2026-07-24 23:57:25.898442+00:00,True
http://onlinecasinometbankoverschrijving-co-nl.pages.dev,onlinecasinometbankoverschrijving-co-nl.pages.dev,keyword_match,47,MEDIUM,False,2026-07-26 06:19:59.809314+00:00,True
http://ajiliti.com,ajiliti.com,keyword_match,37,LOW,True,2026-07-26 12:48:37.270236+00:00,True
http://www.pinup.day-sale.com,www.pinup.day-sale.com,keyword_match,26,LOW,True,2026-07-23 23:50:23.639377+00:00,True
http://chernoezerkalo.top,chernoezerkalo.top,keyword_match,33,LOW,True,2026-07-24 03:27:25.608228+00:00,True
http://spincomobil.online,spincomobil.online,keyword_match,47,MEDIUM,False,2026-07-25 12:48:00.161372+00:00,True
http://bonus-avos.casinomaxi9109.com,bonus-avos.casinomaxi9109.com,keyword_match,51,MEDIUM,False,2026-07-26 09:03:23.011134+00:00,True
http://jili7377.com,jili7377.com,keyword_match,16,BENIGN,False,2026-07-25 04:10:48.685026+00:00,True
http://1xbett.club,1xbett.club,keyword_match,25,LOW,False,2026-07-25 18:10:33.941421+00:00,True
http://22betcasino-org-uk-58510.pages.dev,22betcasino-org-uk-58510.pages.dev,keyword_match,45,MEDIUM,False,2026-07-25 12:54:39.476859+00:00,True
http://pincoofficialkz.com,pincoofficialkz.com,keyword_match,37,LOW,True,2026-07-26 13:11:02.046998+00:00,True
http://www.skunxbet-vip.com,www.skunxbet-vip.com,keyword_match,37,LOW,True,2026-07-23 17:50:58.907013+00:00,True
http://ecuador-1xbet.lat,ecuador-1xbet.lat,keyword_match,46,MEDIUM,True,2026-07-24 05:35:13.260781+00:00,True
http://1xbet-h5-kaiyun.bet,1xbet-h5-kaiyun.bet,keyword_match,46,MEDIUM,True,2026-07-24 03:56:50.715578+00:00,True
http://pe-1xbet-apuestaslive.org,pe-1xbet-apuestaslive.org,keyword_match,33,LOW,False,2026-07-25 23:53:55.891032+00:00,True
http://taiwan-melbet.com,taiwan-melbet.com,keyword_match,37,LOW,False,2026-07-24 17:55:26.288445+00:00,True
http://console.1xbet-ahq.top,console.1xbet-ahq.top,keyword_match,30,LOW,False,2026-07-25 08:08:10.925562+00:00,True
http://oauth.1xbet-lsrp.top,oauth.1xbet-lsrp.top,keyword_match,33,LOW,False,2026-07-25 16:59:33.043420+00:00,True
http://jilicasinologin.online,jilicasinologin.online,keyword_match,47,MEDIUM,False,2026-07-26 02:57:37.397480+00:00,True
http://onlinecasinorehberi.org,onlinecasinorehberi.org,keyword_match,20,LOW,True,2026-07-24 05:51:18.956227+00:00,True
http://apkdownloadforandroid-1xbet.xyz,apkdownloadforandroid-1xbet.xyz,keyword_match,39,LOW,False,2026-07-25 20:30:05.848479+00:00,True
http://vulkan-vegas-no.com,vulkan-vegas-no.com,keyword_match,40,MEDIUM,False,2026-07-25 01:36:05.049642+00:00,True
http://jili77788.com,jili77788.com,keyword_match,31,LOW,False,2026-07-26 05:26:25.030626+00:00,True
http://www.69jili.vip,www.69jili.vip,keyword_match,35,LOW,False,2026-07-25 13:26:07.607352+00:00,True
http://wwwjilistorm.com,wwwjilistorm.com,keyword_match,35,LOW,True,2026-07-26 11:11:27.729660+00:00,True
http://jiligames.one,jiligames.one,keyword_match,22,LOW,False,2026-07-26 04:26:14.099344+00:00,True
http://6xbetx.click,6xbetx.click,keyword_match,28,LOW,False,2026-07-24 21:08:29.013461+00:00,True
http://yandex.kwid9.1xbet-egji.top,yandex.kwid9.1xbet-egji.top,keyword_match,36,LOW,False,2026-07-26 00:10:06.093445+00:00,True
http://7xxbetlogin.net,7xxbetlogin.net,keyword_match,43,MEDIUM,False,2026-07-26 05:28:03.371807+00:00,True
http://accounts.riobetcasino-aqn.top,accounts.riobetcasino-aqn.top,keyword_match,33,LOW,False,2026-07-24 22:20:06.080726+00:00,True
http://www.1xbet-gpfd.top,www.1xbet-gpfd.top,keyword_match,30,LOW,False,2026-07-24 13:49:12.457584+00:00,True
http://30jilig.com,30jilig.com,keyword_match,30,LOW,False,2026-07-24 13:12:40.727369+00:00,True
http://ww38.jili77win.site,ww38.jili77win.site,keyword_match,45,MEDIUM,True,2026-07-24 06:28:07.231236+00:00,True
http://bonus-registro-mostbet.com,bonus-registro-mostbet.com,keyword_match,34,LOW,False,2026-07-24 23:28:29.511814+00:00,True
http://canadapincon.com,canadapincon.com,keyword_match,27,LOW,True,2026-07-24 08:59:46.300480+00:00,True
http://www.8xbet-jp.com,www.8xbet-jp.com,keyword_match,26,LOW,False,2026-07-25 12:18:22.486235+00:00,True
http://excitewincasino.it.com,excitewincasino.it.com,keyword_match,23,LOW,True,2026-07-24 10:20:43.953451+00:00,True
http://vulkan812.ru,vulkan812.ru,keyword_match,30,LOW,False,2026-07-25 11:18:04.993923+00:00,True
http://1xbetcasinoca.com,1xbetcasinoca.com,keyword_match,34,LOW,False,2026-07-24 19:19:03.547961+00:00,True
http://jojobet.dogrutekgiris.icu,jojobet.dogrutekgiris.icu,keyword_match,42,MEDIUM,False,2026-07-25 00:58:47.461497+00:00,True
http://bajilivemy.net,bajilivemy.net,keyword_match,35,LOW,False,2026-07-26 06:54:47.638244+00:00,True
http://www.lesdeuxbetes.com,www.lesdeuxbetes.com,keyword_match,32,LOW,False,2026-07-25 04:05:59.755610+00:00,True
http://www.sharpincometaxservice.com,www.sharpincometaxservice.com,keyword_match,27,LOW,False,2026-07-25 01:39:54.974651+00:00,True
http://foxbet-1.pages.dev,foxbet-1.pages.dev,keyword_match,26,LOW,False,2026-07-25 05:52:01.779862+00:00,True
http://betwaysports.tel,betwaysports.tel,keyword_match,22,LOW,False,2026-07-25 04:51:46.478376+00:00,True
http://joycasinobr.com,joycasinobr.com,keyword_match,17,BENIGN,False,2026-07-26 07:06:27.299792+00:00,True
http://s5v6.fbjili6.com,s5v6.fbjili6.com,keyword_match,33,LOW,False,2026-07-24 17:29:12.195287+00:00,True
http://pinuponline.cd,pinuponline.cd,keyword_match,46,MEDIUM,False,2026-07-25 19:31:58.319149+00:00,True
http://mostbetblackfriday.com,mostbetblackfriday.com,keyword_match,36,LOW,True,2026-07-26 12:58:47.624135+00:00,True
http://axbet.org,axbet.org,keyword_match,26,LOW,False,2026-07-24 22:49:33.624203+00:00,True
http://jilifam.app,jilifam.app,keyword_match,21,LOW,True,2026-07-24 04:16:05.225747+00:00,True
http://oauth.riobetcasino-sgl.top,oauth.riobetcasino-sgl.top,keyword_match,33,LOW,False,2026-07-25 02:32:43.882584+00:00,True
http://melbet-mirror.com,melbet-mirror.com,keyword_match,30,LOW,False,2026-07-24 14:57:41.491838+00:00,True
http://wildcard.melbet-buw.buzz,wildcard.melbet-buw.buzz,keyword_match,29,LOW,True,2026-07-24 06:35:36.776092+00:00,True
http://onlinecasinocrypto-gr.pages.dev,onlinecasinocrypto-gr.pages.dev,keyword_match,33,LOW,False,2026-07-26 08:16:08.772419+00:00,True
http://1xbet-chequr1.top,1xbet-chequr1.top,keyword_match,36,LOW,False,2026-07-26 02:19:27.624237+00:00,True
http://qbetcasino.co.no,qbetcasino.co.no,keyword_match,29,LOW,False,2026-07-24 14:45:32.564556+00:00,True
http://1xbet-lcdh.top,1xbet-lcdh.top,keyword_match,33,LOW,False,2026-07-25 21:29:16.768501+00:00,True
http://pinco-freespins.com,pinco-freespins.com,keyword_match,39,LOW,False,2026-07-25 19:01:47.796474+00:00,True
http://www.1xbet-ap7v.top,www.1xbet-ap7v.top,keyword_match,33,LOW,False,2026-07-25 22:53:11.551092+00:00,True
http://xbet.st,xbet.st,keyword_match,28,LOW,False,2026-07-26 00:04:46.759415+00:00,True
http://allwin.allwincasino.zt.ua,allwin.allwincasino.zt.ua,keyword_match,34,LOW,False,2026-07-25 11:56:38.940274+00:00,True
http://pinco-bets-az.com,pinco-bets-az.com,keyword_match,42,MEDIUM,True,2026-07-24 09:04:33.393654+00:00,True
http://www.mostbett-cz.cz,www.mostbett-cz.cz,keyword_match,34,LOW,True,2026-07-24 09:08:56.834807+00:00,True
http://59jili.app,59jili.app,keyword_match,24,LOW,False,2026-07-25 01:45:22.508688+00:00,True
http://1xbet-qpa.top,1xbet-qpa.top,keyword_match,30,LOW,False,2026-07-25 02:17:28.658089+00:00,True
http://mostbet.turkiye-resmi-giris.ink,mostbet.turkiye-resmi-giris.ink,keyword_match,31,LOW,True,2026-07-24 01:53:52.666414+00:00,True
http://vulkan21.top,vulkan21.top,keyword_match,34,LOW,False,2026-07-24 11:50:20.468609+00:00,True
http://www.vulkanacum.am,www.vulkanacum.am,keyword_match,32,LOW,False,2026-07-25 20:02:10.029476+00:00,True
http://1xbet.notstory.com,1xbet.notstory.com,keyword_match,27,LOW,False,2026-07-24 13:27:11.598862+00:00,True
http://jilibbzvyr.com,jilibbzvyr.com,keyword_match,42,MEDIUM,False,2026-07-24 20:10:02.804588+00:00,True
http://onlinecasinosgreeces-gr.pages.dev,onlinecasinosgreeces-gr.pages.dev,keyword_match,30,LOW,False,2026-07-26 07:38:29.486111+00:00,True
http://spinup-1.votepro.gop,spinup-1.votepro.gop,keyword_match,37,LOW,True,2026-07-23 16:56:38.385443+00:00,True
http://console.1xbet-ebud.top,console.1xbet-ebud.top,keyword_match,30,LOW,False,2026-07-24 11:58:52.310367+00:00,True
http://www.guncelpalacebetgiris.com,www.guncelpalacebetgiris.com,keyword_match,32,LOW,False,2026-07-24 10:58:42.672577+00:00,True
http://dev.sunxbet.org,dev.sunxbet.org,keyword_match,31,LOW,False,2026-07-25 19:06:01.918250+00:00,True
http://kobetcasino.net,kobetcasino.net,keyword_match,26,LOW,False,2026-07-25 05:45:46.742233+00:00,True
http://user.1xbet-ebud.top,user.1xbet-ebud.top,keyword_match,30,LOW,False,2026-07-24 15:12:27.429367+00:00,True
http://signup.1xbet-bend.top,signup.1xbet-bend.top,keyword_match,31,LOW,False,2026-07-24 23:44:20.601484+00:00,True
http://win987jili.com,win987jili.com,keyword_match,33,LOW,False,2026-07-26 09:24:37.557309+00:00,True
http://bdpinupcasino.net,bdpinupcasino.net,keyword_match,44,MEDIUM,True,2026-07-26 13:12:48.665632+00:00,True
http://luxebetjili.com,luxebetjili.com,keyword_match,36,LOW,False,2026-07-25 14:13:32.451430+00:00,True
http://at-irwincasino-com.pages.dev,at-irwincasino-com.pages.dev,keyword_match,36,LOW,True,2026-07-24 09:48:44.961456+00:00,True
http://sso.1xbet-ebud.top,sso.1xbet-ebud.top,keyword_match,30,LOW,False,2026-07-24 11:58:32.343504+00:00,True
http://registro1xbet.net,registro1xbet.net,keyword_match,29,LOW,True,2026-07-23 23:57:28.741429+00:00,True
http://api.melbet-kqp.buzz,api.melbet-kqp.buzz,keyword_match,29,LOW,False,2026-07-24 14:02:23.912496+00:00,True
http://onlinecasino-2026.ru,onlinecasino-2026.ru,keyword_match,49,MEDIUM,False,2026-07-25 19:49:01.809475+00:00,True
http://namedonlinecasino.com,namedonlinecasino.com,keyword_match,21,LOW,False,2026-07-25 01:23:07.569587+00:00,True
http://www.1xbet-97246.ru,www.1xbet-97246.ru,keyword_match,65,HIGH,True,2026-07-26 11:35:37.485378+00:00,True
http://vavada2onl.com,vavada2onl.com,keyword_match,36,LOW,False,2026-07-24 23:10:40.795481+00:00,True
http://1xbetofficial.org,1xbetofficial.org,keyword_match,29,LOW,False,2026-07-25 18:47:27.521795+00:00,True
http://in.casinomaxi9109.com,in.casinomaxi9109.com,keyword_match,42,MEDIUM,False,2026-07-26 09:24:09.695793+00:00,True
http://www.vulkania.lima-city.de,www.vulkania.lima-city.de,keyword_match,21,LOW,True,2026-07-24 03:32:46.385157+00:00,True
http://parimatchzerkalo-kyiv-ua.pages.dev,parimatchzerkalo-kyiv-ua.pages.dev,keyword_match,51,MEDIUM,True,2026-07-26 14:00:09.991986+00:00,True
http://xbets-online.com,xbets-online.com,keyword_match,35,LOW,False,2026-07-26 09:19:10.442572+00:00,True
http://joycasino-vlr.top,joycasino-vlr.top,keyword_match,44,MEDIUM,False,2026-07-24 19:41:38.382951+00:00,True
http://www.xn--betebet-giri-guncel-1wd.com,www.xn--betebet-giri-guncel-1wd.com,keyword_match,48,MEDIUM,False,2026-07-26 08:41:48.940376+00:00,True
http://dev.1xbet-ssfj.top,dev.1xbet-ssfj.top,keyword_match,33,LOW,False,2026-07-25 21:58:39.678317+00:00,True
http://panalobetcasino.vip,panalobetcasino.vip,keyword_match,22,LOW,False,2026-07-24 12:27:24.067393+00:00,True
http://vulkan-vegas.cz,vulkan-vegas.cz,keyword_match,32,LOW,True,2026-07-24 04:11:01.728663+00:00,True
http://www.vulkaneifelhaus.com,www.vulkaneifelhaus.com,keyword_match,38,LOW,False,2026-07-25 20:31:13.605870+00:00,True
http://pinup.traedawn.com,pinup.traedawn.com,keyword_match,34,LOW,True,2026-07-24 02:32:34.045575+00:00,True
http://rustore.melbet-kqp.buzz,rustore.melbet-kqp.buzz,keyword_match,29,LOW,False,2026-07-24 14:02:54.171487+00:00,True
http://pinco-oyuna.com,pinco-oyuna.com,keyword_match,30,LOW,False,2026-07-25 20:30:55.108616+00:00,True
http://vulkanspiele-latvija.com,vulkanspiele-latvija.com,keyword_match,51,MEDIUM,False,2026-07-24 23:33:34.944075+00:00,True
http://www.connexbetter.com,www.connexbetter.com,keyword_match,15,BENIGN,False,2026-07-25 22:14:04.908367+00:00,True
http://elexbet1542.com,elexbet1542.com,keyword_match,48,MEDIUM,False,2026-07-24 11:15:31.044408+00:00,True
http://bbee8w-physioalpincom-2826.site.rb-hosting.io,bbee8w-physioalpincom-2826.site.rb-hosting.io,keyword_match,49,MEDIUM,False,2026-07-24 13:57:10.301849+00:00,True
http://www.1xbet-lk9l.top,www.1xbet-lk9l.top,keyword_match,26,LOW,False,2026-07-25 23:02:11.723636+00:00,True
http://8xbetnet.com,8xbetnet.com,keyword_match,28,LOW,False,2026-07-24 15:02:54.414067+00:00,True
http://melbet-86902.pro,melbet-86902.pro,keyword_match,40,MEDIUM,False,2026-07-24 20:02:01.751610+00:00,True
http://pics.p2pincome.com,pics.p2pincome.com,keyword_match,28,LOW,False,2026-07-25 08:16:44.851414+00:00,True
http://bitstarzsj.com,bitstarzsj.com,keyword_match,44,MEDIUM,False,2026-07-24 18:07:48.411639+00:00,True
http://www.1xbet-nc3t.top,www.1xbet-nc3t.top,keyword_match,26,LOW,False,2026-07-25 23:07:02.124415+00:00,True
http://testing.1xbet-ssfj.top,testing.1xbet-ssfj.top,keyword_match,30,LOW,False,2026-07-25 21:58:40.195812+00:00,True
http://taijilibrary.kinsta.cloud,taijilibrary.kinsta.cloud,keyword_match,44,MEDIUM,False,2026-07-25 06:41:00.184215+00:00,True
http://mostbet.fuelingactivekids.com,mostbet.fuelingactivekids.com,keyword_match,34,LOW,False,2026-07-24 11:27:49.208089+00:00,True
http://pinco.net.br,pinco.net.br,keyword_match,31,LOW,False,2026-07-25 11:09:02.088363+00:00,True
http://oauth.riobetcasino-kje.top,oauth.riobetcasino-kje.top,keyword_match,30,LOW,False,2026-07-25 18:21:24.639450+00:00,True
http://twincasino.best,twincasino.best,keyword_match,53,MEDIUM,True,2026-07-26 10:43:24.441180+00:00,True
http://parimatch-zerkalo-com-ua.pages.dev,parimatch-zerkalo-com-ua.pages.dev,keyword_match,41,MEDIUM,False,2026-07-26 06:30:24.286902+00:00,True
http://demo.melbet-kqp.buzz,demo.melbet-kqp.buzz,keyword_match,29,LOW,False,2026-07-24 14:02:36.925420+00:00,True
http://jiligloryphl.com,jiligloryphl.com,keyword_match,20,LOW,False,2026-07-25 23:33:36.119738+00:00,True
http://jili8998slot.com,jili8998slot.com,keyword_match,35,LOW,False,2026-07-25 01:06:24.962499+00:00,True
http://8xbett.cn.com,8xbett.cn.com,keyword_match,30,LOW,True,2026-07-23 17:34:50.368331+00:00,True
http://dollartopincome65.pages.dev,dollartopincome65.pages.dev,keyword_match,44,MEDIUM,False,2026-07-24 11:20:47.513329+00:00,True
http://auth.1xbet-ssfj.top,auth.1xbet-ssfj.top,keyword_match,30,LOW,False,2026-07-25 19:59:34.204531+00:00,True
http://m.jojobet-tekguncel.icu,m.jojobet-tekguncel.icu,keyword_match,28,LOW,False,2026-07-26 07:25:10.487436+00:00,True
http://vavada-qrm5.top,vavada-qrm5.top,keyword_match,29,LOW,False,2026-07-25 14:15:29.940535+00:00,True
http://maxbetcasino-de.com,maxbetcasino-de.com,keyword_match,27,LOW,False,2026-07-25 19:22:27.578442+00:00,True
http://connexbetter.com,connexbetter.com,keyword_match,15,BENIGN,False,2026-07-25 22:14:00.005537+00:00,True
http://jiliwinvip2.com,jiliwinvip2.com,keyword_match,46,MEDIUM,True,2026-07-26 12:43:14.179482+00:00,True
http://22betcasino.xyz,22betcasino.xyz,keyword_match,48,MEDIUM,False,2026-07-26 08:49:04.738507+00:00,True
http://auth.riobetcasino-aiv.top,auth.riobetcasino-aiv.top,keyword_match,34,LOW,False,2026-07-24 19:26:27.297494+00:00,True
http://mostbet-tajik.com,mostbet-tajik.com,keyword_match,28,LOW,False,2026-07-25 23:46:34.811338+00:00,True
http://winnerbetcasino.de.com,winnerbetcasino.de.com,keyword_match,25,LOW,False,2026-07-25 09:21:21.247540+00:00,True
http://vavada043sn.buzz,vavada043sn.buzz,keyword_match,44,MEDIUM,True,2026-07-24 03:59:08.808441+00:00,True
http://onlinecasinobitcoin-gr.pages.dev,onlinecasinobitcoin-gr.pages.dev,keyword_match,30,LOW,False,2026-07-26 08:36:56.384501+00:00,True
http://wwwjili1233.com,wwwjili1233.com,keyword_match,38,LOW,False,2026-07-25 19:02:55.360687+00:00,True
http://pokerdom-casino-le9.ru,pokerdom-casino-le9.ru,keyword_match,34,LOW,False,2026-07-25 10:40:40.285515+00:00,True
http://jilinoblejili.com,jilinoblejili.com,keyword_match,20,LOW,True,2026-07-23 16:26:13.592854+00:00,True
http://pribetcasino.co.uk,pribetcasino.co.uk,keyword_match,33,LOW,False,2026-07-25 19:36:26.782455+00:00,True
http://ebwif.melbet-kazino.top,ebwif.melbet-kazino.top,keyword_match,23,LOW,False,2026-07-24 04:46:05.126588+00:00,True
http://axbet-casino.fr,axbet-casino.fr,keyword_match,32,LOW,True,2026-07-24 07:21:09.897895+00:00,True
http://www.zerkalosteklo.ru,www.zerkalosteklo.ru,keyword_match,39,LOW,False,2026-07-24 12:33:27.362190+00:00,True
http://www.jilimm.shop,www.jilimm.shop,keyword_match,32,LOW,False,2026-07-25 19:56:17.309434+00:00,True
http://mostbet-official-site.org,mostbet-official-site.org,keyword_match,40,MEDIUM,False,2026-07-26 05:14:33.596458+00:00,True
http://c4i2.fbjili8.com,c4i2.fbjili8.com,keyword_match,33,LOW,False,2026-07-24 21:57:20.754473+00:00,True
http://www.retropinups.com,www.retropinups.com,keyword_match,29,LOW,False,2026-07-24 17:51:13.147416+00:00,True
http://oauth.riobetcasino-ppd.top,oauth.riobetcasino-ppd.top,keyword_match,31,LOW,False,2026-07-24 05:29:09.115923+00:00,True
http://z4t4.fbjili7.com,z4t4.fbjili7.com,keyword_match,33,LOW,False,2026-07-25 05:32:14.838399+00:00,True
http://axbet.eu,axbet.eu,keyword_match,44,MEDIUM,True,2026-07-24 06:23:52.095571+00:00,True
http://play.onlinecasinoaussie.com,play.onlinecasinoaussie.com,keyword_match,23,LOW,False,2026-07-26 05:44:32.170383+00:00,True
http://web.bestonlinecasinobonus.uk,web.bestonlinecasinobonus.uk,keyword_match,29,LOW,False,2026-07-25 00:53:56.200426+00:00,True
http://m.zone-ayxbet.com,m.zone-ayxbet.com,keyword_match,33,LOW,True,2026-07-24 05:36:05.511530+00:00,True
http://www.wincasino-top.org,www.wincasino-top.org,keyword_match,33,LOW,False,2026-07-24 21:01:39.225503+00:00,True
http://user.1xbet-idad.top,user.1xbet-idad.top,keyword_match,33,LOW,False,2026-07-25 01:15:45.817483+00:00,True
http://bbee8w-wwwphysioalpincom-6828.site.rb-hosting.io,bbee8w-wwwphysioalpincom-6828.site.rb-hosting.io,keyword_match,50,MEDIUM,False,2026-07-24 15:09:18.313366+00:00,True
http://jilim9.life,jilim9.life,keyword_match,38,LOW,True,2026-07-26 11:34:56.189787+00:00,True
http://melbetthailand.org,melbetthailand.org,keyword_match,22,LOW,False,2026-07-25 21:11:52.122494+00:00,True
http://www.sxbetx.com,www.sxbetx.com,keyword_match,37,LOW,False,2026-07-25 15:44:44.858981+00:00,True
http://www.1xbet-cctv-kaiyun.bet,www.1xbet-cctv-kaiyun.bet,keyword_match,46,MEDIUM,True,2026-07-24 03:52:03.685652+00:00,True
http://291jili04.com,291jili04.com,keyword_match,43,MEDIUM,False,2026-07-25 18:22:33.683452+00:00,True
http://pinup-games-kazino.com,pinup-games-kazino.com,keyword_match,36,LOW,False,2026-07-25 08:15:12.485139+00:00,True
http://1xbet-altalebalarabe-com.pages.dev,1xbet-altalebalarabe-com.pages.dev,keyword_match,44,MEDIUM,False,2026-07-24 12:26:04.452649+00:00,True
http://www.grandbet88xptc.site,www.grandbet88xptc.site,keyword_match,46,MEDIUM,False,2026-07-25 11:22:49.240397+00:00,True
http://mail.play-mostbet-az.com,mail.play-mostbet-az.com,keyword_match,42,MEDIUM,False,2026-07-26 09:18:11.146668+00:00,True
http://www.pokerklasnet.icu,www.pokerklasnet.icu,keyword_match,34,LOW,False,2026-07-24 16:08:16.423460+00:00,True
http://auth.1xbet-jhxk.top,auth.1xbet-jhxk.top,keyword_match,30,LOW,True,2026-07-24 06:18:09.652797+00:00,True
http://www.jojobet-tekresmi.icu,www.jojobet-tekresmi.icu,keyword_match,28,LOW,True,2026-07-24 05:21:51.288185+00:00,True
http://tr.pinco-kazino1.ink,tr.pinco-kazino1.ink,keyword_match,41,MEDIUM,False,2026-07-25 12:56:36.086541+00:00,True
http://xbh6h.melbet-kazino.top,xbh6h.melbet-kazino.top,keyword_match,23,LOW,False,2026-07-24 04:58:54.185041+00:00,True
http://egyptgames1xbet.com,egyptgames1xbet.com,keyword_match,37,LOW,False,2026-07-26 03:49:35.263010+00:00,True
http://auth.1xbet-ewox.top,auth.1xbet-ewox.top,keyword_match,33,LOW,False,2026-07-25 13:51:40.479370+00:00,True
http://tr-betcioguncelgirisiimm-vip.pages.dev,tr-betcioguncelgirisiimm-vip.pages.dev,keyword_match,44,MEDIUM,True,2026-07-24 09:36:16.991554+00:00,True
http://1985jili.vip,1985jili.vip,keyword_match,26,LOW,False,2026-07-25 06:39:23.803427+00:00,True
http://zetbetcasino.net,zetbetcasino.net,keyword_match,20,LOW,False,2026-07-25 11:06:15.347212+00:00,True
http://jili9119.com,jili9119.com,keyword_match,16,BENIGN,False,2026-07-25 14:44:42.319966+00:00,True
http://betway.in.net,betway.in.net,keyword_match,32,LOW,False,2026-07-25 23:18:42.102795+00:00,True
http://user.1xbet-jhxk.top,user.1xbet-jhxk.top,keyword_match,30,LOW,False,2026-07-25 17:48:08.752633+00:00,True
http://signin.riobetcasino-lrd.top,signin.riobetcasino-lrd.top,keyword_match,30,LOW,False,2026-07-25 08:01:12.768454+00:00,True
http://twinstrenchlessbyprofessional.com,twinstrenchlessbyprofessional.com,keyword_match,14,BENIGN,False,2026-07-25 19:28:40.645015+00:00,True
http://m.casinometropol1008.com,m.casinometropol1008.com,keyword_match,51,MEDIUM,True,2026-07-26 13:18:42.001090+00:00,True
http://hot-jili.net,hot-jili.net,keyword_match,23,LOW,False,2026-07-25 00:56:41.391493+00:00,True
http://casinomaxi9109.com,casinomaxi9109.com,keyword_match,45,MEDIUM,False,2026-07-25 19:44:50.308730+00:00,True
http://brxbett2.com,brxbett2.com,keyword_match,23,LOW,False,2026-07-25 13:06:34.448784+00:00,True
http://789wincasino.net,789wincasino.net,keyword_match,55,MEDIUM,True,2026-07-26 11:38:07.485485+00:00,True
http://signup.riobetcasino-pxb.top,signup.riobetcasino-pxb.top,keyword_match,31,LOW,False,2026-07-24 06:19:46.536458+00:00,True
http://www.mostbetbr.bet,www.mostbetbr.bet,keyword_match,29,LOW,False,2026-07-24 12:33:15.080291+00:00,True
http://enzogbet-pinco-tr.pu550ev.com,enzogbet-pinco-tr.pu550ev.com,keyword_match,52,MEDIUM,False,2026-07-24 17:44:41.931036+00:00,True
http://bitstarz-australia.org,bitstarz-australia.org,keyword_match,28,LOW,False,2026-07-25 10:38:09.809499+00:00,True
http://plusphjili.com,plusphjili.com,keyword_match,20,LOW,True,2026-07-24 04:37:34.571023+00:00,True
http://azpinup-141-casino-com.pages.dev,azpinup-141-casino-com.pages.dev,keyword_match,54,MEDIUM,False,2026-07-25 00:46:00.843103+00:00,True
http://mostbet-official.pages.dev,mostbet-official.pages.dev,keyword_match,23,LOW,False,2026-07-26 06:51:26.904130+00:00,True
http://1xbet-ua.ru,1xbet-ua.ru,keyword_match,22,LOW,False,2026-07-25 13:19:52.393785+00:00,True
http://xbet100.link,xbet100.link,keyword_match,50,MEDIUM,True,2026-07-26 11:05:53.772368+00:00,True
http://signup.vavada-cvx.top,signup.vavada-cvx.top,keyword_match,33,LOW,False,2026-07-24 18:55:09.872382+00:00,True
http://www.nexbets.shop,www.nexbets.shop,keyword_match,31,LOW,True,2026-07-24 07:34:54.572540+00:00,True
http://www.1xbet-ua.ru,www.1xbet-ua.ru,keyword_match,27,LOW,False,2026-07-25 13:19:56.468085+00:00,True
http://bet879.org,bet879.org,keyword_match,33,LOW,True,2026-07-23 16:43:51.289507+00:00,True
http://rainbetcasinosweden-com.pages.dev,rainbetcasinosweden-com.pages.dev,keyword_match,26,LOW,False,2026-07-24 16:03:39.959481+00:00,True
http://jilislit.org,jilislit.org,keyword_match,20,LOW,True,2026-07-24 04:22:29.225987+00:00,True
http://user.1xbet-guz.top,user.1xbet-guz.top,keyword_match,33,LOW,False,2026-07-26 06:55:43.731776+00:00,True
http://jili9477.com,jili9477.com,keyword_match,36,LOW,False,2026-07-24 16:06:29.678588+00:00,True
http://sovety-ekspertov.website-pinup.art,sovety-ekspertov.website-pinup.art,keyword_match,41,MEDIUM,False,2026-07-24 21:06:46.478368+00:00,True
http://fambetcasino-ch.eu.com,fambetcasino-ch.eu.com,keyword_match,28,LOW,True,2026-07-24 07:37:35.107200+00:00,True
http://jumbabet.com,jumbabet.com,keyword_match,24,LOW,True,2026-07-24 05:34:27.950513+00:00,True
http://jojobet92.tv,jojobet92.tv,keyword_match,37,LOW,False,2026-07-24 20:26:05.401350+00:00,True
http://melbet-9529.pro,melbet-9529.pro,keyword_match,28,LOW,False,2026-07-24 20:06:15.150450+00:00,True
http://spinup-11.votepro.org,spinup-11.votepro.org,keyword_match,45,MEDIUM,True,2026-07-23 16:57:29.588003+00:00,True
http://8xbet8x.pro,8xbet8x.pro,keyword_match,30,LOW,False,2026-07-25 01:01:46.493451+00:00,True
http://wwwjiligm7.com,wwwjiligm7.com,keyword_match,36,LOW,False,2026-07-25 21:33:27.666453+00:00,True
http://10xbet11.com,10xbet11.com,keyword_match,21,LOW,False,2026-07-25 03:54:25.716560+00:00,True
http://jiliphpro.vip,jiliphpro.vip,keyword_match,64,HIGH,True,2026-07-26 13:16:14.311548+00:00,True
http://www.nuhunslot.toponlinecasinouae.com,www.nuhunslot.toponlinecasinouae.com,keyword_match,32,LOW,True,2026-07-26 10:59:21.969514+00:00,True
http://betwayviptr.pages.dev,betwayviptr.pages.dev,keyword_match,23,LOW,False,2026-07-26 07:09:43.288419+00:00,True
http://www.1xbet-mobil.net,www.1xbet-mobil.net,keyword_match,34,LOW,False,2026-07-25 00:36:58.548349+00:00,True
http://jojobet81870.com,jojobet81870.com,keyword_match,52,MEDIUM,False,2026-07-24 11:45:59.226437+00:00,True
http://signin.1xbet-ag8.xyz,signin.1xbet-ag8.xyz,keyword_match,40,MEDIUM,False,2026-07-25 08:00:33.543351+00:00,True
http://7b14f315-853e-4b5b-9c8f-93663c8ca6cc.1xbet-m.club,7b14f315-853e-4b5b-9c8f-93663c8ca6cc.1xbet-m.club,keyword_match,58,MEDIUM,False,2026-07-25 03:40:07.187970+00:00,True
http://8xbet-c1-t1-8xbetapp-net.pages.dev,8xbet-c1-t1-8xbetapp-net.pages.dev,keyword_match,43,MEDIUM,False,2026-07-25 15:41:21.064518+00:00,True
http://winwinbetcasino.com,winwinbetcasino.com,keyword_match,33,LOW,True,2026-07-26 13:56:36.140323+00:00,True
http://parmabetyeni.com,parmabetyeni.com,keyword_match,34,LOW,False,2026-07-24 20:09:43.228816+00:00,True
http://mostbet11528.online,mostbet11528.online,keyword_match,50,MEDIUM,False,2026-07-25 15:56:49.791494+00:00,True
http://howtoplayatonlinecasinos.com,howtoplayatonlinecasinos.com,keyword_match,28,LOW,True,2026-07-23 19:33:35.703045+00:00,True
http://20betcasino.pt,20betcasino.pt,keyword_match,41,MEDIUM,False,2026-07-24 12:04:30.084552+00:00,True
http://mrxbet.gr.com,mrxbet.gr.com,keyword_match,27,LOW,True,2026-07-24 05:32:26.576204+00:00,True
http://8jiliasia.com,8jiliasia.com,keyword_match,20,LOW,False,2026-07-25 07:16:21.396025+00:00,True
http://www.spincoffee.company,www.spincoffee.company,keyword_match,31,LOW,False,2026-07-25 05:44:36.356687+00:00,True
http://z8slotjili.com,z8slotjili.com,keyword_match,36,LOW,False,2026-07-25 13:03:28.323117+00:00,True
http://hitcgate.melbet-kazino.top,hitcgate.melbet-kazino.top,keyword_match,23,LOW,False,2026-07-24 04:47:54.342134+00:00,True
http://bbeettjili.com,bbeettjili.com,keyword_match,24,LOW,False,2026-07-24 12:01:46.447443+00:00,True
http://fezbetcasino.uk.net,fezbetcasino.uk.net,keyword_match,23,LOW,False,2026-07-25 23:42:07.289467+00:00,True
http://www.1xbet-bk-help.ru,www.1xbet-bk-help.ru,keyword_match,38,LOW,False,2026-07-24 12:09:28.445510+00:00,True
http://chat.casinometropol942.com,chat.casinometropol942.com,keyword_match,36,LOW,False,2026-07-25 03:22:02.983849+00:00,True
http://onejili.org,onejili.org,keyword_match,26,LOW,False,2026-07-25 01:36:27.696419+00:00,True
http://account.1xbet-ag8.xyz,account.1xbet-ag8.xyz,keyword_match,45,MEDIUM,False,2026-07-25 22:06:12.884433+00:00,True
http://1xbets.co.no,1xbets.co.no,keyword_match,29,LOW,True,2026-07-24 10:08:01.073042+00:00,True
http://pinup-taka.com,pinup-taka.com,keyword_match,43,MEDIUM,False,2026-07-25 10:40:56.285448+00:00,True
http://api.1xbet-lsrp.top,api.1xbet-lsrp.top,keyword_match,33,LOW,False,2026-07-25 16:59:22.197643+00:00,True
http://www.22betcasino-ie.com,www.22betcasino-ie.com,keyword_match,45,MEDIUM,False,2026-07-25 20:21:28.205454+00:00,True
http://1xbet.yalla-gomla.com,1xbet.yalla-gomla.com,keyword_match,27,LOW,False,2026-07-24 23:40:55.799617+00:00,True
http://xbet.ba,xbet.ba,keyword_match,22,LOW,False,2026-07-25 23:28:36.628518+00:00,True
http://titanxbet.org,titanxbet.org,keyword_match,26,LOW,False,2026-07-25 01:04:17.647496+00:00,True
http://m.nesinecasino-guncel-giris.top,m.nesinecasino-guncel-giris.top,keyword_match,50,MEDIUM,False,2026-07-24 20:50:40.326409+00:00,True
http://kviuqsuh.melbet-slots.top,kviuqsuh.melbet-slots.top,keyword_match,26,LOW,False,2026-07-25 01:57:33.375454+00:00,True
http://dovamatbet.live,dovamatbet.live,keyword_match,36,LOW,False,2026-07-24 17:46:39.020485+00:00,True
http://go100jili.com,go100jili.com,keyword_match,31,LOW,True,2026-07-23 21:46:47.711309+00:00,True
http://1xbet-79241.ru,1xbet-79241.ru,keyword_match,59,MEDIUM,True,2026-07-26 11:28:34.227391+00:00,True
http://echo33jili.com,echo33jili.com,keyword_match,38,LOW,False,2026-07-26 05:21:33.654496+00:00,True
http://ww38.melbetegplinko.website,ww38.melbetegplinko.website,keyword_match,46,MEDIUM,True,2026-07-23 19:56:23.844192+00:00,True
http://1wincasino.pages.dev,1wincasino.pages.dev,keyword_match,38,LOW,True,2026-07-26 13:41:41.007660+00:00,True
http://bd-melbet.net,bd-melbet.net,keyword_match,38,LOW,False,2026-07-25 01:01:36.694419+00:00,True
http://1xbet-live12.buzz,1xbet-live12.buzz,keyword_match,36,LOW,False,2026-07-24 17:33:13.772826+00:00,True
http://1xbet-kg-vhod.biz,1xbet-kg-vhod.biz,keyword_match,35,LOW,True,2026-07-23 16:51:39.315515+00:00,True
http://1xbet36s.vip,1xbet36s.vip,keyword_match,34,LOW,False,2026-07-25 01:00:45.308789+00:00,True
http://www.voyazh-zerkalo-mira.ru,www.voyazh-zerkalo-mira.ru,keyword_match,37,LOW,False,2026-07-25 06:10:51.677788+00:00,True
http://jili88pg.com,jili88pg.com,keyword_match,35,LOW,False,2026-07-25 22:32:13.343680+00:00,True
http://1-zerkalo1.top,1-zerkalo1.top,keyword_match,30,LOW,True,2026-07-23 15:58:42.405828+00:00,True
http://wish-wincasino.fr,wish-wincasino.fr,keyword_match,35,LOW,True,2026-07-26 11:14:43.472802+00:00,True
http://vulkan-on-money.top,vulkan-on-money.top,keyword_match,44,MEDIUM,True,2026-07-26 13:44:55.779092+00:00,True
http://leonbets-casino-x0un0.top,leonbets-casino-x0un0.top,keyword_match,39,LOW,False,2026-07-23 23:45:16.228532+00:00,True
http://test.tgaxbet.vin,test.tgaxbet.vin,keyword_match,34,LOW,False,2026-07-25 17:00:45.794537+00:00,True
http://1xbetbasee.shop,1xbetbasee.shop,keyword_match,31,LOW,False,2026-07-24 11:21:53.314274+00:00,True
http://jilimacaolink.com,jilimacaolink.com,keyword_match,20,LOW,False,2026-07-24 22:49:43.198493+00:00,True
http://mostbetsaz.com,mostbetsaz.com,keyword_match,25,LOW,False,2026-07-24 11:45:45.813022+00:00,True
http://8xbetstudio.cc,8xbetstudio.cc,keyword_match,47,MEDIUM,False,2026-07-25 23:01:10.912106+00:00,True
http://club-ayxbet.com,club-ayxbet.com,keyword_match,28,LOW,True,2026-07-23 16:12:35.903905+00:00,True
http://giris-pinco-resmi-it-com.pages.dev,giris-pinco-resmi-it-com.pages.dev,keyword_match,47,MEDIUM,False,2026-07-24 19:29:59.698431+00:00,True
http://pxbet55.org,pxbet55.org,keyword_match,26,LOW,False,2026-07-24 19:12:21.233784+00:00,True
http://ph444jili.pages.dev,ph444jili.pages.dev,keyword_match,23,LOW,False,2026-07-25 23:17:12.029999+00:00,True
http://www.vavadansxt.com,www.vavadansxt.com,keyword_match,37,LOW,False,2026-07-24 12:32:14.384660+00:00,True
http://1xcasino-vhod-zerkalo.com,1xcasino-vhod-zerkalo.com,keyword_match,40,MEDIUM,False,2026-07-24 17:07:52.894648+00:00,True
http://pixbet.info,pixbet.info,keyword_match,23,LOW,False,2026-07-25 09:41:41.219441+00:00,True
http://b2xbetlogin-com-br-69.pages.dev,b2xbetlogin-com-br-69.pages.dev,keyword_match,46,MEDIUM,False,2026-07-25 13:32:36.976895+00:00,True
http://manage.1xbet-ahq.top,manage.1xbet-ahq.top,keyword_match,30,LOW,True,2026-07-24 03:02:19.941006+00:00,True
http://pinupcasino25.online,pinupcasino25.online,keyword_match,50,MEDIUM,False,2026-07-25 23:07:53.009321+00:00,True
http://pincoruskasino.it.com,pincoruskasino.it.com,keyword_match,26,LOW,False,2026-07-25 19:53:01.303637+00:00,True
http://www.fujilima.com,www.fujilima.com,keyword_match,16,BENIGN,False,2026-07-24 20:36:57.387458+00:00,True
http://dev.ijility.com,dev.ijility.com,keyword_match,32,LOW,False,2026-07-25 22:00:06.955811+00:00,True
http://top10onlinecasino-australia.pages.dev,top10onlinecasino-australia.pages.dev,keyword_match,50,MEDIUM,False,2026-07-25 12:58:13.606234+00:00,True
http://melbet66.online,melbet66.online,keyword_match,60,HIGH,False,2026-07-24 02:51:48.323673+00:00,True
http://melbet-8663.pro,melbet-8663.pro,keyword_match,28,LOW,False,2026-07-24 20:01:36.600568+00:00,True
http://www.cz-mostbett.com,www.cz-mostbett.com,keyword_match,30,LOW,True,2026-07-24 09:06:43.781045+00:00,True
http://1xbets.co.tz,1xbets.co.tz,keyword_match,29,LOW,False,2026-07-25 17:17:16.950873+00:00,True
http://ivibetcasino.ca,ivibetcasino.ca,keyword_match,27,LOW,False,2026-07-25 15:57:18.303510+00:00,True
http://melbetsenegal.org,melbetsenegal.org,keyword_match,27,LOW,False,2026-07-25 22:43:40.795020+00:00,True
http://www.melbetar.net,www.melbetar.net,keyword_match,23,LOW,False,2026-07-26 05:24:36.465866+00:00,True
http://jilibbb61w.com,jilibbb61w.com,keyword_match,52,MEDIUM,False,2026-07-25 03:25:53.449877+00:00,True
http://choibancatai8xbet.pages.dev,choibancatai8xbet.pages.dev,keyword_match,38,LOW,True,2026-07-26 12:54:55.017177+00:00,True
http://www.dreamjili-online.com,www.dreamjili-online.com,keyword_match,28,LOW,False,2026-07-25 00:04:56.597786+00:00,True
http://ibetcasino-fi.eu.com,ibetcasino-fi.eu.com,keyword_match,25,LOW,False,2026-07-24 14:29:14.342498+00:00,True
http://ww1.leonbets-casino-a5hc.buzz,ww1.leonbets-casino-a5hc.buzz,keyword_match,48,MEDIUM,False,2026-07-24 10:49:28.201221+00:00,True
http://pixbetbr.bet,pixbetbr.bet,keyword_match,28,LOW,True,2026-07-23 18:05:32.656434+00:00,True
http://www.rexbetitools.com,www.rexbetitools.com,keyword_match,13,BENIGN,True,2026-07-26 10:15:27.499415+00:00,True
http://jojobet-yeniseri.icu,jojobet-yeniseri.icu,keyword_match,28,LOW,False,2026-07-24 23:23:07.438906+00:00,True
http://jiliappfree.com,jiliappfree.com,keyword_match,36,LOW,True,2026-07-23 21:48:08.034180+00:00,True
http://ww38.1xbetmovies.network,ww38.1xbetmovies.network,keyword_match,41,MEDIUM,False,2026-07-25 14:33:43.311640+00:00,True
http://mostbetregistration.org,mostbetregistration.org,keyword_match,25,LOW,False,2026-07-25 08:41:55.294056+00:00,True
http://mostbet17893.online,mostbet17893.online,keyword_match,50,MEDIUM,False,2026-07-25 16:03:32.585697+00:00,True
http://api-1xbet.mobigems.com,api-1xbet.mobigems.com,keyword_match,25,LOW,True,2026-07-24 00:24:01.703482+00:00,True
http://allwin.allwincasino.uz.ua,allwin.allwincasino.uz.ua,keyword_match,34,LOW,False,2026-07-25 08:33:49.402693+00:00,True
http://678xbet.net,678xbet.net,keyword_match,26,LOW,False,2026-07-25 23:48:34.208975+00:00,True
http://m.holiganbet-siteguncel.icu,m.holiganbet-siteguncel.icu,keyword_match,28,LOW,False,2026-07-25 10:14:16.505468+00:00,True
http://pinco1-ru.rzhevnews.ru,pinco1-ru.rzhevnews.ru,keyword_match,30,LOW,True,2026-07-23 17:23:14.144557+00:00,True
http://1xbetglobal.pages.dev,1xbetglobal.pages.dev,keyword_match,30,LOW,True,2026-07-24 07:40:21.063681+00:00,True
http://utahonlinecasinos.it.com,utahonlinecasinos.it.com,keyword_match,30,LOW,False,2026-07-25 04:40:38.984407+00:00,True
http://manage.1xbet-m.club,manage.1xbet-m.club,keyword_match,30,LOW,False,2026-07-25 00:04:14.234427+00:00,True
http://telebetguncel.com,telebetguncel.com,keyword_match,27,LOW,False,2026-07-24 18:42:32.535464+00:00,True
http://signup.vavada-rpo.top,signup.vavada-rpo.top,keyword_match,34,LOW,False,2026-07-24 21:17:23.953017+00:00,True
http://jilibbgames.com,jilibbgames.com,keyword_match,30,LOW,False,2026-07-26 01:27:11.177358+00:00,True
http://riobetcasino-rav.top,riobetcasino-rav.top,keyword_match,33,LOW,False,2026-07-25 20:55:27.622455+00:00,True
http://www.casino-vulkan.net,www.casino-vulkan.net,keyword_match,28,LOW,False,2026-07-25 12:23:08.618497+00:00,True
http://www.bd-melbet.net,www.bd-melbet.net,keyword_match,35,LOW,False,2026-07-25 12:51:13.266486+00:00,True
http://m.jilitop.live,m.jilitop.live,keyword_match,34,LOW,False,2026-07-25 19:16:15.986380+00:00,True
http://app-1xbet.es,app-1xbet.es,keyword_match,30,LOW,False,2026-07-25 12:34:08.415625+00:00,True
http://mostbetaplikacja.pl,mostbetaplikacja.pl,keyword_match,28,LOW,False,2026-07-26 04:48:36.486455+00:00,True
http://m.elexbet20.cam,m.elexbet20.cam,keyword_match,39,LOW,True,2026-07-24 07:32:10.399404+00:00,True
http://betwaytiyuxihanmulian.lol,betwaytiyuxihanmulian.lol,keyword_match,34,LOW,False,2026-07-26 03:53:09.782740+00:00,True
http://mostbetapp-ind.in,mostbetapp-ind.in,keyword_match,19,BENIGN,False,2026-07-25 11:43:50.057847+00:00,True
http://jiliph888taya.com,jiliph888taya.com,keyword_match,54,MEDIUM,True,2026-07-26 11:18:36.709923+00:00,True
http://m69xbet.io,m69xbet.io,keyword_match,34,LOW,False,2026-07-26 08:40:42.549495+00:00,True
http://inhumanpinco.com,inhumanpinco.com,keyword_match,26,LOW,False,2026-07-25 23:02:57.318535+00:00,True
http://xbet88.one,xbet88.one,keyword_match,26,LOW,False,2026-07-25 18:01:39.982295+00:00,True
http://ggbetcasino-ch.eu.com,ggbetcasino-ch.eu.com,keyword_match,25,LOW,False,2026-07-24 18:03:10.906301+00:00,True
http://www.1xbet-account-help.ru,www.1xbet-account-help.ru,keyword_match,53,MEDIUM,True,2026-07-26 11:43:42.264577+00:00,True
http://jili9958.com,jili9958.com,keyword_match,26,LOW,False,2026-07-25 21:54:47.874481+00:00,True
http://mostbet-aze-kazino.com,mostbet-aze-kazino.com,keyword_match,36,LOW,False,2026-07-25 12:18:31.160550+00:00,True
http://1xbet-45918.ru,1xbet-45918.ru,keyword_match,44,MEDIUM,False,2026-07-24 11:56:55.457983+00:00,True
http://www.pixbet999.net.babawin.me,www.pixbet999.net.babawin.me,keyword_match,36,LOW,False,2026-07-25 01:37:56.409552+00:00,True
http://tr.pokerklasnet.icu,tr.pokerklasnet.icu,keyword_match,34,LOW,False,2026-07-24 16:08:14.992408+00:00,True
http://pincode.com.ua,pincode.com.ua,keyword_match,17,BENIGN,False,2026-07-26 05:20:21.884802+00:00,True
http://kinbetcasino-australia.com,kinbetcasino-australia.com,keyword_match,42,MEDIUM,False,2026-07-25 09:07:49.464007+00:00,True
http://casinometropolturkey.click,casinometropolturkey.click,keyword_match,37,LOW,False,2026-07-25 13:46:35.204424+00:00,True
http://8xbetvn.fyi,8xbetvn.fyi,keyword_match,30,LOW,False,2026-07-24 15:10:31.679466+00:00,True
http://pajilipa.com,pajilipa.com,keyword_match,20,LOW,False,2026-07-25 13:29:33.770868+00:00,True
http://8xbet.network,8xbet.network,keyword_match,32,LOW,False,2026-07-24 11:20:27.218951+00:00,True
http://nefertiti.melbet-kazino.top,nefertiti.melbet-kazino.top,keyword_match,23,LOW,False,2026-07-24 04:53:21.322501+00:00,True
http://user.1xbet-life10.top,user.1xbet-life10.top,keyword_match,46,MEDIUM,False,2026-07-25 22:26:46.283393+00:00,True
http://online1xbetgames.com,online1xbetgames.com,keyword_match,44,MEDIUM,True,2026-07-26 10:57:06.109601+00:00,True
http://amunracasino-ch.eu.com,amunracasino-ch.eu.com,keyword_match,25,LOW,False,2026-07-24 22:22:34.980365+00:00,True
http://mostbet-onlineuz1.com,mostbet-onlineuz1.com,keyword_match,36,LOW,False,2026-07-25 11:54:34.760436+00:00,True
http://multigame-pinco-az.pu550ev.com,multigame-pinco-az.pu550ev.com,keyword_match,57,MEDIUM,False,2026-07-24 17:19:13.083353+00:00,True
http://pxxbet0.com,pxxbet0.com,keyword_match,23,LOW,False,2026-07-25 14:13:50.194797+00:00,True
http://mostbetuzbeks.com,mostbetuzbeks.com,keyword_match,31,LOW,False,2026-07-25 04:55:23.294014+00:00,True
http://1wincasinoparaguay.com,1wincasinoparaguay.com,keyword_match,22,LOW,True,2026-07-24 04:22:15.295969+00:00,True
http://onlinecasinometbitcoin-co-nl.pages.dev,onlinecasinometbitcoin-co-nl.pages.dev,keyword_match,44,MEDIUM,False,2026-07-26 06:10:40.833664+00:00,True
http://client-frnt-671.maaxbet.bet,client-frnt-671.maaxbet.bet,keyword_match,43,MEDIUM,False,2026-07-25 17:41:48.389801+00:00,True
http://1xbet-in-myanmar.net,1xbet-in-myanmar.net,keyword_match,31,LOW,False,2026-07-24 19:11:29.888417+00:00,True
http://9xbett9.com,9xbett9.com,keyword_match,24,LOW,False,2026-07-24 12:27:20.829799+00:00,True
http://vavada-cazino7.top,vavada-cazino7.top,keyword_match,40,MEDIUM,False,2026-07-24 21:10:26.504822+00:00,True
http://www.bulge-betwaysports.com.cn,www.bulge-betwaysports.com.cn,keyword_match,31,LOW,False,2026-07-25 21:36:52.364415+00:00,True
http://marathonbetcasino.it.com,marathonbetcasino.it.com,keyword_match,25,LOW,False,2026-07-24 18:55:30.870747+00:00,True
http://vavada-casiinos-ink-ed7552a4.pages.dev,vavada-casiinos-ink-ed7552a4.pages.dev,keyword_match,51,MEDIUM,False,2026-07-25 12:06:43.044028+00:00,True
http://joycasino2369.top,joycasino2369.top,keyword_match,37,LOW,False,2026-07-25 10:04:08.070455+00:00,True
http://mostbetbr.bet,mostbetbr.bet,keyword_match,45,MEDIUM,False,2026-07-24 12:33:13.717509+00:00,True
http://xbetnow.com,xbetnow.com,keyword_match,36,LOW,False,2026-07-24 22:18:39.499450+00:00,True
http://racing.casinomaxi781.com,racing.casinomaxi781.com,keyword_match,39,LOW,False,2026-07-26 02:25:58.680800+00:00,True
http://1xbetpartner.net,1xbetpartner.net,keyword_match,29,LOW,False,2026-07-25 19:46:22.044640+00:00,True
http://bolbetcasino.fr,bolbetcasino.fr,keyword_match,32,LOW,True,2026-07-24 07:37:16.093432+00:00,True
http://asian-bets77.space,asian-bets77.space,keyword_match,39,LOW,True,2026-07-23 15:41:33.695450+00:00,True
http://www.bayspinguncelgiris.com,www.bayspinguncelgiris.com,keyword_match,29,LOW,True,2026-07-24 10:17:14.349122+00:00,True
http://m.madridbetc5.org,m.madridbetc5.org,keyword_match,20,LOW,False,2026-07-25 23:06:51.898122+00:00,True
http://jililive.ltd,jililive.ltd,keyword_match,19,BENIGN,True,2026-07-24 04:32:40.470362+00:00,True
http://399jili.shop,399jili.shop,keyword_match,28,LOW,False,2026-07-26 07:58:56.155427+00:00,True
http://madridbet1227.com,madridbet1227.com,keyword_match,38,LOW,False,2026-07-24 22:26:27.642374+00:00,True
http://www.vavadaaaa092.com,www.vavadaaaa092.com,keyword_match,40,MEDIUM,False,2026-07-25 23:12:32.329336+00:00,True
http://signup.1xbet-uyfd.top,signup.1xbet-uyfd.top,keyword_match,30,LOW,False,2026-07-24 11:38:24.480506+00:00,True
http://8xbet.ng,8xbet.ng,keyword_match,26,LOW,False,2026-07-25 17:54:45.727415+00:00,True
http://mail.tgaxbet.lol,mail.tgaxbet.lol,keyword_match,33,LOW,True,2026-07-24 02:47:49.683233+00:00,True
http://www.xbet88.online,www.xbet88.online,keyword_match,53,MEDIUM,True,2026-07-26 12:46:22.308026+00:00,True
http://vavadaxqx.com,vavadaxqx.com,keyword_match,26,LOW,True,2026-07-23 22:02:30.627065+00:00,True
http://mostbet-resmi-giris-it-com.pages.dev,mostbet-resmi-giris-it-com.pages.dev,keyword_match,48,MEDIUM,True,2026-07-24 00:26:49.654789+00:00,True
http://account.riobetcasino-ppd.top,account.riobetcasino-ppd.top,keyword_match,31,LOW,False,2026-07-24 05:29:09.962409+00:00,True
http://oauth.1xbet-ebud.top,oauth.1xbet-ebud.top,keyword_match,30,LOW,False,2026-07-25 03:10:50.049675+00:00,True
http://naturlatexbett.net,naturlatexbett.net,keyword_match,33,LOW,True,2026-07-24 03:47:17.575291+00:00,True
http://vulkanacum.am,vulkanacum.am,keyword_match,28,LOW,False,2026-07-25 20:02:07.861389+00:00,True
http://p4xbet-vip.org,p4xbet-vip.org,keyword_match,39,LOW,False,2026-07-25 12:55:43.570471+00:00,True
http://www.kralbetguncelitr.vip,www.kralbetguncelitr.vip,keyword_match,39,LOW,False,2026-07-24 05:28:59.581533+00:00,True
http://tijilihotelscombenoa.pages.dev,tijilihotelscombenoa.pages.dev,keyword_match,23,LOW,False,2026-07-25 06:38:04.373561+00:00,True
http://www.mostbet-lk.co,www.mostbet-lk.co,keyword_match,36,LOW,True,2026-07-24 00:12:18.583222+00:00,True
http://1-xbetcm-net-50fa5111.pages.dev,1-xbetcm-net-50fa5111.pages.dev,keyword_match,51,MEDIUM,False,2026-07-26 08:52:46.512098+00:00,True
http://tebpich-pinco-tr.pu550ev.com,tebpich-pinco-tr.pu550ev.com,keyword_match,49,MEDIUM,False,2026-07-25 00:36:19.759789+00:00,True
http://testing.tgaxbet.vin,testing.tgaxbet.vin,keyword_match,37,LOW,False,2026-07-25 17:40:08.605239+00:00,True
http://pinasjilislot.com,pinasjilislot.com,keyword_match,45,MEDIUM,True,2026-07-26 10:14:56.264073+00:00,True
http://enjoycasino.com,enjoycasino.com,keyword_match,39,LOW,False,2026-07-25 07:53:45.895442+00:00,True
http://gardenapincode1784811246.zendesk.com,gardenapincode1784811246.zendesk.com,keyword_match,51,MEDIUM,False,2026-07-25 23:57:05.981478+00:00,True
http://www.guncelcasinopopgiris.com,www.guncelcasinopopgiris.com,keyword_match,27,LOW,False,2026-07-24 10:52:43.569420+00:00,True
http://www.crickexbet.io,www.crickexbet.io,keyword_match,28,LOW,True,2026-07-24 10:04:27.034790+00:00,True
http://wishwincasinos.org,wishwincasinos.org,keyword_match,38,LOW,True,2026-07-26 11:04:03.619409+00:00,True
http://pin-up.giris-pinup-az.ink,pin-up.giris-pinup-az.ink,keyword_match,32,LOW,False,2026-07-24 17:41:03.864513+00:00,True
http://melbet-pk-bet.com,melbet-pk-bet.com,keyword_match,44,MEDIUM,False,2026-07-26 02:00:23.143020+00:00,True
http://m.melbet-buw.buzz,m.melbet-buw.buzz,keyword_match,29,LOW,True,2026-07-24 06:35:25.655600+00:00,True
http://mostbetviptr.pages.dev,mostbetviptr.pages.dev,keyword_match,23,LOW,False,2026-07-26 05:56:04.362603+00:00,True
http://mostbet-casino-azerbaijan.com,mostbet-casino-azerbaijan.com,keyword_match,28,LOW,True,2026-07-24 02:10:43.586416+00:00,True
http://jilibonuss.com,jilibonuss.com,keyword_match,24,LOW,False,2026-07-25 21:07:00.515604+00:00,True
http://b1xbet.com.br,b1xbet.com.br,keyword_match,37,LOW,False,2026-07-24 11:02:46.988501+00:00,True
http://www.1xbet-bk-guide.ru,www.1xbet-bk-guide.ru,keyword_match,55,MEDIUM,True,2026-07-26 11:38:27.397048+00:00,True
http://spincoffee.com,spincoffee.com,keyword_match,31,LOW,False,2026-07-25 21:51:55.032563+00:00,True
http://1xbet.co.no,1xbet.co.no,keyword_match,29,LOW,False,2026-07-24 11:12:30.411447+00:00,True
http://mostbetazgiris.mex.com,mostbetazgiris.mex.com,keyword_match,24,LOW,True,2026-07-23 21:48:57.975151+00:00,True
http://toponlinecasinouae.com,toponlinecasinouae.com,keyword_match,43,MEDIUM,True,2026-07-26 11:07:14.756549+00:00,True
http://127jili.org,127jili.org,keyword_match,26,LOW,True,2026-07-24 05:58:51.749386+00:00,True
http://betway.co.no,betway.co.no,keyword_match,29,LOW,False,2026-07-24 18:42:21.963193+00:00,True
http://911xbet.life,911xbet.life,keyword_match,31,LOW,False,2026-07-25 03:58:40.339791+00:00,True
http://manage.vavada-cvx.top,manage.vavada-cvx.top,keyword_match,30,LOW,False,2026-07-24 21:11:32.863475+00:00,True
http://1xbet-mobil-az.com,1xbet-mobil-az.com,keyword_match,57,MEDIUM,True,2026-07-26 09:46:48.848660+00:00,True
http://pulibetguncelgiris7.com,pulibetguncelgiris7.com,keyword_match,19,BENIGN,False,2026-07-25 14:09:02.345541+00:00,True
http://pixbet999.net,pixbet999.net,keyword_match,26,LOW,False,2026-07-25 01:37:41.501431+00:00,True
http://mostbet-az-kazino-online.com,mostbet-az-kazino-online.com,keyword_match,35,LOW,False,2026-07-24 12:20:45.421442+00:00,True
http://wincasino.playnowbd.com,wincasino.playnowbd.com,keyword_match,21,LOW,False,2026-07-24 11:28:04.814108+00:00,True
http://1xbet-zpaw.top,1xbet-zpaw.top,keyword_match,28,LOW,False,2026-07-24 19:32:26.961487+00:00,True
http://38jiliwin.com,38jiliwin.com,keyword_match,31,LOW,True,2026-07-24 03:26:42.657366+00:00,True
http://www.tgaxbet.lol,www.tgaxbet.lol,keyword_match,28,LOW,True,2026-07-24 02:48:05.093422+00:00,True
http://roobetcasino-hu.com,roobetcasino-hu.com,keyword_match,22,LOW,False,2026-07-24 11:04:06.199432+00:00,True
http://slotph-279.jilibay-php.com,slotph-279.jilibay-php.com,keyword_match,41,MEDIUM,False,2026-07-25 09:33:06.280401+00:00,True
http://pokerklasbonus.casino,pokerklasbonus.casino,keyword_match,26,LOW,False,2026-07-24 15:04:00.600787+00:00,True
http://onlinecasinobonuscode-co-nl.pages.dev,onlinecasinobonuscode-co-nl.pages.dev,keyword_match,44,MEDIUM,False,2026-07-26 06:32:09.171846+00:00,True
http://vivatbetcasino-be.eu.com,vivatbetcasino-be.eu.com,keyword_match,28,LOW,False,2026-07-25 19:34:27.531548+00:00,True
http://gggjili.me,gggjili.me,keyword_match,20,LOW,True,2026-07-24 09:50:11.604462+00:00,True
http://jilisuperwin.com,jilisuperwin.com,keyword_match,27,LOW,True,2026-07-23 21:07:39.095438+00:00,True
http://user.1xbet-ewox.top,user.1xbet-ewox.top,keyword_match,30,LOW,True,2026-07-24 03:47:09.061816+00:00,True
http://playjiliapp.com,playjiliapp.com,keyword_match,20,LOW,False,2026-07-25 14:14:16.165705+00:00,True
http://1matbet88.com,1matbet88.com,keyword_match,27,LOW,False,2026-07-26 04:22:50.762216+00:00,True
http://onlinecasinoscanadaa.com,onlinecasinoscanadaa.com,keyword_match,26,LOW,False,2026-07-25 23:08:11.415465+00:00,True
http://matbet88mya.com,matbet88mya.com,keyword_match,43,MEDIUM,False,2026-07-24 18:55:50.383511+00:00,True
http://betwayang707.pages.dev,betwayang707.pages.dev,keyword_match,19,BENIGN,True,2026-07-26 10:19:39.073693+00:00,True
http://jilievo-game.com,jilievo-game.com,keyword_match,39,LOW,False,2026-07-26 01:43:25.028418+00:00,True
http://mxhoywincasino.com,mxhoywincasino.com,keyword_match,25,LOW,False,2026-07-25 02:25:42.697835+00:00,True
http://onlinecasino-1.pages.dev,onlinecasino-1.pages.dev,keyword_match,26,LOW,True,2026-07-24 08:02:44.152441+00:00,True
http://pinupguncelgiris.com,pinupguncelgiris.com,keyword_match,28,LOW,True,2026-07-24 08:57:00.149718+00:00,True
http://maxjili5.club,maxjili5.club,keyword_match,38,LOW,False,2026-07-25 08:17:35.107381+00:00,True
http://www.1xbet-52784.ru,www.1xbet-52784.ru,keyword_match,67,HIGH,True,2026-07-26 11:31:16.810014+00:00,True
http://8xbet68.online,8xbet68.online,keyword_match,49,MEDIUM,False,2026-07-25 09:36:30.255609+00:00,True
http://www.guncelhektorbetgiris.com,www.guncelhektorbetgiris.com,keyword_match,23,LOW,False,2026-07-24 11:05:56.786308+00:00,True
http://desktop-1xbet.lat,desktop-1xbet.lat,keyword_match,50,MEDIUM,True,2026-07-26 11:38:43.969054+00:00,True
http://betjili388.net,betjili388.net,keyword_match,37,LOW,False,2026-07-25 11:31:54.582490+00:00,True
http://kkjilibet.com,kkjilibet.com,keyword_match,36,LOW,True,2026-07-24 03:56:38.148935+00:00,True
http://doradobetcasino-cl.pages.dev,doradobetcasino-cl.pages.dev,keyword_match,23,LOW,True,2026-07-24 03:42:23.402875+00:00,True
http://infler-grandbetsdfsf.pages.dev,infler-grandbetsdfsf.pages.dev,keyword_match,23,LOW,False,2026-07-26 01:17:40.165873+00:00,True
http://joycasinoturkey.pages.dev,joycasinoturkey.pages.dev,keyword_match,26,LOW,False,2026-07-26 05:52:15.539370+00:00,True
http://www.pincogirisguncel.com,www.pincogirisguncel.com,keyword_match,19,BENIGN,False,2026-07-24 16:35:33.126512+00:00,True
http://grafana.vulkanix.com.br,grafana.vulkanix.com.br,keyword_match,63,HIGH,True,2026-07-26 12:53:08.424619+00:00,True
http://orisbetyenigirisi.com,orisbetyenigirisi.com,keyword_match,29,LOW,False,2026-07-25 17:32:53.418850+00:00,True
http://smjiliappjl.com,smjiliappjl.com,keyword_match,24,LOW,False,2026-07-24 20:18:31.773603+00:00,True
http://melbet-yemen.net,melbet-yemen.net,keyword_match,41,MEDIUM,True,2026-07-26 13:17:16.696467+00:00,True
http://vip-betway.com,vip-betway.com,keyword_match,36,LOW,False,2026-07-24 11:38:30.207438+00:00,True
http://melbet-taiwan.com,melbet-taiwan.com,keyword_match,37,LOW,False,2026-07-24 16:21:46.894356+00:00,True
http://sso.1xbet-m.club,sso.1xbet-m.club,keyword_match,30,LOW,False,2026-07-25 08:51:14.293386+00:00,True
http://www.spincolor.art,www.spincolor.art,keyword_match,29,LOW,True,2026-07-24 05:03:11.367150+00:00,True
http://jlgrabejili.com,jlgrabejili.com,keyword_match,20,LOW,False,2026-07-25 18:01:19.372256+00:00,True
http://www.2xbet.hk,www.2xbet.hk,keyword_match,29,LOW,False,2026-07-25 23:11:49.404219+00:00,True
http://racing.casinometropol1008.com,racing.casinometropol1008.com,keyword_match,37,LOW,True,2026-07-24 09:51:13.169445+00:00,True
http://www.vulkan-vegas.cz,www.vulkan-vegas.cz,keyword_match,36,LOW,True,2026-07-24 04:11:00.217391+00:00,True
http://www.riobetcasino-slz.top,www.riobetcasino-slz.top,keyword_match,33,LOW,False,2026-07-25 07:48:35.399557+00:00,True
http://pincor.es,pincor.es,keyword_match,29,LOW,False,2026-07-26 00:37:19.092793+00:00,True
http://onlinecasinometpaypal.co.nl,onlinecasinometpaypal.co.nl,keyword_match,30,LOW,False,2026-07-24 15:14:21.609158+00:00,True
http://betwayturkey.pages.dev,betwayturkey.pages.dev,keyword_match,23,LOW,False,2026-07-26 04:40:58.296888+00:00,True
http://mostbet55146.online,mostbet55146.online,keyword_match,50,MEDIUM,False,2026-07-25 16:32:40.281520+00:00,True
http://5jili.mobi,5jili.mobi,keyword_match,27,LOW,False,2026-07-25 01:53:38.918685+00:00,True
http://melbet.net.et,melbet.net.et,keyword_match,22,LOW,False,2026-07-25 18:11:30.375352+00:00,True
http://pixbet.filmessxite.com,pixbet.filmessxite.com,keyword_match,26,LOW,False,2026-07-24 16:08:40.337501+00:00,True
http://matbet88myb.com,matbet88myb.com,keyword_match,43,MEDIUM,False,2026-07-25 02:05:23.489981+00:00,True
http://55vip.game,55vip.game,keyword_match,33,LOW,True,2026-07-23 15:23:56.818065+00:00,True
http://apksagjili.com,apksagjili.com,keyword_match,26,LOW,False,2026-07-25 13:45:28.405888+00:00,True
http://jili15.app,jili15.app,keyword_match,24,LOW,False,2026-07-24 16:20:27.417369+00:00,True
http://api-uat-usw2.shoppincoupons.com,api-uat-usw2.shoppincoupons.com,keyword_match,49,MEDIUM,False,2026-07-25 23:33:46.326439+00:00,True
http://spinup-2.votepro.org,spinup-2.votepro.org,keyword_match,31,LOW,True,2026-07-23 16:59:39.329279+00:00,True
http://pinconielectronic.com,pinconielectronic.com,keyword_match,28,LOW,False,2026-07-24 23:45:02.730506+00:00,True
http://vulkandemoslots.com,vulkandemoslots.com,keyword_match,19,BENIGN,False,2026-07-24 10:29:44.611412+00:00,True
http://www.p2pincome.com,www.p2pincome.com,keyword_match,30,LOW,False,2026-07-25 08:16:29.742669+00:00,True
http://tipobetguncel-giris.org,tipobetguncel-giris.org,keyword_match,42,MEDIUM,False,2026-07-24 20:32:05.367349+00:00,True
http://oxbetapp.app,oxbetapp.app,keyword_match,27,LOW,True,2026-07-24 07:38:15.917530+00:00,True
http://jilianvpn.com,jilianvpn.com,keyword_match,41,MEDIUM,False,2026-07-25 12:45:19.540843+00:00,True
http://vvjili.xyz,vvjili.xyz,keyword_match,28,LOW,False,2026-07-26 05:07:55.806366+00:00,True
http://pincogirisguncel.com,pincogirisguncel.com,keyword_match,19,BENIGN,False,2026-07-24 16:35:26.871447+00:00,True
http://melbetcasino.work,melbetcasino.work,keyword_match,28,LOW,False,2026-07-25 22:04:45.328607+00:00,True
http://amunra-official-online.pages.dev,amunra-official-online.pages.dev,keyword_match,63,HIGH,True,2026-07-26 13:27:25.086529+00:00,True
http://www.1xbet-61387.ru,www.1xbet-61387.ru,keyword_match,65,HIGH,True,2026-07-26 13:40:45.545088+00:00,True
http://mrxbet.uk.net,mrxbet.uk.net,keyword_match,29,LOW,True,2026-07-24 00:07:20.196671+00:00,True
http://mostbet-cs.cz,mostbet-cs.cz,keyword_match,39,LOW,False,2026-07-24 12:04:38.609481+00:00,True
http://jiligamebet.com,jiligamebet.com,keyword_match,47,MEDIUM,True,2026-07-23 18:51:43.356431+00:00,True
http://app.casinometropol958.com,app.casinometropol958.com,keyword_match,36,LOW,False,2026-07-26 08:05:07.814430+00:00,True
http://egypt1xbetgames.com,egypt1xbetgames.com,keyword_match,62,HIGH,True,2026-07-26 09:53:26.169051+00:00,True
http://api.leonbets-casino-a5hc.buzz,api.leonbets-casino-a5hc.buzz,keyword_match,41,MEDIUM,False,2026-07-24 10:49:08.856799+00:00,True
http://1xbetapk-tn.com,1xbetapk-tn.com,keyword_match,40,MEDIUM,True,2026-07-23 16:05:44.545085+00:00,True
http://1xbet-222.top,1xbet-222.top,keyword_match,26,LOW,True,2026-07-24 06:58:02.206224+00:00,True
http://nuhunslot.toponlinecasinouae.com,nuhunslot.toponlinecasinouae.com,keyword_match,32,LOW,True,2026-07-26 10:59:21.439999+00:00,True
http://vavadacasino-fi.eu.com,vavadacasino-fi.eu.com,keyword_match,25,LOW,False,2026-07-24 14:56:50.887630+00:00,True
http://mostbets-deutschland.de,mostbets-deutschland.de,keyword_match,25,LOW,False,2026-07-24 23:00:22.798788+00:00,True
http://vulkan.skauting.sk,vulkan.skauting.sk,keyword_match,14,BENIGN,True,2026-07-26 09:55:43.730483+00:00,True
