domain,url,discovery_source,risk_score,risk_level,investigated_at
customer-service.casinomaxi9109.com,http://customer-service.casinomaxi9109.com,keyword_match,77,HIGH,2026-07-26 10:16:51.509493+00:00
263a8c0e-8e3b-4781-b5b6-988c3c72075b.1xbet-zyjf.top,http://263a8c0e-8e3b-4781-b5b6-988c3c72075b.1xbet-zyjf.top,keyword_match,76,HIGH,2026-07-26 16:13:03.410972+00:00
girl-sweet-bonanza-sound-pinco-ru.pu550ev.com,http://girl-sweet-bonanza-sound-pinco-ru.pu550ev.com,keyword_match,74,HIGH,2026-07-26 16:52:17.364410+00:00
slot-santas-great-gifts-pinco.pu550ev.com,http://slot-santas-great-gifts-pinco.pu550ev.com,keyword_match,74,HIGH,2026-07-26 13:08:32.235563+00:00
www.pincorus757casinooo.com,http://www.pincorus757casinooo.com,keyword_match,74,HIGH,2026-07-26 09:57:19.981794+00:00
big-wheel-multislot-pinco-kz.pu550ev.com,http://big-wheel-multislot-pinco-kz.pu550ev.com,keyword_match,72,HIGH,2026-07-26 13:32:48.721614+00:00
big-wheel-multislot-pinco-az.pu550ev.com,http://big-wheel-multislot-pinco-az.pu550ev.com,keyword_match,72,HIGH,2026-07-26 16:19:27.862616+00:00
onlinecasino-todoensanche-com-7090279e.pages.dev,http://onlinecasino-todoensanche-com-7090279e.pages.dev,keyword_match,72,HIGH,2026-07-26 13:31:07.155110+00:00
fires-joker-wheel-pinco-kz.pu550ev.com,http://fires-joker-wheel-pinco-kz.pu550ev.com,keyword_match,71,HIGH,2026-07-26 16:49:21.648488+00:00
vavada-casinopl-ink-a638e36d.pages.dev,http://vavada-casinopl-ink-a638e36d.pages.dev,keyword_match,71,HIGH,2026-07-26 12:18:16.380038+00:00
form-gates-of-olympus-sfx-pinco-tr.pu550ev.com,http://form-gates-of-olympus-sfx-pinco-tr.pu550ev.com,keyword_match,70,HIGH,2026-07-26 12:55:26.203747+00:00
pinco.casino6534.buzz,http://pinco.casino6534.buzz,keyword_match,69,HIGH,2026-07-26 09:38:09.276322+00:00
form-girl-b2b-pinco-kz-kz-kk.pu550ev.com,http://form-girl-b2b-pinco-kz-kz-kk.pu550ev.com,keyword_match,68,HIGH,2026-07-26 17:08:08.303575+00:00
www.1xbet-36921.ru,http://www.1xbet-36921.ru,keyword_match,67,HIGH,2026-07-26 11:32:20.283773+00:00
www.1xbet-52784.ru,http://www.1xbet-52784.ru,keyword_match,67,HIGH,2026-07-26 11:31:16.810014+00:00
602vulkanvegas838.com,http://602vulkanvegas838.com,keyword_match,67,HIGH,2026-07-26 11:46:16.447653+00:00
www.1xbet-81465.ru,http://www.1xbet-81465.ru,keyword_match,67,HIGH,2026-07-26 11:34:12.281435+00:00
oauth.pokerdom-ru777on.com,http://oauth.pokerdom-ru777on.com,keyword_match,66,HIGH,2026-07-26 14:36:14.515217+00:00
grandbet88x.com,http://grandbet88x.com,keyword_match,66,HIGH,2026-07-26 14:55:30.917658+00:00
jojobet13288.com,http://jojobet13288.com,keyword_match,66,HIGH,2026-07-26 11:26:43.328514+00:00
www.ag60plus-vulkaneifel.de,http://www.ag60plus-vulkaneifel.de,keyword_match,66,HIGH,2026-07-26 13:07:52.499569+00:00
games-vulkan24.com,http://games-vulkan24.com,keyword_match,65,HIGH,2026-07-26 09:44:26.978172+00:00
1xbet-casino-az24.com,http://1xbet-casino-az24.com,keyword_match,65,HIGH,2026-07-26 10:08:24.869401+00:00
jojobet-casino-giris.vip,http://jojobet-casino-giris.vip,keyword_match,65,HIGH,2026-07-26 12:55:53.236670+00:00
www.1xbet-64318.ru,http://www.1xbet-64318.ru,keyword_match,65,HIGH,2026-07-26 11:35:07.534472+00:00
www.1xbet-79241.ru,http://www.1xbet-79241.ru,keyword_match,65,HIGH,2026-07-26 11:28:41.065166+00:00
www.1xbet-87462.ru,http://www.1xbet-87462.ru,keyword_match,65,HIGH,2026-07-26 11:30:09.838083+00:00
www.1xbet-36518.ru,http://www.1xbet-36518.ru,keyword_match,65,HIGH,2026-07-26 11:29:06.050670+00:00
www.1xbet-45826.ru,http://www.1xbet-45826.ru,keyword_match,65,HIGH,2026-07-26 11:27:40.665643+00:00
www.1xbet-97246.ru,http://www.1xbet-97246.ru,keyword_match,65,HIGH,2026-07-26 11:35:37.485378+00:00
www.1xbet-61387.ru,http://www.1xbet-61387.ru,keyword_match,65,HIGH,2026-07-26 13:40:45.545088+00:00
pinupdownload.store,http://pinupdownload.store,keyword_match,65,HIGH,2026-07-26 13:48:47.296897+00:00
jiliphpro.vip,http://jiliphpro.vip,keyword_match,64,HIGH,2026-07-26 13:16:14.311548+00:00
betyonerguncel.com,http://betyonerguncel.com,keyword_match,64,HIGH,2026-07-26 13:02:08.153528+00:00
afunbetcasino-com-54m.pages.dev,http://afunbetcasino-com-54m.pages.dev,keyword_match,64,HIGH,2026-07-26 17:26:16.391185+00:00
1xbet-kuwait777-org.pages.dev,http://1xbet-kuwait777-org.pages.dev,keyword_match,64,HIGH,2026-07-26 14:12:34.064278+00:00
megapari.online,http://megapari.online,typosquat,63,HIGH,2026-07-26 14:02:01.135204+00:00
wslq2.1xbet-uyfd.top,http://wslq2.1xbet-uyfd.top,keyword_match,63,HIGH,2026-07-26 17:16:46.063543+00:00
20betcasino-at.com,http://20betcasino-at.com,keyword_match,63,HIGH,2026-07-26 14:37:59.299816+00:00
solobetyeni.com,http://solobetyeni.com,keyword_match,63,HIGH,2026-07-26 16:15:29.167491+00:00
amunra-official-online.pages.dev,http://amunra-official-online.pages.dev,keyword_match,63,HIGH,2026-07-26 13:27:25.086529+00:00
skunxbet-main.com,http://skunxbet-main.com,keyword_match,63,HIGH,2026-07-26 15:51:15.099246+00:00
madridbet1843.com,http://madridbet1843.com,keyword_match,63,HIGH,2026-07-26 15:18:54.823674+00:00
grafana.vulkanix.com.br,http://grafana.vulkanix.com.br,keyword_match,63,HIGH,2026-07-26 12:53:08.424619+00:00
jilidemo.fun,http://jilidemo.fun,keyword_match,62,HIGH,2026-07-26 09:58:08.644522+00:00
www.1xbet36s.vip,http://www.1xbet36s.vip,keyword_match,62,HIGH,2026-07-26 10:09:06.261253+00:00
1xbet-register.com,http://1xbet-register.com,keyword_match,62,HIGH,2026-07-26 10:04:24.129815+00:00
egypt1xbetgames.com,http://egypt1xbetgames.com,keyword_match,62,HIGH,2026-07-26 09:53:26.169051+00:00
m-758pokerklas.com,http://m-758pokerklas.com,keyword_match,62,HIGH,2026-07-26 14:24:52.362179+00:00
poker.casinomaxi9109.com,http://poker.casinomaxi9109.com,keyword_match,62,HIGH,2026-07-26 10:24:36.531515+00:00
my-account.casinomaxi9109.com,http://my-account.casinomaxi9109.com,keyword_match,62,HIGH,2026-07-26 10:37:19.643689+00:00
poker.casinometropol948.com,http://poker.casinometropol948.com,keyword_match,61,HIGH,2026-07-26 09:42:55.360453+00:00
enjoybetguncel.com,http://enjoybetguncel.com,keyword_match,61,HIGH,2026-07-26 12:39:32.579540+00:00
1xbet-bk-guide.ru,http://1xbet-bk-guide.ru,keyword_match,61,HIGH,2026-07-26 11:38:30.256430+00:00
1xbet-36921.ru,http://1xbet-36921.ru,keyword_match,61,HIGH,2026-07-26 11:32:13.587437+00:00
1xbet-81465.ru,http://1xbet-81465.ru,keyword_match,61,HIGH,2026-07-26 11:34:12.295799+00:00
baxterbetcasino-nl-34196.pages.dev,http://baxterbetcasino-nl-34196.pages.dev,keyword_match,61,HIGH,2026-07-26 17:21:09.954788+00:00
big-wheel-multislot-pinco-v2-geo.pu550ev.com,http://big-wheel-multislot-pinco-v2-geo.pu550ev.com,keyword_match,60,HIGH,2026-07-24 03:23:20.796582+00:00
1xbet-52784.ru,http://1xbet-52784.ru,keyword_match,60,HIGH,2026-07-26 11:31:15.886331+00:00
jilimax888.online,http://jilimax888.online,keyword_match,60,HIGH,2026-07-26 11:31:04.111436+00:00
joycasino.casino773.buzz,http://joycasino.casino773.buzz,keyword_match,60,HIGH,2026-07-26 14:54:45.286186+00:00
my-account.casinometropol1008.com,http://my-account.casinometropol1008.com,keyword_match,60,HIGH,2026-07-26 12:20:38.253667+00:00
highflybetcasino-com-ro-58624.pages.dev,http://highflybetcasino-com-ro-58624.pages.dev,keyword_match,60,HIGH,2026-07-26 16:27:51.101891+00:00
1xbet-service-bk.ru,http://1xbet-service-bk.ru,keyword_match,60,HIGH,2026-07-26 13:44:00.726059+00:00
1xbet-jawalarena-com.pages.dev,http://1xbet-jawalarena-com.pages.dev,keyword_match,60,HIGH,2026-07-26 16:58:02.785437+00:00
bestonlinecasinotexas-us-com.pages.dev,http://bestonlinecasinotexas-us-com.pages.dev,keyword_match,60,HIGH,2026-07-26 16:46:46.960018+00:00
graphql-betting.club-vulkan.space,http://graphql-betting.club-vulkan.space,keyword_match,60,HIGH,2026-07-26 10:35:45.185951+00:00
pinco-azbaku.com,http://pinco-azbaku.com,keyword_match,60,HIGH,2026-07-26 16:16:14.373629+00:00
melbet.online-23g.casino,http://melbet.online-23g.casino,keyword_match,60,HIGH,2026-07-26 12:25:27.423540+00:00
1xbet-ruskiy.pro,http://1xbet-ruskiy.pro,keyword_match,60,HIGH,2026-07-26 12:27:42.105258+00:00
vulkanveg-argentreel.click,http://vulkanveg-argentreel.click,keyword_match,60,HIGH,2026-07-26 12:41:53.900982+00:00
vavada.online-23g.casino,http://vavada.online-23g.casino,keyword_match,60,HIGH,2026-07-26 15:07:49.515575+00:00
matbetonay4.com,http://matbetonay4.com,keyword_match,59,MEDIUM,2026-07-26 09:56:13.846565+00:00
www.nl-monixbetcasino.com,http://www.nl-monixbetcasino.com,keyword_match,59,MEDIUM,2026-07-26 09:33:56.016425+00:00
vavadaapk37.vip,http://vavadaapk37.vip,keyword_match,59,MEDIUM,2026-07-26 15:01:22.418199+00:00
pinco.online-23g.casino,http://pinco.online-23g.casino,keyword_match,59,MEDIUM,2026-07-26 13:01:07.091094+00:00
1xbet-64318.ru,http://1xbet-64318.ru,keyword_match,59,MEDIUM,2026-07-26 11:35:01.696080+00:00
vavadaapk32.vip,http://vavadaapk32.vip,keyword_match,59,MEDIUM,2026-07-26 14:09:25.026880+00:00
1xbet-79241.ru,http://1xbet-79241.ru,keyword_match,59,MEDIUM,2026-07-26 11:28:34.227391+00:00
sportsbook.casinomaxi9109.com,http://sportsbook.casinomaxi9109.com,keyword_match,59,MEDIUM,2026-07-26 14:07:16.610494+00:00
8f4d17b3-f573-4ae5-a3f4-066b137ffeb6.riobetcasino-fhp.top,http://8f4d17b3-f573-4ae5-a3f4-066b137ffeb6.riobetcasino-fhp.top,keyword_match,59,MEDIUM,2026-07-23 18:00:53.548469+00:00
retrobetcasino.site,http://retrobetcasino.site,keyword_match,59,MEDIUM,2026-07-26 11:38:47.288649+00:00
1xbet-36518.ru,http://1xbet-36518.ru,keyword_match,59,MEDIUM,2026-07-26 11:29:00.491080+00:00
1xbet-account-help.ru,http://1xbet-account-help.ru,keyword_match,59,MEDIUM,2026-07-26 11:43:42.080354+00:00
onlinecasinorealmoney.gr,http://onlinecasinorealmoney.gr,keyword_match,59,MEDIUM,2026-07-26 10:31:52.701550+00:00
e22034a0-b942-4c2d-b13e-f4560c1d4c6d.joycasino-fhj.top,http://e22034a0-b942-4c2d-b13e-f4560c1d4c6d.joycasino-fhj.top,keyword_match,59,MEDIUM,2026-07-23 21:01:01.685036+00:00
1xbet-61387.ru,http://1xbet-61387.ru,keyword_match,59,MEDIUM,2026-07-26 13:40:40.440952+00:00
m-racing.casinometropol1008.com,http://m-racing.casinometropol1008.com,keyword_match,59,MEDIUM,2026-07-26 11:04:15.950038+00:00
racing.casinomaxi9109.com,http://racing.casinomaxi9109.com,keyword_match,58,MEDIUM,2026-07-26 10:25:34.141559+00:00
0afmf.riobetcasino-pxb.top,http://0afmf.riobetcasino-pxb.top,keyword_match,58,MEDIUM,2026-07-26 15:06:00.296004+00:00
bitstarzcasinos.de,http://bitstarzcasinos.de,keyword_match,58,MEDIUM,2026-07-26 13:01:38.759089+00:00
ag60plus-vulkaneifel.de,http://ag60plus-vulkaneifel.de,keyword_match,58,MEDIUM,2026-07-26 13:07:38.815789+00:00
gxbet-france-fr.pages.dev,http://gxbet-france-fr.pages.dev,keyword_match,58,MEDIUM,2026-07-26 17:07:55.470482+00:00
1xbet-45826.ru,http://1xbet-45826.ru,keyword_match,58,MEDIUM,2026-07-26 11:27:38.853525+00:00
lojilifeinsurancewithf65876543210761update.update.update.netxrdgk.tphost.site,http://lojilifeinsurancewithf65876543210761update.update.update.netxrdgk.tphost.site,keyword_match,58,MEDIUM,2026-07-24 10:11:37.224532+00:00
1xbet-87462.ru,http://1xbet-87462.ru,keyword_match,58,MEDIUM,2026-07-26 11:30:09.450059+00:00
1xbet-97246.ru,http://1xbet-97246.ru,keyword_match,58,MEDIUM,2026-07-26 11:35:33.782105+00:00
cg4o5.1xbet-uyfd.top,http://cg4o5.1xbet-uyfd.top,keyword_match,58,MEDIUM,2026-07-26 17:16:38.887464+00:00
nyxbet-casino-7-fr-9f5bca01-8v5.pages.dev,http://nyxbet-casino-7-fr-9f5bca01-8v5.pages.dev,keyword_match,58,MEDIUM,2026-07-23 19:06:16.329436+00:00
t0rpss0qojilifeinsurancewithf65876543210761update.update.update.netxrdgk.tphost.site,http://t0rpss0qojilifeinsurancewithf65876543210761update.update.update.netxrdgk.tphost.site,keyword_match,58,MEDIUM,2026-07-23 22:00:25.326941+00:00
wheel-balloon-pinco-kz.pu550ev.com,http://wheel-balloon-pinco-kz.pu550ev.com,keyword_match,57,MEDIUM,2026-07-24 09:47:52.230791+00:00
pinco-azzz.click,http://pinco-azzz.click,keyword_match,57,MEDIUM,2026-07-26 12:19:27.705846+00:00
m.casinomaxi9109.com,http://m.casinomaxi9109.com,keyword_match,57,MEDIUM,2026-07-26 11:18:05.172306+00:00
1xbet-mobil-az.com,http://1xbet-mobil-az.com,keyword_match,57,MEDIUM,2026-07-26 09:46:48.848660+00:00
multigame-pinco-kg.pu550ev.com,http://multigame-pinco-kg.pu550ev.com,keyword_match,57,MEDIUM,2026-07-24 07:20:57.200057+00:00
rxbetbet.com,http://rxbetbet.com,keyword_match,57,MEDIUM,2026-07-26 10:09:16.818413+00:00
nl-monixbetcasino.com,http://nl-monixbetcasino.com,keyword_match,56,MEDIUM,2026-07-26 09:33:48.436349+00:00
sis-egt.maxbet.ba,http://sis-egt.maxbet.ba,keyword_match,56,MEDIUM,2026-07-26 09:48:39.934428+00:00
kyc-api.maxbet.ba,http://kyc-api.maxbet.ba,keyword_match,56,MEDIUM,2026-07-26 09:48:33.099328+00:00
authproxy.maxbet.ba,http://authproxy.maxbet.ba,keyword_match,56,MEDIUM,2026-07-26 09:48:26.852794+00:00
sportsbooklive.casinometropol1008.com,http://sportsbooklive.casinometropol1008.com,keyword_match,56,MEDIUM,2026-07-26 12:33:42.914282+00:00
coreapi.maxbet.ba,http://coreapi.maxbet.ba,keyword_match,56,MEDIUM,2026-07-26 09:48:26.874517+00:00
core-system-gateway.maxbet.ba,http://core-system-gateway.maxbet.ba,keyword_match,56,MEDIUM,2026-07-26 09:48:53.819328+00:00
message-sender.maxbet.ba,http://message-sender.maxbet.ba,keyword_match,56,MEDIUM,2026-07-26 09:48:33.450520+00:00
sisgames.maxbet.ba,http://sisgames.maxbet.ba,keyword_match,56,MEDIUM,2026-07-26 09:48:39.608392+00:00
sisgameswebapi.maxbet.ba,http://sisgameswebapi.maxbet.ba,keyword_match,56,MEDIUM,2026-07-26 09:48:45.470503+00:00
sispayments.maxbet.ba,http://sispayments.maxbet.ba,keyword_match,56,MEDIUM,2026-07-26 09:48:50.821191+00:00
sispayments-web.maxbet.ba,http://sispayments-web.maxbet.ba,keyword_match,56,MEDIUM,2026-07-26 09:48:47.364172+00:00
casino-pinco-azer-ink-29585b8d.pages.dev,http://casino-pinco-azer-ink-29585b8d.pages.dev,keyword_match,56,MEDIUM,2026-07-24 04:38:36.452041+00:00
jili9711.com,http://jili9711.com,keyword_match,56,MEDIUM,2026-07-26 11:42:08.496192+00:00
road-chicken-form-pinco-az.pu550ev.com,http://road-chicken-form-pinco-az.pu550ev.com,keyword_match,56,MEDIUM,2026-07-24 09:55:20.334661+00:00
megapari-guncel-giris.it.com,http://megapari-guncel-giris.it.com,keyword_match,56,MEDIUM,2026-07-26 13:59:32.874961+00:00
betway-mega-win-arena.click,http://betway-mega-win-arena.click,keyword_match,56,MEDIUM,2026-07-23 17:45:07.405397+00:00
onlinecasinos77china.com,http://onlinecasinos77china.com,keyword_match,56,MEDIUM,2026-07-26 16:28:24.863541+00:00
betpipo2026gunceladres.vip,http://betpipo2026gunceladres.vip,keyword_match,56,MEDIUM,2026-07-26 16:26:57.036406+00:00
1xbet-app-pak.com,http://1xbet-app-pak.com,keyword_match,56,MEDIUM,2026-07-26 10:18:51.910632+00:00
jojobet8954.com,http://jojobet8954.com,keyword_match,56,MEDIUM,2026-07-26 16:52:31.033610+00:00
multigame-pinco-kz-kk.pu550ev.com,http://multigame-pinco-kz-kk.pu550ev.com,keyword_match,56,MEDIUM,2026-07-24 06:44:34.996329+00:00
jilievoapplogin.net,http://jilievoapplogin.net,keyword_match,56,MEDIUM,2026-07-26 13:16:35.718538+00:00
tr.1xbet2026guncelgiris.vip,http://tr.1xbet2026guncelgiris.vip,keyword_match,55,MEDIUM,2026-07-24 06:42:09.349282+00:00
8xbet-vip-2026.com,http://8xbet-vip-2026.com,keyword_match,55,MEDIUM,2026-07-26 10:32:38.774737+00:00
jiliphgo.shop,http://jiliphgo.shop,keyword_match,55,MEDIUM,2026-07-26 13:47:34.372855+00:00
twincasinos-fr-com-4fff42d3.pages.dev,http://twincasinos-fr-com-4fff42d3.pages.dev,keyword_match,55,MEDIUM,2026-07-24 00:23:25.654881+00:00
1xbetmyanmar-app.com,http://1xbetmyanmar-app.com,keyword_match,55,MEDIUM,2026-07-26 15:47:03.159729+00:00
onlinecasinometbankoverschrijving.co.nl,http://onlinecasinometbankoverschrijving.co.nl,keyword_match,55,MEDIUM,2026-07-26 09:44:40.602007+00:00
onlinecasinobonuscode.co.nl,http://onlinecasinobonuscode.co.nl,keyword_match,55,MEDIUM,2026-07-26 09:55:07.696021+00:00
apps.onlinecasino1win-2694.ru,http://apps.onlinecasino1win-2694.ru,keyword_match,55,MEDIUM,2026-07-23 17:25:31.089594+00:00
www.1xbet-bk-guide.ru,http://www.1xbet-bk-guide.ru,keyword_match,55,MEDIUM,2026-07-26 11:38:27.397048+00:00
789wincasino.net,http://789wincasino.net,keyword_match,55,MEDIUM,2026-07-26 11:38:07.485485+00:00
plexbet-casino-179ef8f1.pages.dev,http://plexbet-casino-179ef8f1.pages.dev,keyword_match,55,MEDIUM,2026-07-23 19:04:19.804537+00:00
vicibetcasinos1.de,http://vicibetcasinos1.de,keyword_match,55,MEDIUM,2026-07-26 11:58:59.281858+00:00
crossbrand-melbet-multigeo-pinco-az.pages.dev,http://crossbrand-melbet-multigeo-pinco-az.pages.dev,keyword_match,55,MEDIUM,2026-07-24 05:18:27.368968+00:00
solojili.shop,http://solojili.shop,keyword_match,55,MEDIUM,2026-07-26 11:34:44.466498+00:00
jojobet-resmi-turkiye.icu,http://jojobet-resmi-turkiye.icu,keyword_match,55,MEDIUM,2026-07-24 05:13:34.510420+00:00
fambetcasino1.de,http://fambetcasino1.de,keyword_match,54,MEDIUM,2026-07-26 14:30:24.084665+00:00
melbet-kuwait.com,http://melbet-kuwait.com,keyword_match,54,MEDIUM,2026-07-26 17:21:51.765428+00:00
infinitybetcasinode-com-7a091802.pages.dev,http://infinitybetcasinode-com-7a091802.pages.dev,keyword_match,54,MEDIUM,2026-07-23 21:45:34.538588+00:00
jiliph888taya.com,http://jiliph888taya.com,keyword_match,54,MEDIUM,2026-07-26 11:18:36.709923+00:00
pokerdoms1.work,http://pokerdoms1.work,keyword_match,54,MEDIUM,2026-07-26 11:27:26.573843+00:00
vavada-64sg.buzz,http://vavada-64sg.buzz,keyword_match,54,MEDIUM,2026-07-26 10:26:52.807656+00:00
www.mobilnivulkanizer.rs,http://www.mobilnivulkanizer.rs,keyword_match,54,MEDIUM,2026-07-26 13:32:37.508793+00:00
www.winchliftingfurnitureegy.egypt100100.com,http://www.winchliftingfurnitureegy.egypt100100.com,keyword_match,54,MEDIUM,2026-07-24 00:33:12.930625+00:00
tr.oslobet-2026guncel.vip,http://tr.oslobet-2026guncel.vip,keyword_match,54,MEDIUM,2026-07-24 06:41:36.897453+00:00
zumibetcasino-org-1ba88096.pages.dev,http://zumibetcasino-org-1ba88096.pages.dev,keyword_match,54,MEDIUM,2026-07-24 06:00:19.856846+00:00
e75585ff-30d8-4adc-a86a-88cc53a0b532.ipokerdom365.ru,http://e75585ff-30d8-4adc-a86a-88cc53a0b532.ipokerdom365.ru,keyword_match,54,MEDIUM,2026-07-24 04:00:58.685473+00:00
casinometropol1008.com,http://casinometropol1008.com,keyword_match,54,MEDIUM,2026-07-26 12:37:50.052821+00:00
www.hiltonbet-guncel2026.vip,http://www.hiltonbet-guncel2026.vip,keyword_match,53,MEDIUM,2026-07-24 07:28:04.537137+00:00
madridbetkinq.cam,http://madridbetkinq.cam,keyword_match,53,MEDIUM,2026-07-26 12:57:04.277008+00:00
1xbet-cheqrun2.top,http://1xbet-cheqrun2.top,keyword_match,53,MEDIUM,2026-07-26 15:51:23.341793+00:00
azmostbet-az2026.com,http://azmostbet-az2026.com,keyword_match,53,MEDIUM,2026-07-24 09:01:48.389434+00:00
front-betting.club-vulkan.games,http://front-betting.club-vulkan.games,keyword_match,53,MEDIUM,2026-07-26 09:36:01.374604+00:00
www.xbet88.online,http://www.xbet88.online,keyword_match,53,MEDIUM,2026-07-26 12:46:22.308026+00:00
irwincasino61.com,http://irwincasino61.com,keyword_match,53,MEDIUM,2026-07-26 12:32:10.066646+00:00
ice.safirbetguncel-adres.icu,http://ice.safirbetguncel-adres.icu,keyword_match,53,MEDIUM,2026-07-26 11:51:41.761242+00:00
1xbetbet-x17d-charlie2.top,http://1xbetbet-x17d-charlie2.top,keyword_match,53,MEDIUM,2026-07-26 14:45:10.834888+00:00
mostbetofficial-poland.pl,http://mostbetofficial-poland.pl,keyword_match,53,MEDIUM,2026-07-26 14:30:13.052854+00:00
portal.pokerdom-casino-x3x.top,http://portal.pokerdom-casino-x3x.top,keyword_match,53,MEDIUM,2026-07-23 23:03:28.117443+00:00
www.1xbet-account-help.ru,http://www.1xbet-account-help.ru,keyword_match,53,MEDIUM,2026-07-26 11:43:42.264577+00:00
accounts.vavada-casino-bezdepozitnyj-bonus1.top,http://accounts.vavada-casino-bezdepozitnyj-bonus1.top,keyword_match,53,MEDIUM,2026-07-24 03:22:19.486819+00:00
vavadacasino.restorewiki.ru,http://vavadacasino.restorewiki.ru,keyword_match,53,MEDIUM,2026-07-26 16:54:32.583789+00:00
888starz.info,http://888starz.info,typosquat,53,MEDIUM,2026-07-26 14:00:31.604725+00:00
vavada-amp-8877.buzz,http://vavada-amp-8877.buzz,keyword_match,53,MEDIUM,2026-07-26 13:47:44.319404+00:00
www.spdfraktion-vulkaneifel.de,http://www.spdfraktion-vulkaneifel.de,keyword_match,53,MEDIUM,2026-07-26 13:18:39.037061+00:00
www.jusos-vulkaneifel.de,http://www.jusos-vulkaneifel.de,keyword_match,53,MEDIUM,2026-07-26 16:38:39.993864+00:00
www.1xbet-service-bk.ru,http://www.1xbet-service-bk.ru,keyword_match,53,MEDIUM,2026-07-26 13:44:06.141532+00:00
www.1xbet-ent15.top,http://www.1xbet-ent15.top,keyword_match,53,MEDIUM,2026-07-26 10:23:32.391895+00:00
789maxbett.com,http://789maxbett.com,keyword_match,53,MEDIUM,2026-07-26 16:06:20.833537+00:00
sportsbook.casinomaxi821.com,http://sportsbook.casinomaxi821.com,keyword_match,53,MEDIUM,2026-07-26 13:58:37.727536+00:00
twincasino.best,http://twincasino.best,keyword_match,53,MEDIUM,2026-07-26 10:43:24.441180+00:00
1671joycasino.com,http://1671joycasino.com,keyword_match,53,MEDIUM,2026-07-26 10:45:28.198482+00:00
larabetcasino.club,http://larabetcasino.club,keyword_match,53,MEDIUM,2026-07-24 08:41:13.828514+00:00
pinuptop-best.ru,http://pinuptop-best.ru,keyword_match,52,MEDIUM,2026-07-26 16:29:19.060585+00:00
mostbet-norwayonline.com,http://mostbet-norwayonline.com,keyword_match,52,MEDIUM,2026-07-26 16:14:59.449565+00:00
b2xbet-app-com.pages.dev,http://b2xbet-app-com.pages.dev,keyword_match,52,MEDIUM,2026-07-26 16:11:03.327588+00:00
i7betcasino-org.pages.dev,http://i7betcasino-org.pages.dev,keyword_match,52,MEDIUM,2026-07-26 10:49:46.046672+00:00
www.oslobet-2026guncel.vip,http://www.oslobet-2026guncel.vip,keyword_match,52,MEDIUM,2026-07-24 06:41:41.248824+00:00
www.1xbet2026guncelgiris.vip,http://www.1xbet2026guncelgiris.vip,keyword_match,52,MEDIUM,2026-07-24 06:20:16.406381+00:00
pinco-azerbaijan-club.net,http://pinco-azerbaijan-club.net,keyword_match,52,MEDIUM,2026-07-26 11:11:17.926467+00:00
cazino-vulkan-onlines.net,http://cazino-vulkan-onlines.net,keyword_match,52,MEDIUM,2026-07-23 19:57:44.491423+00:00
www.jili188slot.com.zlg.lbn.temporary.site,http://www.jili188slot.com.zlg.lbn.temporary.site,keyword_match,52,MEDIUM,2026-07-23 20:11:42.257393+00:00
chests-lottery-2-pinco-tr.pu550ev.com,http://chests-lottery-2-pinco-tr.pu550ev.com,keyword_match,52,MEDIUM,2026-07-24 02:54:47.199891+00:00
nexbet.biz,http://nexbet.biz,keyword_match,52,MEDIUM,2026-07-26 09:52:27.849435+00:00
vavadaitalia-net-3d043e3f.pages.dev,http://vavadaitalia-net-3d043e3f.pages.dev,keyword_match,52,MEDIUM,2026-07-23 20:21:35.232603+00:00
lucky-streak-pinco-tr.pu550ev.com,http://lucky-streak-pinco-tr.pu550ev.com,keyword_match,52,MEDIUM,2026-07-24 04:00:40.141951+00:00
manage.1xbet-casinoz-2iu.top,http://manage.1xbet-casinoz-2iu.top,keyword_match,52,MEDIUM,2026-07-24 09:40:21.257400+00:00
vulkan-russia24.com,http://vulkan-russia24.com,keyword_match,52,MEDIUM,2026-07-26 11:56:54.993603+00:00
acebetcasino-belgium.com,http://acebetcasino-belgium.com,keyword_match,52,MEDIUM,2026-07-23 22:53:18.428213+00:00
sportsbook.casinometropol1008.com,http://sportsbook.casinometropol1008.com,keyword_match,52,MEDIUM,2026-07-26 17:25:33.170531+00:00
accounts.mostbet33002.ru,http://accounts.mostbet33002.ru,keyword_match,52,MEDIUM,2026-07-24 04:32:58.727653+00:00
kampanya.casinometropol1008.com,http://kampanya.casinometropol1008.com,keyword_match,52,MEDIUM,2026-07-26 11:28:27.679920+00:00
1xbetagentlist.app,http://1xbetagentlist.app,keyword_match,52,MEDIUM,2026-07-26 14:30:54.690502+00:00
betaz-mostbet.ink,http://betaz-mostbet.ink,keyword_match,52,MEDIUM,2026-07-26 14:27:42.716240+00:00
1xbetapplogin.info,http://1xbetapplogin.info,keyword_match,52,MEDIUM,2026-07-26 14:21:09.694934+00:00
54aebe4b-382e-4ca4-9262-9f74ae84e007.vavadabg.casino,http://54aebe4b-382e-4ca4-9262-9f74ae84e007.vavadabg.casino,keyword_match,52,MEDIUM,2026-07-23 23:04:46.664326+00:00
b37bb9f9-5bdb-45de-bf79-368abf1acdee.pokerdom-kt3.top,http://b37bb9f9-5bdb-45de-bf79-368abf1acdee.pokerdom-kt3.top,keyword_match,52,MEDIUM,2026-07-24 03:33:35.550879+00:00
vavada140.lol,http://vavada140.lol,keyword_match,52,MEDIUM,2026-07-26 12:17:48.239404+00:00
manage.poker-dom-casinozerkalo1.top,http://manage.poker-dom-casinozerkalo1.top,keyword_match,52,MEDIUM,2026-07-23 21:37:07.633665+00:00
onmlkjilijymgfedcnotexists9d8f06ead-e65f-49e9-8b54-9890b2eb5370.claude2video.com,http://onmlkjilijymgfedcnotexists9d8f06ead-e65f-49e9-8b54-9890b2eb5370.claude2video.com,keyword_match,52,MEDIUM,2026-07-24 09:07:27.869634+00:00
xbetagents.com,http://xbetagents.com,keyword_match,52,MEDIUM,2026-07-26 11:22:52.711751+00:00
irwincasino777.de,http://irwincasino777.de,keyword_match,51,MEDIUM,2026-07-26 14:07:25.886345+00:00
poker.casinometropol1008.com,http://poker.casinometropol1008.com,keyword_match,51,MEDIUM,2026-07-26 14:06:47.985583+00:00
update.bydvxbeta.2c97b356-8e41-4234-80aa-98d142c72409.random.debonairmechanical.com,http://update.bydvxbeta.2c97b356-8e41-4234-80aa-98d142c72409.random.debonairmechanical.com,keyword_match,51,MEDIUM,2026-07-24 03:29:43.243512+00:00
pokerdom.casino598.buzz,http://pokerdom.casino598.buzz,keyword_match,51,MEDIUM,2026-07-23 17:10:04.264491+00:00
kazino.casino-pinco-azer.ink,http://kazino.casino-pinco-azer.ink,keyword_match,51,MEDIUM,2026-07-24 05:21:31.617564+00:00
dashboard.mostbet-newwin18.top,http://dashboard.mostbet-newwin18.top,keyword_match,51,MEDIUM,2026-07-23 18:01:31.519323+00:00
joycasino.casino2383.buzz,http://joycasino.casino2383.buzz,keyword_match,51,MEDIUM,2026-07-24 04:25:47.334333+00:00
in.casinometropol1008.com,http://in.casinometropol1008.com,keyword_match,51,MEDIUM,2026-07-26 14:25:28.787645+00:00
1xbetbet-x37d.top,http://1xbetbet-x37d.top,keyword_match,51,MEDIUM,2026-07-26 14:43:00.235794+00:00
pokerdom.casino4531.buzz,http://pokerdom.casino4531.buzz,keyword_match,51,MEDIUM,2026-07-23 21:57:12.558406+00:00
www.pinco-casino529.buzz,http://www.pinco-casino529.buzz,keyword_match,51,MEDIUM,2026-07-23 16:00:45.088154+00:00
c5ce2c2d-a5da-4e3e-8905-8a2956f7d1ea.vavadai49.com,http://c5ce2c2d-a5da-4e3e-8905-8a2956f7d1ea.vavadai49.com,keyword_match,51,MEDIUM,2026-07-23 22:50:08.291456+00:00
avvabet-guncel-2026.icu,http://avvabet-guncel-2026.icu,keyword_match,51,MEDIUM,2026-07-24 05:47:05.001512+00:00
chat.casinometropol1008.com,http://chat.casinometropol1008.com,keyword_match,51,MEDIUM,2026-07-26 17:13:46.720706+00:00
mostbet.casino3845.buzz,http://mostbet.casino3845.buzz,keyword_match,51,MEDIUM,2026-07-23 17:37:24.855543+00:00
eb872f9a-fcdc-424e-8b91-da0b84b82124.vavadamur.com,http://eb872f9a-fcdc-424e-8b91-da0b84b82124.vavadamur.com,keyword_match,51,MEDIUM,2026-07-24 01:30:19.822479+00:00
49cba5ed-d22b-48c6-a3af-43f1da71bef2.vavada588.top,http://49cba5ed-d22b-48c6-a3af-43f1da71bef2.vavada588.top,keyword_match,51,MEDIUM,2026-07-24 00:32:02.584289+00:00
www.1-xbet-sports.ru,http://www.1-xbet-sports.ru,keyword_match,51,MEDIUM,2026-07-26 16:16:35.532921+00:00
joycasino.casino0335.online,http://joycasino.casino0335.online,keyword_match,51,MEDIUM,2026-07-23 17:56:09.800170+00:00
accounts.1xbet-4453.top,http://accounts.1xbet-4453.top,keyword_match,51,MEDIUM,2026-07-24 00:37:44.082346+00:00
m.casinometropol1008.com,http://m.casinometropol1008.com,keyword_match,51,MEDIUM,2026-07-26 13:18:42.001090+00:00
7654e07acd7-1fb4-44a3-9183-f9ae44037801.pokerdom-nji.com,http://7654e07acd7-1fb4-44a3-9183-f9ae44037801.pokerdom-nji.com,keyword_match,51,MEDIUM,2026-07-26 13:18:11.557714+00:00
parimatchzerkalo-kyiv-ua.pages.dev,http://parimatchzerkalo-kyiv-ua.pages.dev,keyword_match,51,MEDIUM,2026-07-26 14:00:09.991986+00:00
jojobet.orjinal2026.my,http://jojobet.orjinal2026.my,keyword_match,51,MEDIUM,2026-07-24 05:21:07.746028+00:00
tr.kralbet2026guncel.icu,http://tr.kralbet2026guncel.icu,keyword_match,51,MEDIUM,2026-07-24 07:25:40.389555+00:00
www.jiliphpro.vip,http://www.jiliphpro.vip,keyword_match,51,MEDIUM,2026-07-26 15:03:55.669494+00:00
www.casinometropol951.com,http://www.casinometropol951.com,keyword_match,51,MEDIUM,2026-07-26 15:00:04.986427+00:00
joycasino.casino180.online,http://joycasino.casino180.online,keyword_match,51,MEDIUM,2026-07-23 20:04:38.334445+00:00
retrobetcasino.app,http://retrobetcasino.app,keyword_match,51,MEDIUM,2026-07-26 12:36:19.662700+00:00
pincocasinowintr.pages.dev,http://pincocasinowintr.pages.dev,keyword_match,51,MEDIUM,2026-07-26 10:03:35.399389+00:00
pokerdom.casino0421.buzz,http://pokerdom.casino0421.buzz,keyword_match,51,MEDIUM,2026-07-24 02:49:50.181332+00:00
joycasino.casino9326.buzz,http://joycasino.casino9326.buzz,keyword_match,51,MEDIUM,2026-07-24 03:52:35.420280+00:00
form-girls-2-pinco-tr.pu550ev.com,http://form-girls-2-pinco-tr.pu550ev.com,keyword_match,50,MEDIUM,2026-07-24 01:40:11.478802+00:00
kralbet2026guncel.icu,http://kralbet2026guncel.icu,keyword_match,50,MEDIUM,2026-07-24 07:25:18.314607+00:00
glorbetcasino-uk.pages.dev,http://glorbetcasino-uk.pages.dev,keyword_match,50,MEDIUM,2026-07-26 15:23:09.152449+00:00
betway88xihanmuliank.cn,http://betway88xihanmuliank.cn,keyword_match,50,MEDIUM,2026-07-26 13:09:12.229455+00:00
www.spd-kreis-vulkaneifel.de,http://www.spd-kreis-vulkaneifel.de,keyword_match,50,MEDIUM,2026-07-26 13:05:34.854080+00:00
www.pinco333ruskazinno.com,http://www.pinco333ruskazinno.com,keyword_match,50,MEDIUM,2026-07-23 17:34:40.779456+00:00
dashboard.1xbet-casino-prime0.top,http://dashboard.1xbet-casino-prime0.top,keyword_match,50,MEDIUM,2026-07-24 02:46:32.744017+00:00
mostbet-najlepsze.pl,http://mostbet-najlepsze.pl,keyword_match,50,MEDIUM,2026-07-26 12:30:40.519352+00:00
gamejiliapp.com,http://gamejiliapp.com,keyword_match,50,MEDIUM,2026-07-23 18:40:58.809340+00:00
1xbetcanlibet2025.com,http://1xbetcanlibet2025.com,keyword_match,50,MEDIUM,2026-07-24 03:34:02.798605+00:00
betgit-guncel1.cam,http://betgit-guncel1.cam,keyword_match,50,MEDIUM,2026-07-23 21:27:39.768388+00:00
www.pinco3585s.sbs,http://www.pinco3585s.sbs,keyword_match,50,MEDIUM,2026-07-24 05:36:24.364428+00:00
www.lawnmowingfinchley.co.uk,http://www.lawnmowingfinchley.co.uk,keyword_match,50,MEDIUM,2026-07-26 14:17:28.656376+00:00
desktop-1xbet.lat,http://desktop-1xbet.lat,keyword_match,50,MEDIUM,2026-07-26 11:38:43.969054+00:00
gczvavulkan.casino850.click,http://gczvavulkan.casino850.click,keyword_match,50,MEDIUM,2026-07-23 18:51:28.628700+00:00
www.pokerdomcasino-top1.top,http://www.pokerdomcasino-top1.top,keyword_match,50,MEDIUM,2026-07-24 09:25:33.968581+00:00
casinopinco-uzbekistan.com,http://casinopinco-uzbekistan.com,keyword_match,50,MEDIUM,2026-07-26 11:48:16.794787+00:00
dashboard.pokerdom-casino-q4y.top,http://dashboard.pokerdom-casino-q4y.top,keyword_match,50,MEDIUM,2026-07-24 05:30:27.867421+00:00
oslobet-2026guncel.vip,http://oslobet-2026guncel.vip,keyword_match,50,MEDIUM,2026-07-24 03:36:29.436528+00:00
www.pinco-casino-plq1.buzz,http://www.pinco-casino-plq1.buzz,keyword_match,50,MEDIUM,2026-07-23 21:08:23.805374+00:00
www.pinco333ruskazinoo.com,http://www.pinco333ruskazinoo.com,keyword_match,50,MEDIUM,2026-07-23 17:49:10.715691+00:00
xbet100.link,http://xbet100.link,keyword_match,50,MEDIUM,2026-07-26 11:05:53.772368+00:00
www.vulkaneifelspd.de,http://www.vulkaneifelspd.de,keyword_match,50,MEDIUM,2026-07-26 13:27:29.842514+00:00
login.1xbet-4453.top,http://login.1xbet-4453.top,keyword_match,50,MEDIUM,2026-07-24 08:30:18.189173+00:00
www.pinco333ruscasziino.com,http://www.pinco333ruscasziino.com,keyword_match,50,MEDIUM,2026-07-23 17:44:15.407375+00:00
www.pokerdom-officials-site2.top,http://www.pokerdom-officials-site2.top,keyword_match,50,MEDIUM,2026-07-24 00:05:46.034417+00:00
accounts.1xbet-google-play1.top,http://accounts.1xbet-google-play1.top,keyword_match,49,MEDIUM,2026-07-24 05:54:19.034524+00:00
login.1xbet-admin1.top,http://login.1xbet-admin1.top,keyword_match,49,MEDIUM,2026-07-23 21:00:47.392461+00:00
login.melbet-v10y.top,http://login.melbet-v10y.top,keyword_match,49,MEDIUM,2026-07-24 06:15:05.894042+00:00
pro10jili.com,http://pro10jili.com,keyword_match,49,MEDIUM,2026-07-26 10:55:06.015518+00:00
ivybetcasino-fr.pages.dev,http://ivybetcasino-fr.pages.dev,keyword_match,49,MEDIUM,2026-07-26 13:47:52.601104+00:00
account.1xbet-casinoz-2iu.top,http://account.1xbet-casinoz-2iu.top,keyword_match,49,MEDIUM,2026-07-24 08:29:43.696368+00:00
zerkalo.casino.vodkasbet.beer,http://zerkalo.casino.vodkasbet.beer,keyword_match,49,MEDIUM,2026-07-26 16:26:37.697489+00:00
www.betyapguncel2026.vip,http://www.betyapguncel2026.vip,keyword_match,49,MEDIUM,2026-07-24 08:23:55.742983+00:00
jili886com.com,http://jili886com.com,keyword_match,49,MEDIUM,2026-07-26 16:53:08.373445+00:00
rabochee.zerkalo.vodkasbet.beer,http://rabochee.zerkalo.vodkasbet.beer,keyword_match,49,MEDIUM,2026-07-26 16:26:37.384393+00:00
dashboard.mostbet-zonebet18.top,http://dashboard.mostbet-zonebet18.top,keyword_match,49,MEDIUM,2026-07-24 06:12:19.459447+00:00
console.mostbet3031.ru,http://console.mostbet3031.ru,keyword_match,49,MEDIUM,2026-07-24 06:00:57.215409+00:00
1xbet-casino-az.com,http://1xbet-casino-az.com,keyword_match,49,MEDIUM,2026-07-26 16:54:01.735552+00:00
zerkalo.casino.vodkasbet.click,http://zerkalo.casino.vodkasbet.click,keyword_match,49,MEDIUM,2026-07-26 16:47:35.903798+00:00
dashboard.pokerdomplay-casino-sol1.top,http://dashboard.pokerdomplay-casino-sol1.top,keyword_match,49,MEDIUM,2026-07-24 03:52:52.719371+00:00
accounts.1xbet-casinoz-2iu.top,http://accounts.1xbet-casinoz-2iu.top,keyword_match,49,MEDIUM,2026-07-24 02:18:14.451651+00:00
gestiondecomptexbet.com,http://gestiondecomptexbet.com,keyword_match,49,MEDIUM,2026-07-26 09:59:09.654949+00:00
account.1xbet1official-com.ru,http://account.1xbet1official-com.ru,keyword_match,49,MEDIUM,2026-07-24 07:56:29.158802+00:00
auth.43-promokoda-melbet-casino.top,http://auth.43-promokoda-melbet-casino.top,keyword_match,49,MEDIUM,2026-07-24 07:37:31.575707+00:00
user.1xbet-casino-prime0.top,http://user.1xbet-casino-prime0.top,keyword_match,49,MEDIUM,2026-07-24 02:46:18.541377+00:00
jili188slot.com.zlg.lbn.temporary.site,http://jili188slot.com.zlg.lbn.temporary.site,keyword_match,49,MEDIUM,2026-07-23 20:11:54.390479+00:00
accounts.mostbet-prime18.top,http://accounts.mostbet-prime18.top,keyword_match,49,MEDIUM,2026-07-24 07:54:39.073678+00:00
webmail.vavada-casino55.store,http://webmail.vavada-casino55.store,keyword_match,49,MEDIUM,2026-07-26 14:57:06.915787+00:00
joycasino-loej94.top,http://joycasino-loej94.top,keyword_match,49,MEDIUM,2026-07-24 02:31:02.337508+00:00
app.onlinecasino1win-2694.ru,http://app.onlinecasino1win-2694.ru,keyword_match,49,MEDIUM,2026-07-23 17:25:16.284164+00:00
www.joycasino-loej94.top,http://www.joycasino-loej94.top,keyword_match,49,MEDIUM,2026-07-24 02:31:09.745644+00:00
1xbetloginregistration.info,http://1xbetloginregistration.info,keyword_match,49,MEDIUM,2026-07-26 14:16:25.314660+00:00
spinup-19.votepro.org,http://spinup-19.votepro.org,keyword_match,49,MEDIUM,2026-07-23 16:59:22.406628+00:00
spinup-12.votepro.org,http://spinup-12.votepro.org,keyword_match,49,MEDIUM,2026-07-23 16:57:38.771433+00:00
parimatch24-zerkalo.com,http://parimatch24-zerkalo.com,keyword_match,49,MEDIUM,2026-07-23 21:32:10.047645+00:00
accounts.1xbet-85504.top,http://accounts.1xbet-85504.top,keyword_match,49,MEDIUM,2026-07-23 21:39:33.085459+00:00
admin.melbet1024.ru,http://admin.melbet1024.ru,keyword_match,49,MEDIUM,2026-07-23 21:40:30.424056+00:00
pinup.casino897.online,http://pinup.casino897.online,keyword_match,49,MEDIUM,2026-07-23 19:06:33.783264+00:00
console.1xbet-google-play1.top,http://console.1xbet-google-play1.top,keyword_match,49,MEDIUM,2026-07-24 05:54:21.670509+00:00
1xbet2026guncelgiris.vip,http://1xbet2026guncelgiris.vip,keyword_match,49,MEDIUM,2026-07-23 21:47:00.458449+00:00
spinup-18.votepro.org,http://spinup-18.votepro.org,keyword_match,49,MEDIUM,2026-07-23 16:59:13.936176+00:00
accounts.1xbet-ik2.top,http://accounts.1xbet-ik2.top,keyword_match,49,MEDIUM,2026-07-23 22:05:15.200421+00:00
dev.onlinecasino1win-2694.ru,http://dev.onlinecasino1win-2694.ru,keyword_match,49,MEDIUM,2026-07-23 18:48:12.514451+00:00
api.onlinecasino1win-2694.ru,http://api.onlinecasino1win-2694.ru,keyword_match,49,MEDIUM,2026-07-23 18:47:52.275714+00:00
spinup-14.votepro.org,http://spinup-14.votepro.org,keyword_match,49,MEDIUM,2026-07-23 16:58:11.833011+00:00
login.pokerdom-casino-x3x.top,http://login.pokerdom-casino-x3x.top,keyword_match,49,MEDIUM,2026-07-23 23:03:37.950415+00:00
plexbet-sports-bet.pages.dev,http://plexbet-sports-bet.pages.dev,keyword_match,49,MEDIUM,2026-07-26 12:04:44.320779+00:00
casi-bomgunceladres.vip,http://casi-bomgunceladres.vip,keyword_match,49,MEDIUM,2026-07-23 23:55:15.577014+00:00
123xbet.club,http://123xbet.club,keyword_match,49,MEDIUM,2026-07-26 11:44:40.837454+00:00
spinup-16.votepro.org,http://spinup-16.votepro.org,keyword_match,49,MEDIUM,2026-07-23 16:58:43.694895+00:00
user.pokerdom-casino-q4y.top,http://user.pokerdom-casino-q4y.top,keyword_match,49,MEDIUM,2026-07-24 04:28:11.320524+00:00
spinup-21.votepro.org,http://spinup-21.votepro.org,keyword_match,49,MEDIUM,2026-07-23 17:00:06.691460+00:00
webinar.10xbettergolf.com,http://webinar.10xbettergolf.com,keyword_match,49,MEDIUM,2026-07-24 09:05:47.007008+00:00
panel.mostbet7006.ru,http://panel.mostbet7006.ru,keyword_match,49,MEDIUM,2026-07-24 04:19:53.181393+00:00
spinup-20.votepro.org,http://spinup-20.votepro.org,keyword_match,49,MEDIUM,2026-07-23 16:59:51.388731+00:00
melbet-beninapk.org,http://melbet-beninapk.org,keyword_match,49,MEDIUM,2026-07-26 11:26:40.978703+00:00
1xbet-irla.top,http://1xbet-irla.top,keyword_match,49,MEDIUM,2026-07-26 14:42:14.179876+00:00
rexbetyeni.com,http://rexbetyeni.com,keyword_match,48,MEDIUM,2026-07-26 12:09:15.777423+00:00
test.onlinecasino1win-2694.ru,http://test.onlinecasino1win-2694.ru,keyword_match,48,MEDIUM,2026-07-23 18:48:41.569034+00:00
www.mostbet3062-ru.top,http://www.mostbet3062-ru.top,keyword_match,48,MEDIUM,2026-07-24 10:06:50.590143+00:00
1xbetmobileapp.info,http://1xbetmobileapp.info,keyword_match,48,MEDIUM,2026-07-26 14:15:26.418572+00:00
console.1xbet-miror2.ru,http://console.1xbet-miror2.ru,keyword_match,48,MEDIUM,2026-07-23 18:57:26.688502+00:00
auf-casino07.online,http://auf-casino07.online,keyword_match,48,MEDIUM,2026-07-23 15:46:25.814440+00:00
user.pokerdom-casino-x3x.top,http://user.pokerdom-casino-x3x.top,keyword_match,48,MEDIUM,2026-07-23 21:47:11.651522+00:00
pinup-casino-bonus.click,http://pinup-casino-bonus.click,keyword_match,48,MEDIUM,2026-07-24 03:30:58.353789+00:00
mostbetgiris.click,http://mostbetgiris.click,keyword_match,48,MEDIUM,2026-07-26 14:43:07.460750+00:00
lawnmowingfinchley.co.uk,http://lawnmowingfinchley.co.uk,keyword_match,48,MEDIUM,2026-07-26 14:17:36.759809+00:00
dashboard.1xbet-tk71.top,http://dashboard.1xbet-tk71.top,keyword_match,48,MEDIUM,2026-07-23 16:47:55.751794+00:00
onlinecasinohandyrechnung-at-4437.pages.dev,http://onlinecasinohandyrechnung-at-4437.pages.dev,keyword_match,48,MEDIUM,2026-07-24 09:38:25.127104+00:00
33xbet-wbs.pages.dev,http://33xbet-wbs.pages.dev,keyword_match,48,MEDIUM,2026-07-26 17:13:56.083513+00:00
limen-vavada.cyou,http://limen-vavada.cyou,keyword_match,48,MEDIUM,2026-07-23 18:02:18.376498+00:00
console.1xbet-zr2.top,http://console.1xbet-zr2.top,keyword_match,48,MEDIUM,2026-07-24 09:53:54.915429+00:00
oauth.mostbet8001.ru,http://oauth.mostbet8001.ru,keyword_match,48,MEDIUM,2026-07-24 05:42:46.419948+00:00
www.1xbet-chinese520-kaiyun.bet,http://www.1xbet-chinese520-kaiyun.bet,keyword_match,48,MEDIUM,2026-07-24 03:37:24.304407+00:00
accounts.pokerdom-zerkalorub1.top,http://accounts.pokerdom-zerkalorub1.top,keyword_match,48,MEDIUM,2026-07-24 03:26:53.420027+00:00
api-sandbox-euc1.pokerdom-casino-slots.top,http://api-sandbox-euc1.pokerdom-casino-slots.top,keyword_match,48,MEDIUM,2026-07-24 08:49:48.056699+00:00
panel.sports-betting-1xbet1.top,http://panel.sports-betting-1xbet1.top,keyword_match,48,MEDIUM,2026-07-24 04:19:41.664403+00:00
iphone-1xbet.icu,http://iphone-1xbet.icu,keyword_match,48,MEDIUM,2026-07-26 11:19:56.415642+00:00
panel.onlinecasino1win-2694.ru,http://panel.onlinecasino1win-2694.ru,keyword_match,48,MEDIUM,2026-07-23 18:47:42.928448+00:00
backend.onlinecasino1win-2694.ru,http://backend.onlinecasino1win-2694.ru,keyword_match,48,MEDIUM,2026-07-23 18:48:02.769523+00:00
amonbetcasino-uk-com-11506.pages.dev,http://amonbetcasino-uk-com-11506.pages.dev,keyword_match,48,MEDIUM,2026-07-24 10:06:03.227547+00:00
vavadakad.xyz,http://vavadakad.xyz,keyword_match,48,MEDIUM,2026-07-23 22:04:27.834105+00:00
login.onlinecasino1win-2694.ru,http://login.onlinecasino1win-2694.ru,keyword_match,48,MEDIUM,2026-07-23 18:48:22.293639+00:00
spicybetcasino-com-426.pages.dev,http://spicybetcasino-com-426.pages.dev,keyword_match,48,MEDIUM,2026-07-24 09:27:29.181650+00:00
staging.onlinecasino1win-2694.ru,http://staging.onlinecasino1win-2694.ru,keyword_match,48,MEDIUM,2026-07-23 18:48:31.954518+00:00
mostbet-ru-vhod.eic-rb.ru,http://mostbet-ru-vhod.eic-rb.ru,keyword_match,48,MEDIUM,2026-07-26 13:36:08.982478+00:00
oauth.1xbet-casinoz-2iu.top,http://oauth.1xbet-casinoz-2iu.top,keyword_match,48,MEDIUM,2026-07-24 08:29:53.376866+00:00
panel.1xbet-admin1.top,http://panel.1xbet-admin1.top,keyword_match,48,MEDIUM,2026-07-24 08:28:33.028771+00:00
queenguncel.vip,http://queenguncel.vip,keyword_match,48,MEDIUM,2026-07-23 17:52:56.822572+00:00
chests-lottery-pinco-tr.pu550ev.com,http://chests-lottery-pinco-tr.pu550ev.com,keyword_match,48,MEDIUM,2026-07-23 20:43:44.624453+00:00
top10onlinecasino-australia.com,http://top10onlinecasino-australia.com,keyword_match,48,MEDIUM,2026-07-23 20:55:18.225784+00:00
jilibb333.vip,http://jilibb333.vip,keyword_match,48,MEDIUM,2026-07-26 16:10:36.987500+00:00
goldenbahisyenigirisi.vip,http://goldenbahisyenigirisi.vip,keyword_match,48,MEDIUM,2026-07-24 00:02:01.024439+00:00
www.jilian.dev,http://www.jilian.dev,keyword_match,48,MEDIUM,2026-07-26 16:05:56.213435+00:00
q7x7.fbjili5.com,http://q7x7.fbjili5.com,keyword_match,48,MEDIUM,2026-07-26 13:57:33.850531+00:00
monsterwincasinovip.com,http://monsterwincasinovip.com,keyword_match,48,MEDIUM,2026-07-24 00:21:30.935457+00:00
doxxbet-nl.nl,http://doxxbet-nl.nl,keyword_match,48,MEDIUM,2026-07-26 13:40:56.130545+00:00
mostbet-resmi-giris-it-com.pages.dev,http://mostbet-resmi-giris-it-com.pages.dev,keyword_match,48,MEDIUM,2026-07-24 00:26:49.654789+00:00
www.pokerdom-casino-c36.top,http://www.pokerdom-casino-c36.top,keyword_match,48,MEDIUM,2026-07-24 00:33:47.876748+00:00
1.xx5133xx.cc,http://1.xx5133xx.cc,keyword_match,48,MEDIUM,2026-07-26 13:23:48.780587+00:00
sso.1xbet-iycl.top,http://sso.1xbet-iycl.top,keyword_match,48,MEDIUM,2026-07-26 13:15:54.452500+00:00
whm.1xbet-vxaw.top,http://whm.1xbet-vxaw.top,keyword_match,48,MEDIUM,2026-07-26 11:15:34.755689+00:00
portal.mostbet3031.ru,http://portal.mostbet3031.ru,keyword_match,48,MEDIUM,2026-07-24 06:01:07.374831+00:00
login.mostbet3031.ru,http://login.mostbet3031.ru,keyword_match,48,MEDIUM,2026-07-24 06:01:01.003481+00:00
accounts.1xbet-bml.top,http://accounts.1xbet-bml.top,keyword_match,48,MEDIUM,2026-07-26 10:33:18.856063+00:00
zipcodefinder.mypincodelocation.com,http://zipcodefinder.mypincodelocation.com,keyword_match,48,MEDIUM,2026-07-26 10:18:26.187070+00:00
panel.mostbet3054.ru,http://panel.mostbet3054.ru,keyword_match,48,MEDIUM,2026-07-24 06:29:13.617737+00:00
oauth.mostbet3054.ru,http://oauth.mostbet3054.ru,keyword_match,48,MEDIUM,2026-07-24 06:29:13.874184+00:00
api-usw2-sandbox.pokerdom-casino-slots.top,http://api-usw2-sandbox.pokerdom-casino-slots.top,keyword_match,48,MEDIUM,2026-07-24 08:50:43.984128+00:00
api-euw1-sandbox.pokerdom-casino-slots.top,http://api-euw1-sandbox.pokerdom-casino-slots.top,keyword_match,48,MEDIUM,2026-07-24 08:48:52.373793+00:00
kingroyal-enguncel26.cam,http://kingroyal-enguncel26.cam,keyword_match,48,MEDIUM,2026-07-26 12:34:00.279378+00:00
1wincasinopokerplay2.xyz,http://1wincasinopokerplay2.xyz,keyword_match,48,MEDIUM,2026-07-26 13:06:22.953493+00:00
thehippodromeonlinecasino-org.pages.dev,http://thehippodromeonlinecasino-org.pages.dev,keyword_match,48,MEDIUM,2026-07-26 09:57:06.157424+00:00
account.1xbet-dep0.ru,http://account.1xbet-dep0.ru,keyword_match,48,MEDIUM,2026-07-24 03:48:18.657414+00:00
dashboard.joycasino767.ru,http://dashboard.joycasino767.ru,keyword_match,48,MEDIUM,2026-07-24 02:12:48.643748+00:00
pinco-pinko-az.com,http://pinco-pinko-az.com,keyword_match,48,MEDIUM,2026-07-23 17:36:31.742240+00:00
console.1xbet-ewox.top,http://console.1xbet-ewox.top,keyword_match,48,MEDIUM,2026-07-26 12:40:03.001424+00:00
cdn.onlinecasino1win-2694.ru,http://cdn.onlinecasino1win-2694.ru,keyword_match,48,MEDIUM,2026-07-23 17:25:06.866980+00:00
panel.1xbet-casino-promokod-1.top,http://panel.1xbet-casino-promokod-1.top,keyword_match,48,MEDIUM,2026-07-24 01:40:39.041457+00:00
1xbet-alnasernews-com.pages.dev,http://1xbet-alnasernews-com.pages.dev,keyword_match,48,MEDIUM,2026-07-24 08:00:58.497417+00:00
testing.onlinecasino1win-2694.ru,http://testing.onlinecasino1win-2694.ru,keyword_match,48,MEDIUM,2026-07-23 17:25:50.467364+00:00
47.47kejilion123.eu.org,http://47.47kejilion123.eu.org,keyword_match,48,MEDIUM,2026-07-24 07:24:48.480189+00:00
megawincasinoconnexion-fr-34150.pages.dev,http://megawincasinoconnexion-fr-34150.pages.dev,keyword_match,48,MEDIUM,2026-07-24 02:40:31.890511+00:00
pixbetturkey.pages.dev,http://pixbetturkey.pages.dev,keyword_match,48,MEDIUM,2026-07-26 10:05:09.116792+00:00
betkom-pinco-tr.pu550ev.com,http://betkom-pinco-tr.pu550ev.com,keyword_match,48,MEDIUM,2026-07-24 06:57:45.595116+00:00
www.kingroyal-enguncel26.cam,http://www.kingroyal-enguncel26.cam,keyword_match,48,MEDIUM,2026-07-26 12:34:13.305409+00:00
console.riobetcasino777.ru,http://console.riobetcasino777.ru,keyword_match,48,MEDIUM,2026-07-24 02:46:07.656931+00:00
1xbet-uzb.net,http://1xbet-uzb.net,keyword_match,48,MEDIUM,2026-07-26 10:05:05.506401+00:00
manage.1xbet-4ogu.top,http://manage.1xbet-4ogu.top,keyword_match,48,MEDIUM,2026-07-24 03:59:48.620034+00:00
mail.onlinecasino1win-2694.ru,http://mail.onlinecasino1win-2694.ru,keyword_match,48,MEDIUM,2026-07-23 17:25:40.889429+00:00
accounts.pokerdom-e10z.top,http://accounts.pokerdom-e10z.top,keyword_match,47,MEDIUM,2026-07-24 01:49:56.450451+00:00
www.wildbanditodemo.bet.mostbetvip.icu,http://www.wildbanditodemo.bet.mostbetvip.icu,keyword_match,47,MEDIUM,2026-07-26 12:37:42.538788+00:00
pc-ayxbet.com,http://pc-ayxbet.com,keyword_match,47,MEDIUM,2026-07-24 02:09:53.167206+00:00
www.pinco333ruscasiinoo.com,http://www.pinco333ruscasiinoo.com,keyword_match,47,MEDIUM,2026-07-23 17:27:00.430438+00:00
pinco333ruskazinoo.com,http://pinco333ruskazinoo.com,keyword_match,47,MEDIUM,2026-07-23 17:32:44.689389+00:00
portal.pokerdom-officials-site2.top,http://portal.pokerdom-officials-site2.top,keyword_match,47,MEDIUM,2026-07-23 20:07:58.959607+00:00
account.pokerdom-casino-q3y.top,http://account.pokerdom-casino-q3y.top,keyword_match,47,MEDIUM,2026-07-24 02:44:03.715472+00:00
ixxbet.net,http://ixxbet.net,keyword_match,47,MEDIUM,2026-07-26 13:06:05.034487+00:00
accounts.vavada-onl50.ru,http://accounts.vavada-onl50.ru,keyword_match,47,MEDIUM,2026-07-23 20:01:59.190979+00:00
bdbetjili88.com,http://bdbetjili88.com,keyword_match,47,MEDIUM,2026-07-23 19:56:46.883350+00:00
login.pokerdomcasino2026.top,http://login.pokerdomcasino2026.top,keyword_match,47,MEDIUM,2026-07-24 04:02:23.249703+00:00
ledger-live-169betxjilix.com.ph,http://ledger-live-169betxjilix.com.ph,keyword_match,47,MEDIUM,2026-07-24 03:42:09.557396+00:00
www.pinco333ruscasinno.com,http://www.pinco333ruscasinno.com,keyword_match,47,MEDIUM,2026-07-23 19:44:49.764794+00:00
ledger-live-163betxjilix.com.ph,http://ledger-live-163betxjilix.com.ph,keyword_match,47,MEDIUM,2026-07-24 03:42:24.847801+00:00
1wincasinoonline.site,http://1wincasinoonline.site,keyword_match,47,MEDIUM,2026-07-26 13:09:38.629505+00:00
pokerdom247-play.cam,http://pokerdom247-play.cam,keyword_match,47,MEDIUM,2026-07-24 03:48:44.580537+00:00
pinup-az-slots.top,http://pinup-az-slots.top,keyword_match,47,MEDIUM,2026-07-24 03:52:53.410444+00:00
pinco333ruskazinno.com,http://pinco333ruskazinno.com,keyword_match,47,MEDIUM,2026-07-23 17:34:33.085792+00:00
dashboard.pokerdom-3cas26.top,http://dashboard.pokerdom-3cas26.top,keyword_match,47,MEDIUM,2026-07-24 07:06:00.054502+00:00
mostbetuzuzbekistan.com,http://mostbetuzuzbekistan.com,keyword_match,47,MEDIUM,2026-07-24 07:20:42.447566+00:00
www.vavada-casino-t215.top,http://www.vavada-casino-t215.top,keyword_match,47,MEDIUM,2026-07-24 06:56:15.844924+00:00
30-nyxbets-6.com,http://30-nyxbets-6.com,keyword_match,47,MEDIUM,2026-07-26 11:32:57.775144+00:00
pinko-casino-zerkalo.johnhtwachtman.com,http://pinko-casino-zerkalo.johnhtwachtman.com,keyword_match,47,MEDIUM,2026-07-23 18:04:35.791380+00:00
sandbox-api-eu-west-1.pokerdom-casino-slots.top,http://sandbox-api-eu-west-1.pokerdom-casino-slots.top,keyword_match,47,MEDIUM,2026-07-24 08:54:08.377060+00:00
mostbetappdownload.casino,http://mostbetappdownload.casino,keyword_match,47,MEDIUM,2026-07-24 04:23:12.063741+00:00
jili399.online,http://jili399.online,keyword_match,47,MEDIUM,2026-07-24 04:37:01.659731+00:00
user.melbet-casino-maniax1.top,http://user.melbet-casino-maniax1.top,keyword_match,47,MEDIUM,2026-07-24 05:54:33.515627+00:00
wwwjilipark.com,http://wwwjilipark.com,keyword_match,47,MEDIUM,2026-07-23 18:55:16.185599+00:00
admin.5fac39fe-8736-4751-b2bf-6fd0de3674da.vavadaxi.com,http://admin.5fac39fe-8736-4751-b2bf-6fd0de3674da.vavadaxi.com,keyword_match,47,MEDIUM,2026-07-23 19:31:20.611321+00:00
az-pinup-slots.top,http://az-pinup-slots.top,keyword_match,47,MEDIUM,2026-07-24 04:33:43.248710+00:00
betting-scoreboard-gql.5clubvulkan104.com,http://betting-scoreboard-gql.5clubvulkan104.com,keyword_match,47,MEDIUM,2026-07-24 05:37:59.309508+00:00
ledger-live-165betxjilix.com.ph,http://ledger-live-165betxjilix.com.ph,keyword_match,47,MEDIUM,2026-07-24 04:26:42.184920+00:00
keepinupwithtech.store,http://keepinupwithtech.store,keyword_match,47,MEDIUM,2026-07-26 12:17:18.605551+00:00
m-756pokerklas.com,http://m-756pokerklas.com,keyword_match,47,MEDIUM,2026-07-23 22:17:55.532339+00:00
dashboard.melbet-1q7.top,http://dashboard.melbet-1q7.top,keyword_match,47,MEDIUM,2026-07-23 23:48:14.676130+00:00
lynxbetcasifreespins.click,http://lynxbetcasifreespins.click,keyword_match,47,MEDIUM,2026-07-23 18:49:13.845572+00:00
api-use2-preview.pokerdom-casino-slots.top,http://api-use2-preview.pokerdom-casino-slots.top,keyword_match,47,MEDIUM,2026-07-24 08:50:30.956393+00:00
www.pokerdom-officialsite2.top,http://www.pokerdom-officialsite2.top,keyword_match,47,MEDIUM,2026-07-24 05:21:45.899789+00:00
account.1xbet-admin1.top,http://account.1xbet-admin1.top,keyword_match,47,MEDIUM,2026-07-23 18:39:11.638382+00:00
az-slots-pinup.top,http://az-slots-pinup.top,keyword_match,47,MEDIUM,2026-07-24 03:27:57.288471+00:00
user.melbet-casino-1zerkalo.top,http://user.melbet-casino-1zerkalo.top,keyword_match,47,MEDIUM,2026-07-23 23:56:13.554511+00:00
www.mostbet-platinum18.top,http://www.mostbet-platinum18.top,keyword_match,47,MEDIUM,2026-07-24 04:05:00.032496+00:00
globalxbete.com,http://globalxbete.com,keyword_match,47,MEDIUM,2026-07-24 03:02:35.251818+00:00
winspinbetcasinonodeposit.click,http://winspinbetcasinonodeposit.click,keyword_match,47,MEDIUM,2026-07-23 18:38:31.436443+00:00
50-nyxbets-4.com,http://50-nyxbets-4.com,keyword_match,47,MEDIUM,2026-07-26 11:29:27.090531+00:00
vavada.casino541.online,http://vavada.casino541.online,keyword_match,47,MEDIUM,2026-07-24 09:14:08.511457+00:00
51-nyxbets-8.com,http://51-nyxbets-8.com,keyword_match,47,MEDIUM,2026-07-26 11:25:57.957725+00:00
4x4betway.work,http://4x4betway.work,keyword_match,47,MEDIUM,2026-07-24 09:50:26.726509+00:00
app-usw1-staging.pokerdom-casino-slots.top,http://app-usw1-staging.pokerdom-casino-slots.top,keyword_match,47,MEDIUM,2026-07-24 08:52:53.224402+00:00
jiligamebet.com,http://jiligamebet.com,keyword_match,47,MEDIUM,2026-07-23 18:51:43.356431+00:00
grandbet889xwin.live,http://grandbet889xwin.live,keyword_match,47,MEDIUM,2026-07-24 03:14:39.347426+00:00
vulkan-r95s7.cyou,http://vulkan-r95s7.cyou,keyword_match,47,MEDIUM,2026-07-23 18:55:24.858470+00:00
pulibet-guncel-2026.icu,http://pulibet-guncel-2026.icu,keyword_match,47,MEDIUM,2026-07-24 05:45:17.744049+00:00
signup.pokerdom-official-site777.top,http://signup.pokerdom-official-site777.top,keyword_match,47,MEDIUM,2026-07-24 06:40:57.117713+00:00
api-euw2-preview.pokerdom-casino-slots.top,http://api-euw2-preview.pokerdom-casino-slots.top,keyword_match,47,MEDIUM,2026-07-24 08:48:54.762273+00:00
sso.pokerdom-official-site-11.top,http://sso.pokerdom-official-site-11.top,keyword_match,47,MEDIUM,2026-07-24 00:19:08.927123+00:00
panel.mostbet-newwin18.top,http://panel.mostbet-newwin18.top,keyword_match,47,MEDIUM,2026-07-24 06:23:31.981501+00:00
app-usw2-staging.pokerdom-casino-slots.top,http://app-usw2-staging.pokerdom-casino-slots.top,keyword_match,47,MEDIUM,2026-07-24 08:52:59.117323+00:00
tlcasinoguncel.com,http://tlcasinoguncel.com,keyword_match,47,MEDIUM,2026-07-24 08:39:55.816689+00:00
account.melbet-10n.top,http://account.melbet-10n.top,keyword_match,47,MEDIUM,2026-07-23 20:35:07.112492+00:00
app-euw2-staging.pokerdom-casino-slots.top,http://app-euw2-staging.pokerdom-casino-slots.top,keyword_match,47,MEDIUM,2026-07-24 08:47:24.241827+00:00
celtabet-guncel-2026.icu,http://celtabet-guncel-2026.icu,keyword_match,47,MEDIUM,2026-07-24 05:51:29.297439+00:00
auth.zerkalo-pokerdom-24.ru,http://auth.zerkalo-pokerdom-24.ru,keyword_match,47,MEDIUM,2026-07-24 00:01:43.668994+00:00
user.mostbet3054.ru,http://user.mostbet3054.ru,keyword_match,47,MEDIUM,2026-07-24 06:29:25.288489+00:00
dashboard.mostbet-cash18.top,http://dashboard.mostbet-cash18.top,keyword_match,47,MEDIUM,2026-07-24 08:29:32.632501+00:00
1xbet-skiag.cyou,http://1xbet-skiag.cyou,keyword_match,47,MEDIUM,2026-07-24 00:08:13.757741+00:00
app777xbet.com,http://app777xbet.com,keyword_match,47,MEDIUM,2026-07-26 10:33:18.680794+00:00
panel.pokerdom-casino-plays3.top,http://panel.pokerdom-casino-plays3.top,keyword_match,47,MEDIUM,2026-07-24 08:31:43.263630+00:00
api-us-west-2-sandbox.pokerdom-casino-slots.top,http://api-us-west-2-sandbox.pokerdom-casino-slots.top,keyword_match,47,MEDIUM,2026-07-24 08:50:21.862565+00:00
1xbet-ruv.top,http://1xbet-ruv.top,keyword_match,46,MEDIUM,2026-07-26 11:08:44.390787+00:00
app.forjility.com,http://app.forjility.com,keyword_match,46,MEDIUM,2026-07-26 11:16:00.900073+00:00
manage.pokerdom-casino-room5.top,http://manage.pokerdom-casino-room5.top,keyword_match,46,MEDIUM,2026-07-24 08:44:51.202105+00:00
panel.mostbet-z11i.top,http://panel.mostbet-z11i.top,keyword_match,46,MEDIUM,2026-07-24 06:19:27.595119+00:00
oauth.1xbet-4453.top,http://oauth.1xbet-4453.top,keyword_match,46,MEDIUM,2026-07-24 06:06:05.022453+00:00
user.pokerdom-official-site777.top,http://user.pokerdom-official-site777.top,keyword_match,46,MEDIUM,2026-07-24 06:40:59.096023+00:00
portal.sports-betting-1xbet1.top,http://portal.sports-betting-1xbet1.top,keyword_match,46,MEDIUM,2026-07-24 00:27:11.254129+00:00
www.pinco-casino8006.buzz,http://www.pinco-casino8006.buzz,keyword_match,46,MEDIUM,2026-07-26 10:25:51.567163+00:00
7xbet.lol,http://7xbet.lol,keyword_match,46,MEDIUM,2026-07-26 16:54:42.161610+00:00
vulkan24-102.buzz,http://vulkan24-102.buzz,keyword_match,46,MEDIUM,2026-07-23 20:57:15.228787+00:00
portal.melbet-v10y.top,http://portal.melbet-v10y.top,keyword_match,46,MEDIUM,2026-07-24 06:15:05.851341+00:00
webmail2.pokerdom1500.ru,http://webmail2.pokerdom1500.ru,keyword_match,46,MEDIUM,2026-07-23 20:55:02.897335+00:00
vavadaflow.top,http://vavadaflow.top,keyword_match,46,MEDIUM,2026-07-26 16:39:34.773626+00:00
accounts.pokerdom-casino-t4y.top,http://accounts.pokerdom-casino-t4y.top,keyword_match,46,MEDIUM,2026-07-24 08:24:51.220502+00:00
pinco333ruscasziino.com,http://pinco333ruscasziino.com,keyword_match,46,MEDIUM,2026-07-23 17:44:06.070651+00:00
account.pokerdom-official-site777.top,http://account.pokerdom-official-site777.top,keyword_match,46,MEDIUM,2026-07-24 06:40:41.261210+00:00
accounts.pokerdom-official-site777.top,http://accounts.pokerdom-official-site777.top,keyword_match,46,MEDIUM,2026-07-24 06:40:48.901547+00:00
pixbet-apk.com.br,http://pixbet-apk.com.br,keyword_match,46,MEDIUM,2026-07-26 10:58:44.469524+00:00
customer-service.casinomaxi880.com,http://customer-service.casinomaxi880.com,keyword_match,46,MEDIUM,2026-07-24 01:30:08.640561+00:00
ww38.melbetegplinko.website,http://ww38.melbetegplinko.website,keyword_match,46,MEDIUM,2026-07-23 19:56:23.844192+00:00
vulkan-jnvnh.buzz,http://vulkan-jnvnh.buzz,keyword_match,46,MEDIUM,2026-07-23 20:00:04.265448+00:00
jiliwinvip2.com,http://jiliwinvip2.com,keyword_match,46,MEDIUM,2026-07-26 12:43:14.179482+00:00
madridbet9254.com,http://madridbet9254.com,keyword_match,46,MEDIUM,2026-07-23 20:04:27.630040+00:00
www.1xbet-cctv-kaiyun.bet,http://www.1xbet-cctv-kaiyun.bet,keyword_match,46,MEDIUM,2026-07-24 03:52:03.685652+00:00
pinco333ruscasiinoo.com,http://pinco333ruscasiinoo.com,keyword_match,46,MEDIUM,2026-07-23 17:26:50.455189+00:00
login.mostbet-prime18.top,http://login.mostbet-prime18.top,keyword_match,46,MEDIUM,2026-07-24 07:54:47.190266+00:00
jojobet-aktifgirr.com,http://jojobet-aktifgirr.com,keyword_match,46,MEDIUM,2026-07-26 10:06:46.240394+00:00
accounts.1xbet-kwp2.top,http://accounts.1xbet-kwp2.top,keyword_match,46,MEDIUM,2026-07-24 02:03:23.342445+00:00
signin.pokerdom-official-site777.top,http://signin.pokerdom-official-site777.top,keyword_match,46,MEDIUM,2026-07-24 06:57:26.216407+00:00
jiliwinvip6.com,http://jiliwinvip6.com,keyword_match,46,MEDIUM,2026-07-26 12:44:03.019814+00:00
www.madridbet9254.com,http://www.madridbet9254.com,keyword_match,46,MEDIUM,2026-07-23 20:05:03.987561+00:00
1xbet-h5-kaiyun.bet,http://1xbet-h5-kaiyun.bet,keyword_match,46,MEDIUM,2026-07-24 03:56:50.715578+00:00
winner-casino-pinup.click,http://winner-casino-pinup.click,keyword_match,46,MEDIUM,2026-07-24 02:34:16.327647+00:00
user.1xbet-8530.top,http://user.1xbet-8530.top,keyword_match,46,MEDIUM,2026-07-24 02:32:24.889049+00:00
hiltonbet-guncel2026.vip,http://hiltonbet-guncel2026.vip,keyword_match,46,MEDIUM,2026-07-24 07:28:14.937656+00:00
binnarybetcasino-ch-43967.pages.dev,http://binnarybetcasino-ch-43967.pages.dev,keyword_match,46,MEDIUM,2026-07-24 02:32:03.200455+00:00
jiliwinvip0.com,http://jiliwinvip0.com,keyword_match,46,MEDIUM,2026-07-26 12:44:00.251517+00:00
vulkan24-casino.info,http://vulkan24-casino.info,keyword_match,46,MEDIUM,2026-07-24 03:52:22.673485+00:00
www.1xbet-h5-kaiyun.bet,http://www.1xbet-h5-kaiyun.bet,keyword_match,46,MEDIUM,2026-07-24 03:56:54.246128+00:00
cpanel.vavada-casino55.store,http://cpanel.vavada-casino55.store,keyword_match,46,MEDIUM,2026-07-26 14:56:42.602901+00:00
pinco333ruscasinno.com,http://pinco333ruscasinno.com,keyword_match,46,MEDIUM,2026-07-23 19:44:41.178279+00:00
giris-pinup-az.ink,http://giris-pinup-az.ink,keyword_match,46,MEDIUM,2026-07-23 19:56:12.582926+00:00
pinco3585s.sbs,http://pinco3585s.sbs,keyword_match,46,MEDIUM,2026-07-24 05:36:18.684450+00:00
magicwin247.bet,http://magicwin247.bet,keyword_match,46,MEDIUM,2026-07-24 05:37:44.843507+00:00
console.pokerdom-casino-t4y.top,http://console.pokerdom-casino-t4y.top,keyword_match,46,MEDIUM,2026-07-24 09:11:16.916798+00:00
pinup-az-giris.ink,http://pinup-az-giris.ink,keyword_match,46,MEDIUM,2026-07-24 09:08:40.472465+00:00
dashboard.1xbet-daf.top,http://dashboard.1xbet-daf.top,keyword_match,46,MEDIUM,2026-07-26 14:47:17.455666+00:00
testing.1xbet-blaz.top,http://testing.1xbet-blaz.top,keyword_match,46,MEDIUM,2026-07-26 14:34:05.244339+00:00
panel.1xbet-blaz.top,http://panel.1xbet-blaz.top,keyword_match,46,MEDIUM,2026-07-26 14:34:09.021786+00:00
apps.1xbet-blaz.top,http://apps.1xbet-blaz.top,keyword_match,46,MEDIUM,2026-07-26 14:33:26.326794+00:00
admin.1xbet-blaz.top,http://admin.1xbet-blaz.top,keyword_match,46,MEDIUM,2026-07-26 14:33:11.973578+00:00
backend.1xbet-blaz.top,http://backend.1xbet-blaz.top,keyword_match,46,MEDIUM,2026-07-26 14:33:11.870999+00:00
www.1xbet-a1nh.top,http://www.1xbet-a1nh.top,keyword_match,46,MEDIUM,2026-07-26 14:32:43.831794+00:00
dashboard.melbet1008.ru,http://dashboard.melbet1008.ru,keyword_match,46,MEDIUM,2026-07-23 19:27:59.990485+00:00
gonebet-guncel.art,http://gonebet-guncel.art,keyword_match,46,MEDIUM,2026-07-23 16:23:33.446905+00:00
www.vavada50021.com,http://www.vavada50021.com,keyword_match,46,MEDIUM,2026-07-23 21:55:04.519349+00:00
account.1xbet-russia570.top,http://account.1xbet-russia570.top,keyword_match,46,MEDIUM,2026-07-23 21:59:22.924512+00:00
accounts.1xbet-4ogu.top,http://accounts.1xbet-4ogu.top,keyword_match,46,MEDIUM,2026-07-23 22:58:27.726744+00:00
onexbeteg.click,http://onexbeteg.click,keyword_match,46,MEDIUM,2026-07-24 03:13:28.494470+00:00
gramsbetcasino-pl-74994.pages.dev,http://gramsbetcasino-pl-74994.pages.dev,keyword_match,46,MEDIUM,2026-07-24 04:15:10.913504+00:00
user.vavada123424.top,http://user.vavada123424.top,keyword_match,46,MEDIUM,2026-07-24 04:17:10.857876+00:00
maxbet115.com,http://maxbet115.com,keyword_match,46,MEDIUM,2026-07-24 10:22:47.761461+00:00
signup.playsite-pokerdom777.top,http://signup.playsite-pokerdom777.top,keyword_match,46,MEDIUM,2026-07-24 10:12:04.946407+00:00
vavada-play-pl.com,http://vavada-play-pl.com,keyword_match,46,MEDIUM,2026-07-24 04:31:42.396396+00:00
account.1xbet-482.top,http://account.1xbet-482.top,keyword_match,46,MEDIUM,2026-07-24 04:31:37.480750+00:00
crypto-casino-pinup.click,http://crypto-casino-pinup.click,keyword_match,46,MEDIUM,2026-07-24 04:39:23.731551+00:00
account.1xbet-958.top,http://account.1xbet-958.top,keyword_match,46,MEDIUM,2026-07-24 10:04:45.702889+00:00
www.pokerdom-kabinet-vhod1.top,http://www.pokerdom-kabinet-vhod1.top,keyword_match,46,MEDIUM,2026-07-24 05:14:03.586492+00:00
ecuador-1xbet.lat,http://ecuador-1xbet.lat,keyword_match,46,MEDIUM,2026-07-24 05:35:13.260781+00:00
vavada-kasinos-play365.ru,http://vavada-kasinos-play365.ru,keyword_match,46,MEDIUM,2026-07-24 09:42:22.135337+00:00
account.1xbet-idad.top,http://account.1xbet-idad.top,keyword_match,45,MEDIUM,2026-07-26 11:43:11.467806+00:00
api.pokerdom-officialsite2.top,http://api.pokerdom-officialsite2.top,keyword_match,45,MEDIUM,2026-07-24 03:08:52.675082+00:00
1xbetbet-x47b.top,http://1xbetbet-x47b.top,keyword_match,45,MEDIUM,2026-07-26 14:44:16.269816+00:00
leonbets-casino-6625.buzz,http://leonbets-casino-6625.buzz,keyword_match,45,MEDIUM,2026-07-23 23:46:56.665421+00:00
vulkan-vegas91.pl,http://vulkan-vegas91.pl,keyword_match,45,MEDIUM,2026-07-24 04:25:59.789507+00:00
onlinecasinorank.jp,http://onlinecasinorank.jp,keyword_match,45,MEDIUM,2026-07-23 23:46:08.095380+00:00
pokerdom-sites.icu,http://pokerdom-sites.icu,keyword_match,45,MEDIUM,2026-07-26 17:16:35.029153+00:00
1xbet-3abber-com.pages.dev,http://1xbet-3abber-com.pages.dev,keyword_match,45,MEDIUM,2026-07-23 18:44:27.192709+00:00
xinpincom.com,http://xinpincom.com,keyword_match,45,MEDIUM,2026-07-24 10:05:49.930043+00:00
spinup-11.votepro.org,http://spinup-11.votepro.org,keyword_match,45,MEDIUM,2026-07-23 16:57:29.588003+00:00
console.pokerdom-casino-n4r.top,http://console.pokerdom-casino-n4r.top,keyword_match,45,MEDIUM,2026-07-23 23:10:57.165479+00:00
account.pokerdom-casino-n4r.top,http://account.pokerdom-casino-n4r.top,keyword_match,45,MEDIUM,2026-07-23 23:10:36.757573+00:00
manage.1xbet-482.top,http://manage.1xbet-482.top,keyword_match,45,MEDIUM,2026-07-24 04:31:25.266219+00:00
vavada-kazinos365.ru,http://vavada-kazinos365.ru,keyword_match,45,MEDIUM,2026-07-24 09:47:02.020615+00:00
rewards-pinup-az.click,http://rewards-pinup-az.click,keyword_match,45,MEDIUM,2026-07-24 04:32:09.463058+00:00
vulkan-vegas987.pl,http://vulkan-vegas987.pl,keyword_match,45,MEDIUM,2026-07-24 04:36:47.944594+00:00
dev-iux-helpcenter-service.iuxbeta.com,http://dev-iux-helpcenter-service.iuxbeta.com,keyword_match,45,MEDIUM,2026-07-23 23:04:38.123550+00:00
www.mostbet-arena18.top,http://www.mostbet-arena18.top,keyword_match,45,MEDIUM,2026-07-23 22:59:57.950356+00:00
melbet-mauritania.pages.dev,http://melbet-mauritania.pages.dev,keyword_match,45,MEDIUM,2026-07-26 12:19:41.225773+00:00
user.vavada-onlinecasino3.top,http://user.vavada-onlinecasino3.top,keyword_match,45,MEDIUM,2026-07-23 18:36:34.798853+00:00
vulkanvegas-no-net-103442.pages.dev,http://vulkanvegas-no-net-103442.pages.dev,keyword_match,45,MEDIUM,2026-07-23 21:46:53.375506+00:00
user.1xbetlucky1.top,http://user.1xbetlucky1.top,keyword_match,45,MEDIUM,2026-07-23 21:44:35.027017+00:00
elexbetadrs.vip,http://elexbetadrs.vip,keyword_match,45,MEDIUM,2026-07-23 18:07:01.796643+00:00
signup.pokerdom-3nbc29.top,http://signup.pokerdom-3nbc29.top,keyword_match,45,MEDIUM,2026-07-24 10:04:17.735426+00:00
portal.melbet1024.ru,http://portal.melbet1024.ru,keyword_match,45,MEDIUM,2026-07-23 21:40:20.628361+00:00
signin.1xbet-zerkalo-ss17.ru,http://signin.1xbet-zerkalo-ss17.ru,keyword_match,45,MEDIUM,2026-07-24 09:54:16.303397+00:00
mpflx09.crmflexbeta.com,http://mpflx09.crmflexbeta.com,keyword_match,45,MEDIUM,2026-07-23 21:28:26.246499+00:00
console.vavada-casino-q3m.top,http://console.vavada-casino-q3m.top,keyword_match,45,MEDIUM,2026-07-23 16:08:30.006668+00:00
login.melbet1008.ru,http://login.melbet1008.ru,keyword_match,45,MEDIUM,2026-07-23 19:28:09.839391+00:00
oauth.1xbet-iycl.top,http://oauth.1xbet-iycl.top,keyword_match,45,MEDIUM,2026-07-26 14:55:01.606674+00:00
oauth.pokerdom-casino-x3x.top,http://oauth.pokerdom-casino-x3x.top,keyword_match,45,MEDIUM,2026-07-24 05:28:34.607555+00:00
manage.melbet1008.ru,http://manage.melbet1008.ru,keyword_match,45,MEDIUM,2026-07-23 19:27:49.996105+00:00
maxbet1003.com,http://maxbet1003.com,keyword_match,45,MEDIUM,2026-07-24 04:14:11.234649+00:00
admin.vavada123424.top,http://admin.vavada123424.top,keyword_match,45,MEDIUM,2026-07-24 04:17:08.975402+00:00
vulkan-vegas101.pl,http://vulkan-vegas101.pl,keyword_match,45,MEDIUM,2026-07-24 04:09:25.102096+00:00
lucky-casino-pinup.top,http://lucky-casino-pinup.top,keyword_match,45,MEDIUM,2026-07-24 04:03:16.443845+00:00
daily-pinup-az.top,http://daily-pinup-az.top,keyword_match,45,MEDIUM,2026-07-24 03:37:51.052374+00:00
supervulkanstiavnica.sk,http://supervulkanstiavnica.sk,keyword_match,45,MEDIUM,2026-07-24 03:36:49.310394+00:00
admin.1xbet-tk71.top,http://admin.1xbet-tk71.top,keyword_match,45,MEDIUM,2026-07-23 16:48:13.437402+00:00
betting-scoreboard-gql.37clubvulkan2.com,http://betting-scoreboard-gql.37clubvulkan2.com,keyword_match,45,MEDIUM,2026-07-24 03:25:36.043379+00:00
user.1xbet-officialnoe-prilozhenie.top,http://user.1xbet-officialnoe-prilozhenie.top,keyword_match,45,MEDIUM,2026-07-23 19:00:47.600353+00:00
parimatch.online,http://parimatch.online,typosquat,45,MEDIUM,2026-07-26 13:59:54.575323+00:00
user.vodka-onlinecasino19.top,http://user.vodka-onlinecasino19.top,keyword_match,45,MEDIUM,2026-07-23 17:47:27.000704+00:00
www.pinup-casino-xvd4.top,http://www.pinup-casino-xvd4.top,keyword_match,45,MEDIUM,2026-07-23 17:49:33.680436+00:00
skunxbet-vip.com,http://skunxbet-vip.com,keyword_match,45,MEDIUM,2026-07-23 17:50:40.501482+00:00
vulkanprogrammingguide.com,http://vulkanprogrammingguide.com,keyword_match,45,MEDIUM,2026-07-23 17:56:44.394313+00:00
www.vulkan-stars-online.xyz,http://www.vulkan-stars-online.xyz,keyword_match,45,MEDIUM,2026-07-24 00:01:54.465587+00:00
vulkanplatinum992.buzz,http://vulkanplatinum992.buzz,keyword_match,45,MEDIUM,2026-07-24 00:05:16.605120+00:00
99jiliphvip.com,http://99jiliphvip.com,keyword_match,45,MEDIUM,2026-07-24 00:26:59.403962+00:00
db-static-cv1-u0i.42clubvulkan71.com,http://db-static-cv1-u0i.42clubvulkan71.com,keyword_match,45,MEDIUM,2026-07-24 01:17:31.496610+00:00
manage.vavada-casino-igrat3.top,http://manage.vavada-casino-igrat3.top,keyword_match,45,MEDIUM,2026-07-24 01:28:17.221438+00:00
console.pokerdomcasino-top1.top,http://console.pokerdomcasino-top1.top,keyword_match,45,MEDIUM,2026-07-24 01:33:20.013044+00:00
accounts.pokerdom-promokody-x100.ru,http://accounts.pokerdom-promokody-x100.ru,keyword_match,45,MEDIUM,2026-07-24 06:05:20.091657+00:00
console.mostbet-zonebet18.top,http://console.mostbet-zonebet18.top,keyword_match,45,MEDIUM,2026-07-24 06:12:04.255487+00:00
login.melbet-casino-d2q.top,http://login.melbet-casino-d2q.top,keyword_match,45,MEDIUM,2026-07-24 06:16:08.203428+00:00
g00034.jiligem.cyou,http://g00034.jiligem.cyou,keyword_match,45,MEDIUM,2026-07-24 06:18:46.274797+00:00
g00035.jiligem.cyou,http://g00035.jiligem.cyou,keyword_match,45,MEDIUM,2026-07-24 06:19:58.844560+00:00
ww38.jili77win.site,http://ww38.jili77win.site,keyword_match,45,MEDIUM,2026-07-24 06:28:07.231236+00:00
api.pokerdom-casino-room5.top,http://api.pokerdom-casino-room5.top,keyword_match,45,MEDIUM,2026-07-24 08:45:03.640990+00:00
account.pokerdom-casino-room5.top,http://account.pokerdom-casino-room5.top,keyword_match,45,MEDIUM,2026-07-24 08:45:02.136018+00:00
pinasjilislot.com,http://pinasjilislot.com,keyword_match,45,MEDIUM,2026-07-26 10:14:56.264073+00:00
vaycasino-gunceladresimtr.com,http://vaycasino-gunceladresimtr.com,keyword_match,45,MEDIUM,2026-07-26 10:43:40.844690+00:00
mostbet-winclub.cl,http://mostbet-winclub.cl,keyword_match,45,MEDIUM,2026-07-26 11:03:51.716789+00:00
www.casino-pinup-official.online,http://www.casino-pinup-official.online,keyword_match,45,MEDIUM,2026-07-26 11:05:08.489514+00:00
spdfraktion-vulkaneifel.de,http://spdfraktion-vulkaneifel.de,keyword_match,45,MEDIUM,2026-07-26 13:18:25.049208+00:00
accounts.vavada-rpo.top,http://accounts.vavada-rpo.top,keyword_match,45,MEDIUM,2026-07-26 16:06:45.993629+00:00
mostbete-cz.cz,http://mostbete-cz.cz,keyword_match,45,MEDIUM,2026-07-26 16:38:17.642489+00:00
jusos-vulkaneifel.de,http://jusos-vulkaneifel.de,keyword_match,45,MEDIUM,2026-07-26 16:38:26.376480+00:00
console.joycasino767.ru,http://console.joycasino767.ru,keyword_match,45,MEDIUM,2026-07-24 02:12:39.219569+00:00
vulkan-vegus.club,http://vulkan-vegus.club,keyword_match,45,MEDIUM,2026-07-23 17:15:29.129453+00:00
biglucky.com,http://biglucky.com,keyword_match,45,MEDIUM,2026-07-23 17:32:52.318561+00:00
whm.1xbet-casino-0lk.top,http://whm.1xbet-casino-0lk.top,keyword_match,45,MEDIUM,2026-07-23 19:41:39.958486+00:00
1nyphev5ut.vavadagmz.casino,http://1nyphev5ut.vavadagmz.casino,keyword_match,45,MEDIUM,2026-07-23 20:18:32.253402+00:00
oauth.pokerdom-e10z.top,http://oauth.pokerdom-e10z.top,keyword_match,45,MEDIUM,2026-07-24 01:49:46.172649+00:00
www.pinup-815casino.com,http://www.pinup-815casino.com,keyword_match,45,MEDIUM,2026-07-24 01:50:36.475525+00:00
prontobetcasino-co-no-83183.pages.dev,http://prontobetcasino-co-no-83183.pages.dev,keyword_match,45,MEDIUM,2026-07-24 01:59:24.916870+00:00
portal.pokerdom-casino-s4k.top,http://portal.pokerdom-casino-s4k.top,keyword_match,45,MEDIUM,2026-07-24 02:01:24.984747+00:00
www.pinup-casino-imy6.top,http://www.pinup-casino-imy6.top,keyword_match,45,MEDIUM,2026-07-24 02:10:34.043532+00:00
mostbetapkdownloadtr.com,http://mostbetapkdownloadtr.com,keyword_match,45,MEDIUM,2026-07-24 02:13:32.425377+00:00
mostbet-az-giris2024.com,http://mostbet-az-giris2024.com,keyword_match,45,MEDIUM,2026-07-24 02:18:52.116795+00:00
www.1xbet-casino-2ki.top,http://www.1xbet-casino-2ki.top,keyword_match,45,MEDIUM,2026-07-24 02:19:37.162793+00:00
user.original-mostbet367.ru,http://user.original-mostbet367.ru,keyword_match,45,MEDIUM,2026-07-24 02:34:52.468577+00:00
console.www-1xbet-sportrock2.top,http://console.www-1xbet-sportrock2.top,keyword_match,45,MEDIUM,2026-07-24 03:58:43.797365+00:00
timebetyenigiris.vip,http://timebetyenigiris.vip,keyword_match,45,MEDIUM,2026-07-24 06:48:24.724357+00:00
vpn2.pokerdom-brauzer-gamefr33.ru,http://vpn2.pokerdom-brauzer-gamefr33.ru,keyword_match,45,MEDIUM,2026-07-24 07:01:43.946743+00:00
portal.melbet-casinos-i2.top,http://portal.melbet-casinos-i2.top,keyword_match,45,MEDIUM,2026-07-24 07:58:20.115784+00:00
facebook-login-60jili.org.ph,http://facebook-login-60jili.org.ph,keyword_match,45,MEDIUM,2026-07-26 09:38:57.059628+00:00
portal.1xbet-uylh.top,http://portal.1xbet-uylh.top,keyword_match,45,MEDIUM,2026-07-26 12:35:41.717105+00:00
www.enjoybetguncel.com,http://www.enjoybetguncel.com,keyword_match,45,MEDIUM,2026-07-26 12:39:23.566338+00:00
jiliwinbet2.com,http://jiliwinbet2.com,keyword_match,45,MEDIUM,2026-07-26 12:44:14.383486+00:00
www.8joac.riobetcasino-pxb.top,http://www.8joac.riobetcasino-pxb.top,keyword_match,45,MEDIUM,2026-07-26 15:06:23.021687+00:00
iqjilicasino.com,http://iqjilicasino.com,keyword_match,45,MEDIUM,2026-07-26 15:10:55.536267+00:00
onlinecasinofreespins.gr,http://onlinecasinofreespins.gr,keyword_match,45,MEDIUM,2026-07-26 15:12:21.988558+00:00
playapexbet.com,http://playapexbet.com,keyword_match,44,MEDIUM,2026-07-26 15:51:41.207554+00:00
pincourtpeptides.ca,http://pincourtpeptides.ca,keyword_match,44,MEDIUM,2026-07-26 15:36:55.981597+00:00
vavada-online80.buzz,http://vavada-online80.buzz,keyword_match,44,MEDIUM,2026-07-24 02:55:07.440402+00:00
vavada043sn.buzz,http://vavada043sn.buzz,keyword_match,44,MEDIUM,2026-07-24 03:59:08.808441+00:00
cdn-betting.37clubvulkan2.com,http://cdn-betting.37clubvulkan2.com,keyword_match,44,MEDIUM,2026-07-24 08:05:05.901825+00:00
vulkan-5r9ab.xyz,http://vulkan-5r9ab.xyz,keyword_match,44,MEDIUM,2026-07-23 19:37:02.368836+00:00
sso.pokerdom-3cas26.top,http://sso.pokerdom-3cas26.top,keyword_match,44,MEDIUM,2026-07-24 07:05:49.288504+00:00
wildbanditodemo.bet.mostbetvip.icu,http://wildbanditodemo.bet.mostbetvip.icu,keyword_match,44,MEDIUM,2026-07-26 12:37:38.285111+00:00
1xbet-hulv.click,http://1xbet-hulv.click,keyword_match,44,MEDIUM,2026-07-23 20:04:55.857063+00:00
vulkanvegas.co.no,http://vulkanvegas.co.no,keyword_match,44,MEDIUM,2026-07-26 12:39:59.783739+00:00
jili11ph444.com,http://jili11ph444.com,keyword_match,44,MEDIUM,2026-07-24 03:40:04.386602+00:00
matbet-giris-turkey.icu,http://matbet-giris-turkey.icu,keyword_match,44,MEDIUM,2026-07-24 01:59:12.670144+00:00
1xbet-srbija.org,http://1xbet-srbija.org,keyword_match,44,MEDIUM,2026-07-24 03:39:13.868807+00:00
admin.1xbet-4ogu.top,http://admin.1xbet-4ogu.top,keyword_match,44,MEDIUM,2026-07-23 19:54:15.015836+00:00
www.vulkan-platinum-xgrj16.top,http://www.vulkan-platinum-xgrj16.top,keyword_match,44,MEDIUM,2026-07-26 12:52:35.942418+00:00
365jililink.com,http://365jililink.com,keyword_match,44,MEDIUM,2026-07-24 01:46:52.776432+00:00
vavadamos30.com,http://vavadamos30.com,keyword_match,44,MEDIUM,2026-07-23 19:45:07.751259+00:00
1xbet-cctv-kaiyun.bet,http://1xbet-cctv-kaiyun.bet,keyword_match,44,MEDIUM,2026-07-24 03:51:57.506463+00:00
accounts.pokerdomplays-eur1.top,http://accounts.pokerdomplays-eur1.top,keyword_match,44,MEDIUM,2026-07-24 03:54:14.467417+00:00
sosabetyenigiris2025.com,http://sosabetyenigiris2025.com,keyword_match,44,MEDIUM,2026-07-24 02:41:36.352068+00:00
cdn-betting.357clubvulkan.com,http://cdn-betting.357clubvulkan.com,keyword_match,44,MEDIUM,2026-07-24 06:47:47.811601+00:00
alevcasino035.com,http://alevcasino035.com,keyword_match,44,MEDIUM,2026-07-23 15:30:15.430833+00:00
pinco-casino529.buzz,http://pinco-casino529.buzz,keyword_match,44,MEDIUM,2026-07-23 16:00:33.383585+00:00
console.melbet-casino-2bp.top,http://console.melbet-casino-2bp.top,keyword_match,44,MEDIUM,2026-07-23 18:39:59.870429+00:00
account.melbet-casino-2bp.top,http://account.melbet-casino-2bp.top,keyword_match,44,MEDIUM,2026-07-23 18:40:11.202362+00:00
vulkanbet-lv-com-76101.pages.dev,http://vulkanbet-lv-com-76101.pages.dev,keyword_match,44,MEDIUM,2026-07-23 18:49:55.884936+00:00
onlinecasino-market.com,http://onlinecasino-market.com,keyword_match,44,MEDIUM,2026-07-23 19:05:01.221843+00:00
oauth.melbet1008.ru,http://oauth.melbet1008.ru,keyword_match,44,MEDIUM,2026-07-23 19:28:20.185597+00:00
en-guncel-girisler.vip,http://en-guncel-girisler.vip,keyword_match,44,MEDIUM,2026-07-23 21:12:05.601471+00:00
auth.melbet1024.ru,http://auth.melbet1024.ru,keyword_match,44,MEDIUM,2026-07-23 21:40:39.430968+00:00
pinup-casino-slots.top,http://pinup-casino-slots.top,keyword_match,44,MEDIUM,2026-07-23 21:46:14.499267+00:00
admin.pokerdom-casino-n4r.top,http://admin.pokerdom-casino-n4r.top,keyword_match,44,MEDIUM,2026-07-23 23:10:46.907466+00:00
oauth.pokerdom-casino-n4r.top,http://oauth.pokerdom-casino-n4r.top,keyword_match,44,MEDIUM,2026-07-23 23:11:07.010356+00:00
pinup-vwx.top,http://pinup-vwx.top,keyword_match,44,MEDIUM,2026-07-23 23:45:27.042986+00:00
vavada-new.com,http://vavada-new.com,keyword_match,44,MEDIUM,2026-07-24 03:15:29.126460+00:00
hdufqvyt.pokerdom-3947.top,http://hdufqvyt.pokerdom-3947.top,keyword_match,44,MEDIUM,2026-07-24 03:31:10.271471+00:00
account.vavada-casino-3zq.top,http://account.vavada-casino-3zq.top,keyword_match,44,MEDIUM,2026-07-24 05:17:30.810502+00:00
vulkan-1fjw3.xyz,http://vulkan-1fjw3.xyz,keyword_match,44,MEDIUM,2026-07-24 04:32:12.029393+00:00
sso.pokerdom-casino-x3x.top,http://sso.pokerdom-casino-x3x.top,keyword_match,44,MEDIUM,2026-07-24 05:28:44.448376+00:00
1xbet-notstory-com.pages.dev,http://1xbet-notstory-com.pages.dev,keyword_match,44,MEDIUM,2026-07-24 05:33:14.671355+00:00
dashboard.1xbet-cazino-new1.top,http://dashboard.1xbet-cazino-new1.top,keyword_match,44,MEDIUM,2026-07-24 08:59:14.414721+00:00
lucky7even4.com,http://lucky7even4.com,keyword_match,44,MEDIUM,2026-07-24 05:37:09.095251+00:00
1xbet-yalla-gomla-com.pages.dev,http://1xbet-yalla-gomla-com.pages.dev,keyword_match,44,MEDIUM,2026-07-24 05:43:35.760496+00:00
dev-app-euw2.pokerdom-casino-slots.top,http://dev-app-euw2.pokerdom-casino-slots.top,keyword_match,44,MEDIUM,2026-07-24 08:53:20.937382+00:00
www.pokerdom-casino-t4y.top,http://www.pokerdom-casino-t4y.top,keyword_match,44,MEDIUM,2026-07-24 09:11:21.546419+00:00
tr-betcioguncelgirisiimm-vip.pages.dev,http://tr-betcioguncelgirisiimm-vip.pages.dev,keyword_match,44,MEDIUM,2026-07-24 09:36:16.991554+00:00
mostbet-giris-live.ink,http://mostbet-giris-live.ink,keyword_match,44,MEDIUM,2026-07-24 09:49:27.008489+00:00
graphql-betting.14clubvulkan8.com,http://graphql-betting.14clubvulkan8.com,keyword_match,44,MEDIUM,2026-07-24 10:19:53.413474+00:00
tipwincasino.se,http://tipwincasino.se,keyword_match,44,MEDIUM,2026-07-26 11:57:05.715571+00:00
demo-api-euc1.pokerdom-3cas23.top,http://demo-api-euc1.pokerdom-3cas23.top,keyword_match,44,MEDIUM,2026-07-23 17:55:07.712400+00:00
pinupcasino26.online,http://pinupcasino26.online,keyword_match,44,MEDIUM,2026-07-23 20:56:24.474559+00:00
vip-pinup-az.click,http://vip-pinup-az.click,keyword_match,44,MEDIUM,2026-07-24 00:22:51.585476+00:00
api-eu-west-2-staging.pokerdom-casino-slots.top,http://api-eu-west-2-staging.pokerdom-casino-slots.top,keyword_match,44,MEDIUM,2026-07-24 08:48:30.314486+00:00
online1xbetgames.com,http://online1xbetgames.com,keyword_match,44,MEDIUM,2026-07-26 10:57:06.109601+00:00
bdpinupcasino.net,http://bdpinupcasino.net,keyword_match,44,MEDIUM,2026-07-26 13:12:48.665632+00:00
casinometropol435.ph,http://casinometropol435.ph,keyword_match,44,MEDIUM,2026-07-24 06:23:19.279056+00:00
crypto-pinup-az.top,http://crypto-pinup-az.top,keyword_match,44,MEDIUM,2026-07-23 20:40:21.649655+00:00
axbet.eu,http://axbet.eu,keyword_match,44,MEDIUM,2026-07-24 06:23:52.095571+00:00
api-usw1-dev.pokerdom-casino-slots.top,http://api-usw1-dev.pokerdom-casino-slots.top,keyword_match,44,MEDIUM,2026-07-24 08:50:32.234425+00:00
api-eu-west-1-preview.pokerdom-casino-slots.top,http://api-eu-west-1-preview.pokerdom-casino-slots.top,keyword_match,44,MEDIUM,2026-07-24 08:48:25.496524+00:00
pinuploginapp.net,http://pinuploginapp.net,keyword_match,44,MEDIUM,2026-07-26 13:12:56.975186+00:00
sso.1xbet-google-play1.top,http://sso.1xbet-google-play1.top,keyword_match,44,MEDIUM,2026-07-24 05:54:31.780493+00:00
1xbet-zszj.click,http://1xbet-zszj.click,keyword_match,44,MEDIUM,2026-07-24 08:39:44.910045+00:00
app-euw1-dev.pokerdom-casino-slots.top,http://app-euw1-dev.pokerdom-casino-slots.top,keyword_match,44,MEDIUM,2026-07-24 08:51:18.232386+00:00
pixbet-win-com.pages.dev,http://pixbet-win-com.pages.dev,keyword_match,44,MEDIUM,2026-07-26 17:08:16.769607+00:00
api-preview-us-west-2.pokerdom-casino-slots.top,http://api-preview-us-west-2.pokerdom-casino-slots.top,keyword_match,44,MEDIUM,2026-07-24 08:49:17.191374+00:00
betyapguncel2026.vip,http://betyapguncel2026.vip,keyword_match,44,MEDIUM,2026-07-24 08:23:01.497720+00:00
www.mostbet-fastwin18.top,http://www.mostbet-fastwin18.top,keyword_match,44,MEDIUM,2026-07-24 00:45:38.571668+00:00
panel.mostbet-zonebet18.top,http://panel.mostbet-zonebet18.top,keyword_match,44,MEDIUM,2026-07-24 01:22:49.060523+00:00
manage.1xbet-m2r.top,http://manage.1xbet-m2r.top,keyword_match,44,MEDIUM,2026-07-23 20:49:21.115481+00:00
vavada-casino17.ru,http://vavada-casino17.ru,keyword_match,44,MEDIUM,2026-07-23 20:56:06.310421+00:00
auth.1xbet-4453.top,http://auth.1xbet-4453.top,keyword_match,44,MEDIUM,2026-07-24 08:29:54.914127+00:00
mostbet-tanzania.bet,http://mostbet-tanzania.bet,keyword_match,44,MEDIUM,2026-07-26 16:06:43.431068+00:00
webmail.madridbet-adres-guncel.icu,http://webmail.madridbet-adres-guncel.icu,keyword_match,44,MEDIUM,2026-07-26 13:35:06.194977+00:00
vulkan-on-money.top,http://vulkan-on-money.top,keyword_match,44,MEDIUM,2026-07-26 13:44:55.779092+00:00
8xbetxoilac.com,http://8xbetxoilac.com,keyword_match,43,MEDIUM,2026-07-24 06:45:51.017484+00:00
dashboard.vavada-casinos-fun1.top,http://dashboard.vavada-casinos-fun1.top,keyword_match,43,MEDIUM,2026-07-23 20:38:34.387105+00:00
auth.1xbet-casinoz-1iu.top,http://auth.1xbet-casinoz-1iu.top,keyword_match,43,MEDIUM,2026-07-24 00:24:43.687005+00:00
panel.1wincasino20.ru,http://panel.1wincasino20.ru,keyword_match,43,MEDIUM,2026-07-24 00:11:04.628410+00:00
vulkan-bucr7.click,http://vulkan-bucr7.click,keyword_match,43,MEDIUM,2026-07-23 20:47:57.499335+00:00
backend.1wincasino20.ru,http://backend.1wincasino20.ru,keyword_match,43,MEDIUM,2026-07-24 00:10:14.255378+00:00
account.melbet-t11f.top,http://account.melbet-t11f.top,keyword_match,43,MEDIUM,2026-07-23 21:09:26.506470+00:00
vavada-casino-sab.vip,http://vavada-casino-sab.vip,keyword_match,43,MEDIUM,2026-07-23 21:03:54.064347+00:00
app-staging-us-east-1.pokerdom-casino-slots.top,http://app-staging-us-east-1.pokerdom-casino-slots.top,keyword_match,43,MEDIUM,2026-07-24 08:52:02.182885+00:00
dashboard.vavada-casino-r1v.top,http://dashboard.vavada-casino-r1v.top,keyword_match,43,MEDIUM,2026-07-23 17:48:01.346477+00:00
api-euw1-preprod.pokerdom-casino-slots.top,http://api-euw1-preprod.pokerdom-casino-slots.top,keyword_match,43,MEDIUM,2026-07-24 08:48:43.121499+00:00
pinupcasino120m.buzz,http://pinupcasino120m.buzz,keyword_match,43,MEDIUM,2026-07-24 08:43:33.985563+00:00
portal.mostbet-cash18.top,http://portal.mostbet-cash18.top,keyword_match,43,MEDIUM,2026-07-24 08:29:22.452493+00:00
jilievorp.one,http://jilievorp.one,keyword_match,43,MEDIUM,2026-07-24 06:43:07.660700+00:00
portal.1xbet-481.top,http://portal.1xbet-481.top,keyword_match,43,MEDIUM,2026-07-24 06:02:22.870694+00:00
auth.melbet-casino-maniax1.top,http://auth.melbet-casino-maniax1.top,keyword_match,43,MEDIUM,2026-07-24 05:54:42.415446+00:00
www.pinup-casino-dlb1.cfd,http://www.pinup-casino-dlb1.cfd,keyword_match,43,MEDIUM,2026-07-23 17:54:46.830124+00:00
vipslot-guncelgiris.icu,http://vipslot-guncelgiris.icu,keyword_match,43,MEDIUM,2026-07-24 01:33:46.236194+00:00
toponlinecasinouae.com,http://toponlinecasinouae.com,keyword_match,43,MEDIUM,2026-07-26 11:07:14.756549+00:00
www.toponlinecasinouae.com,http://www.toponlinecasinouae.com,keyword_match,43,MEDIUM,2026-07-26 11:07:24.424153+00:00
pinupcasino26.buzz,http://pinupcasino26.buzz,keyword_match,43,MEDIUM,2026-07-23 20:32:37.466427+00:00
www.vavada-casino-r4v.top,http://www.vavada-casino-r4v.top,keyword_match,43,MEDIUM,2026-07-24 01:23:52.188042+00:00
www.mostbet-zonebet18.top,http://www.mostbet-zonebet18.top,keyword_match,43,MEDIUM,2026-07-24 01:23:01.815436+00:00
auth.pokerdom-official-site777.top,http://auth.pokerdom-official-site777.top,keyword_match,43,MEDIUM,2026-07-24 06:40:38.350385+00:00
api-preview-us-east-1.pokerdom-casino-slots.top,http://api-preview-us-east-1.pokerdom-casino-slots.top,keyword_match,43,MEDIUM,2026-07-24 08:49:15.116481+00:00
1748joycasino.com,http://1748joycasino.com,keyword_match,43,MEDIUM,2026-07-23 17:44:59.027539+00:00
1xbet-ibun.top,http://1xbet-ibun.top,keyword_match,43,MEDIUM,2026-07-26 13:25:34.664966+00:00
www.vavada-casino-y4k.top,http://www.vavada-casino-y4k.top,keyword_match,43,MEDIUM,2026-07-24 00:36:13.593134+00:00
admin.pokerdomcasino-top1.top,http://admin.pokerdomcasino-top1.top,keyword_match,43,MEDIUM,2026-07-24 00:34:50.517557+00:00
www.pinco-pdf28.buzz,http://www.pinco-pdf28.buzz,keyword_match,43,MEDIUM,2026-07-24 00:32:41.341468+00:00
api-preprod-usw2.pokerdom-casino-slots.top,http://api-preprod-usw2.pokerdom-casino-slots.top,keyword_match,43,MEDIUM,2026-07-24 08:49:05.979809+00:00
pinco-pdf28.buzz,http://pinco-pdf28.buzz,keyword_match,43,MEDIUM,2026-07-24 00:32:30.971511+00:00
1757joycasino.com,http://1757joycasino.com,keyword_match,43,MEDIUM,2026-07-24 00:31:52.295189+00:00
app.pokerdom-casino-room5.top,http://app.pokerdom-casino-room5.top,keyword_match,43,MEDIUM,2026-07-24 01:59:44.350506+00:00
login.vavadasp72.com,http://login.vavadasp72.com,keyword_match,43,MEDIUM,2026-07-24 02:09:43.820401+00:00
richjili79.xyz,http://richjili79.xyz,keyword_match,43,MEDIUM,2026-07-24 07:33:54.092479+00:00
vulkan-n45z9.cyou,http://vulkan-n45z9.cyou,keyword_match,43,MEDIUM,2026-07-24 02:00:38.528521+00:00
richjili65.xyz,http://richjili65.xyz,keyword_match,43,MEDIUM,2026-07-24 07:35:39.447501+00:00
72richjili.xyz,http://72richjili.xyz,keyword_match,43,MEDIUM,2026-07-24 07:37:20.924913+00:00
twin-zerkalo-4lwi.xyz,http://twin-zerkalo-4lwi.xyz,keyword_match,43,MEDIUM,2026-07-23 17:26:10.734422+00:00
phlmojili.com,http://phlmojili.com,keyword_match,43,MEDIUM,2026-07-24 04:01:07.446143+00:00
1747joycasino.com,http://1747joycasino.com,keyword_match,43,MEDIUM,2026-07-24 03:59:38.189730+00:00
testing.1xbet-kasino-play1.ru,http://testing.1xbet-kasino-play1.ru,keyword_match,43,MEDIUM,2026-07-23 17:35:28.231414+00:00
boombetcasino-aus.com,http://boombetcasino-aus.com,keyword_match,43,MEDIUM,2026-07-26 14:57:20.227443+00:00
dl.pokerdom-brauzer-gamefr33.ru,http://dl.pokerdom-brauzer-gamefr33.ru,keyword_match,43,MEDIUM,2026-07-24 07:01:36.025075+00:00
vulkan-vnhnf.cyou,http://vulkan-vnhnf.cyou,keyword_match,43,MEDIUM,2026-07-24 08:03:41.457468+00:00
richjili75.xyz,http://richjili75.xyz,keyword_match,43,MEDIUM,2026-07-24 07:27:33.021010+00:00
68richjili.xyz,http://68richjili.xyz,keyword_match,43,MEDIUM,2026-07-24 07:28:30.255693+00:00
www.maxbetfr.fr,http://www.maxbetfr.fr,keyword_match,43,MEDIUM,2026-07-26 15:35:35.650669+00:00
pinup.casino979.buzz,http://pinup.casino979.buzz,keyword_match,43,MEDIUM,2026-07-23 17:34:00.492384+00:00
login.vavadapz62.com,http://login.vavadapz62.com,keyword_match,43,MEDIUM,2026-07-24 02:48:36.410128+00:00
richjili77.xyz,http://richjili77.xyz,keyword_match,43,MEDIUM,2026-07-24 07:28:34.154806+00:00
richjili71.xyz,http://richjili71.xyz,keyword_match,43,MEDIUM,2026-07-24 07:29:36.003470+00:00
www.pinco-vip888.casino,http://www.pinco-vip888.casino,keyword_match,43,MEDIUM,2026-07-24 02:41:10.527239+00:00
80richjili.xyz,http://80richjili.xyz,keyword_match,43,MEDIUM,2026-07-24 07:31:49.428613+00:00
auth.melbet-casino-clubpro1.top,http://auth.melbet-casino-clubpro1.top,keyword_match,43,MEDIUM,2026-07-24 02:31:35.808476+00:00
1756joycasino.com,http://1756joycasino.com,keyword_match,43,MEDIUM,2026-07-24 02:30:35.480984+00:00
78richjili.xyz,http://78richjili.xyz,keyword_match,43,MEDIUM,2026-07-24 07:31:57.999375+00:00
az-pinup-fast.click,http://az-pinup-fast.click,keyword_match,43,MEDIUM,2026-07-24 01:43:06.144462+00:00
pinco-pinc.cnii-volna.ru,http://pinco-pinc.cnii-volna.ru,keyword_match,43,MEDIUM,2026-07-26 17:21:37.258672+00:00
account.pokerdom-3nbg11.ru,http://account.pokerdom-3nbg11.ru,keyword_match,43,MEDIUM,2026-07-24 09:52:01.599603+00:00
www1.pokerdom-fd3.top,http://www1.pokerdom-fd3.top,keyword_match,43,MEDIUM,2026-07-24 05:11:36.250417+00:00
pinupcasino28.buzz,http://pinupcasino28.buzz,keyword_match,43,MEDIUM,2026-07-23 19:10:24.904203+00:00
kr-melbet.org,http://kr-melbet.org,keyword_match,43,MEDIUM,2026-07-24 10:08:35.112695+00:00
spincoinmania.online,http://spincoinmania.online,keyword_match,43,MEDIUM,2026-07-24 09:59:43.745823+00:00
pinupcasino27.buzz,http://pinupcasino27.buzz,keyword_match,43,MEDIUM,2026-07-23 19:11:01.800183+00:00
dev.1xbet-blaz.top,http://dev.1xbet-blaz.top,keyword_match,43,MEDIUM,2026-07-26 14:33:51.455911+00:00
preview-api-us-east-1.pokerdom-casino-slots.top,http://preview-api-us-east-1.pokerdom-casino-slots.top,keyword_match,43,MEDIUM,2026-07-24 08:53:52.502592+00:00
m.1xbet-blaz.top,http://m.1xbet-blaz.top,keyword_match,43,MEDIUM,2026-07-26 14:33:51.477485+00:00
app.1xbet-blaz.top,http://app.1xbet-blaz.top,keyword_match,43,MEDIUM,2026-07-26 14:33:26.855230+00:00
webmail2.mostbet-10.ru,http://webmail2.mostbet-10.ru,keyword_match,43,MEDIUM,2026-07-23 19:25:04.844338+00:00
api.pokerdom-3nbc31.ru,http://api.pokerdom-3nbc31.ru,keyword_match,43,MEDIUM,2026-07-23 21:19:40.657661+00:00
1xbet-abohanafi-xyz.pages.dev,http://1xbet-abohanafi-xyz.pages.dev,keyword_match,43,MEDIUM,2026-07-23 22:18:09.204897+00:00
login.1xbet-4ogu.top,http://login.1xbet-4ogu.top,keyword_match,43,MEDIUM,2026-07-23 22:58:37.906705+00:00
api-us-east-1-preview.pokerdom-casino-slots.top,http://api-us-east-1-preview.pokerdom-casino-slots.top,keyword_match,43,MEDIUM,2026-07-24 08:50:19.982872+00:00
accounts.joycasino-next1.top,http://accounts.joycasino-next1.top,keyword_match,43,MEDIUM,2026-07-23 23:46:40.153057+00:00
www.oxbet789a.com,http://www.oxbet789a.com,keyword_match,43,MEDIUM,2026-07-23 23:51:50.870451+00:00
grand.pashabetgunceladres.top,http://grand.pashabetgunceladres.top,keyword_match,43,MEDIUM,2026-07-26 11:51:26.785710+00:00
bettilt-yeniadres.com,http://bettilt-yeniadres.com,keyword_match,43,MEDIUM,2026-07-26 11:47:24.040398+00:00
jiliz.shop,http://jiliz.shop,keyword_match,43,MEDIUM,2026-07-26 11:44:31.390547+00:00
iwinjili73.xyz,http://iwinjili73.xyz,keyword_match,43,MEDIUM,2026-07-24 09:19:40.299015+00:00
68iwinjili.xyz,http://68iwinjili.xyz,keyword_match,43,MEDIUM,2026-07-24 09:21:46.164534+00:00
iwinjili67.xyz,http://iwinjili67.xyz,keyword_match,43,MEDIUM,2026-07-24 09:18:44.242228+00:00
74iwinjili.xyz,http://74iwinjili.xyz,keyword_match,43,MEDIUM,2026-07-24 09:19:08.547880+00:00
reelsofjoycasino-australia.com,http://reelsofjoycasino-australia.com,keyword_match,43,MEDIUM,2026-07-26 14:56:25.212545+00:00
72iwinjili.xyz,http://72iwinjili.xyz,keyword_match,43,MEDIUM,2026-07-24 09:20:36.463373+00:00
iwinjili79.xyz,http://iwinjili79.xyz,keyword_match,43,MEDIUM,2026-07-24 09:21:20.096078+00:00
iwinjili75.xyz,http://iwinjili75.xyz,keyword_match,43,MEDIUM,2026-07-24 09:21:37.245787+00:00
vavadaee59.com,http://vavadaee59.com,keyword_match,43,MEDIUM,2026-07-24 03:09:06.061409+00:00
jackpot-casino-pinup.top,http://jackpot-casino-pinup.top,keyword_match,43,MEDIUM,2026-07-24 03:30:38.099674+00:00
1750joycasino.com,http://1750joycasino.com,keyword_match,43,MEDIUM,2026-07-24 03:28:20.222620+00:00
api-usw2-qa.pokerdom-casino-slots.top,http://api-usw2-qa.pokerdom-casino-slots.top,keyword_match,43,MEDIUM,2026-07-24 08:50:41.429059+00:00
76iwinjili.xyz,http://76iwinjili.xyz,keyword_match,43,MEDIUM,2026-07-24 09:22:55.051974+00:00
iwinjili81.xyz,http://iwinjili81.xyz,keyword_match,43,MEDIUM,2026-07-24 09:24:41.770786+00:00
kr-melbet.com,http://kr-melbet.com,keyword_match,43,MEDIUM,2026-07-24 03:30:33.623375+00:00
jiliokvip5.com,http://jiliokvip5.com,keyword_match,43,MEDIUM,2026-07-24 03:34:12.370528+00:00
leon-zerkalo-rabotauschee-u7d1.buzz,http://leon-zerkalo-rabotauschee-u7d1.buzz,keyword_match,43,MEDIUM,2026-07-24 03:35:29.120384+00:00
app.mostbet-zonebet18.top,http://app.mostbet-zonebet18.top,keyword_match,43,MEDIUM,2026-07-24 09:39:14.629207+00:00
1758joycasino.com,http://1758joycasino.com,keyword_match,43,MEDIUM,2026-07-23 18:52:56.943038+00:00
app-staging-use2.pokerdom-casino-slots.top,http://app-staging-use2.pokerdom-casino-slots.top,keyword_match,43,MEDIUM,2026-07-24 08:52:11.025448+00:00
1xbet-chinese520-kaiyun.bet,http://1xbet-chinese520-kaiyun.bet,keyword_match,43,MEDIUM,2026-07-24 03:37:18.118718+00:00
1xbet-ycsy.click,http://1xbet-ycsy.click,keyword_match,43,MEDIUM,2026-07-24 04:21:36.604054+00:00
account.playsite-pokerdom777.top,http://account.playsite-pokerdom777.top,keyword_match,43,MEDIUM,2026-07-24 10:12:09.840464+00:00
vavada-kazino365.ru,http://vavada-kazino365.ru,keyword_match,43,MEDIUM,2026-07-24 04:22:07.922511+00:00
1755joycasino.com,http://1755joycasino.com,keyword_match,43,MEDIUM,2026-07-24 05:13:23.471501+00:00
melbet115.buzz,http://melbet115.buzz,keyword_match,42,MEDIUM,2026-07-24 03:30:00.107489+00:00
account.pokerdom-zkl6.top,http://account.pokerdom-zkl6.top,keyword_match,42,MEDIUM,2026-07-24 09:06:56.052057+00:00
www.pokerdom-official4.top,http://www.pokerdom-official4.top,keyword_match,42,MEDIUM,2026-07-24 09:20:00.124988+00:00
user.cazinos0-1xbet.top,http://user.cazinos0-1xbet.top,keyword_match,42,MEDIUM,2026-07-24 05:35:49.403528+00:00
admin.cazinos0-1xbet.top,http://admin.cazinos0-1xbet.top,keyword_match,42,MEDIUM,2026-07-24 05:35:41.504779+00:00
secure-pinup-az.click,http://secure-pinup-az.click,keyword_match,42,MEDIUM,2026-07-24 05:02:36.171967+00:00
signup.melbet-top1-casino777.top,http://signup.melbet-top1-casino777.top,keyword_match,42,MEDIUM,2026-07-24 05:00:21.120725+00:00
pinup-az-spins.click,http://pinup-az-spins.click,keyword_match,42,MEDIUM,2026-07-24 04:31:50.794611+00:00
accounts.vavada-casinos-fun1.top,http://accounts.vavada-casinos-fun1.top,keyword_match,42,MEDIUM,2026-07-24 04:23:18.860822+00:00
www.mostbet-newwin18.top,http://www.mostbet-newwin18.top,keyword_match,42,MEDIUM,2026-07-24 10:16:16.003787+00:00
manage.bonus1xbet-110.ru,http://manage.bonus1xbet-110.ru,keyword_match,42,MEDIUM,2026-07-24 04:19:20.886501+00:00
panel.joycasino-real1.top,http://panel.joycasino-real1.top,keyword_match,42,MEDIUM,2026-07-24 04:13:38.807651+00:00
console.pinco-casino-amp314.top,http://console.pinco-casino-amp314.top,keyword_match,42,MEDIUM,2026-07-24 03:31:36.731855+00:00
clubvulkan58.com,http://clubvulkan58.com,keyword_match,42,MEDIUM,2026-07-24 03:32:25.231622+00:00
chinaxbet.com,http://chinaxbet.com,keyword_match,42,MEDIUM,2026-07-24 03:31:19.820557+00:00
jili1reg.com,http://jili1reg.com,keyword_match,42,MEDIUM,2026-07-26 11:32:55.090527+00:00
pocketwincasino.site,http://pocketwincasino.site,keyword_match,42,MEDIUM,2026-07-24 05:17:18.381590+00:00
signup.mostbet-line2417.top,http://signup.mostbet-line2417.top,keyword_match,42,MEDIUM,2026-07-24 03:25:25.283794+00:00
sso.melbet-casinotop10.ru,http://sso.melbet-casinotop10.ru,keyword_match,42,MEDIUM,2026-07-24 03:25:57.066802+00:00
1xbet6193.buzz,http://1xbet6193.buzz,keyword_match,42,MEDIUM,2026-07-24 03:25:15.204987+00:00
mostbetczech-club.cz,http://mostbetczech-club.cz,keyword_match,42,MEDIUM,2026-07-26 12:13:26.494223+00:00
az-pinup-spins.click,http://az-pinup-spins.click,keyword_match,42,MEDIUM,2026-07-23 23:03:01.511512+00:00
jackpot-pinup-az.top,http://jackpot-pinup-az.top,keyword_match,42,MEDIUM,2026-07-23 22:46:45.127449+00:00
wwwmadridbet1185.com,http://wwwmadridbet1185.com,keyword_match,42,MEDIUM,2026-07-23 22:20:34.758787+00:00
sso.pokerdom-zerkalo-vip1000.top,http://sso.pokerdom-zerkalo-vip1000.top,keyword_match,42,MEDIUM,2026-07-23 21:48:20.755440+00:00
manage.vavadacs23.com,http://manage.vavadacs23.com,keyword_match,42,MEDIUM,2026-07-23 21:11:47.554533+00:00
user.vavada-casinos-win1.top,http://user.vavada-casinos-win1.top,keyword_match,42,MEDIUM,2026-07-23 19:33:08.107789+00:00
cloudflare-resolve-to.mostbet-10.ru,http://cloudflare-resolve-to.mostbet-10.ru,keyword_match,42,MEDIUM,2026-07-23 19:14:05.699472+00:00
madridbet-aydan-gir.icu,http://madridbet-aydan-gir.icu,keyword_match,42,MEDIUM,2026-07-23 19:06:24.547483+00:00
mostbet-club.cz,http://mostbet-club.cz,keyword_match,42,MEDIUM,2026-07-26 14:38:17.630794+00:00
www.pincocasino5432.buzz,http://www.pincocasino5432.buzz,keyword_match,42,MEDIUM,2026-07-26 14:54:25.989797+00:00
leonbetcasino.pages.dev,http://leonbetcasino.pages.dev,keyword_match,42,MEDIUM,2026-07-26 17:12:38.445905+00:00
winner-pinup-az.click,http://winner-pinup-az.click,keyword_match,42,MEDIUM,2026-07-23 16:20:38.672188+00:00
staging-app-global.pokerdom-casino-slots.top,http://staging-app-global.pokerdom-casino-slots.top,keyword_match,42,MEDIUM,2026-07-24 08:54:40.674859+00:00
www.mostbet-rocket18.top,http://www.mostbet-rocket18.top,keyword_match,42,MEDIUM,2026-07-24 09:04:09.444478+00:00
www.leon-zerkalo4w.buzz,http://www.leon-zerkalo4w.buzz,keyword_match,42,MEDIUM,2026-07-24 06:31:25.031078+00:00
vulkaneifelspd.de,http://vulkaneifelspd.de,keyword_match,42,MEDIUM,2026-07-26 13:27:13.584466+00:00
jiliapp99.top,http://jiliapp99.top,keyword_match,42,MEDIUM,2026-07-26 13:43:47.765671+00:00
ilovejili.ink,http://ilovejili.ink,keyword_match,42,MEDIUM,2026-07-26 16:27:12.073810+00:00
1xbet-ter3.top,http://1xbet-ter3.top,keyword_match,42,MEDIUM,2026-07-26 16:03:43.731613+00:00
app.pokerdom-official4.top,http://app.pokerdom-official4.top,keyword_match,42,MEDIUM,2026-07-24 08:29:33.484970+00:00
portal.vavada-casino-t2p.top,http://portal.vavada-casino-t2p.top,keyword_match,42,MEDIUM,2026-07-24 00:26:43.849497+00:00
iraq-melbet-github.pages.dev,http://iraq-melbet-github.pages.dev,keyword_match,42,MEDIUM,2026-07-24 06:30:10.999421+00:00
pinup-az-lucky.click,http://pinup-az-lucky.click,keyword_match,42,MEDIUM,2026-07-24 00:21:21.162750+00:00
www.pinco-resmi26.com,http://www.pinco-resmi26.com,keyword_match,42,MEDIUM,2026-07-24 01:18:39.677286+00:00
987jili.online,http://987jili.online,keyword_match,42,MEDIUM,2026-07-24 00:54:15.262352+00:00
account.vavada-casino-t2p.top,http://account.vavada-casino-t2p.top,keyword_match,42,MEDIUM,2026-07-24 00:26:33.148477+00:00
api-preprod-us-east-1.pokerdom-casino-slots.top,http://api-preprod-us-east-1.pokerdom-casino-slots.top,keyword_match,42,MEDIUM,2026-07-24 08:49:03.357742+00:00
giris-pinup-ink.pages.dev,http://giris-pinup-ink.pages.dev,keyword_match,42,MEDIUM,2026-07-24 00:41:54.355321+00:00
jojobet-erisimadresigirisi-info.pages.dev,http://jojobet-erisimadresigirisi-info.pages.dev,keyword_match,42,MEDIUM,2026-07-24 06:14:09.119428+00:00
1xbet-4ygwb.cyou,http://1xbet-4ygwb.cyou,keyword_match,42,MEDIUM,2026-07-24 06:08:51.652380+00:00
onlinecasinoswesbites.com,http://onlinecasinoswesbites.com,keyword_match,42,MEDIUM,2026-07-26 17:02:52.310787+00:00
melbet-buw.buzz,http://melbet-buw.buzz,keyword_match,42,MEDIUM,2026-07-24 06:35:31.076426+00:00
no1jilicasino.ph,http://no1jilicasino.ph,keyword_match,42,MEDIUM,2026-07-24 06:05:17.102364+00:00
best-vavada-bonuses.com,http://best-vavada-bonuses.com,keyword_match,42,MEDIUM,2026-07-24 00:34:28.285069+00:00
accounts.melbet-casino-t5b.top,http://accounts.melbet-casino-t5b.top,keyword_match,42,MEDIUM,2026-07-24 05:59:28.760210+00:00
www.indiaspincode.our24x7i.com,http://www.indiaspincode.our24x7i.com,keyword_match,42,MEDIUM,2026-07-24 06:02:21.781044+00:00
pinco-bets-az.com,http://pinco-bets-az.com,keyword_match,42,MEDIUM,2026-07-24 09:04:33.393654+00:00
panel.vodka-onlinecasino19.top,http://panel.vodka-onlinecasino19.top,keyword_match,42,MEDIUM,2026-07-23 17:47:16.461365+00:00
api-sandbox-global.pokerdom-casino-slots.top,http://api-sandbox-global.pokerdom-casino-slots.top,keyword_match,42,MEDIUM,2026-07-24 08:49:50.065582+00:00
console.melbet-casino-d2q.top,http://console.melbet-casino-d2q.top,keyword_match,42,MEDIUM,2026-07-24 06:16:17.609861+00:00
www.casinometropol435.ph,http://www.casinometropol435.ph,keyword_match,42,MEDIUM,2026-07-24 06:23:28.147503+00:00
vulkan-0b84e.cyou,http://vulkan-0b84e.cyou,keyword_match,42,MEDIUM,2026-07-23 20:36:09.791374+00:00
supertbetcasino.gr,http://supertbetcasino.gr,keyword_match,42,MEDIUM,2026-07-24 10:20:21.151391+00:00
vulkan-vegas-online.pl,http://vulkan-vegas-online.pl,keyword_match,42,MEDIUM,2026-07-24 00:36:42.507151+00:00
iqjililogin.net,http://iqjililogin.net,keyword_match,42,MEDIUM,2026-07-26 16:12:03.976527+00:00
login.vavada-501.top,http://login.vavada-501.top,keyword_match,42,MEDIUM,2026-07-24 01:28:06.841236+00:00
www.pokerdom269.casino,http://www.pokerdom269.casino,keyword_match,42,MEDIUM,2026-07-23 17:56:26.880488+00:00
doxxbet.co,http://doxxbet.co,keyword_match,42,MEDIUM,2026-07-26 13:40:18.191574+00:00
556betcasino.com,http://556betcasino.com,keyword_match,42,MEDIUM,2026-07-24 03:49:40.654249+00:00
www.pinup-623casino.com,http://www.pinup-623casino.com,keyword_match,42,MEDIUM,2026-07-26 12:46:27.751238+00:00
mostbet-welcome.cz,http://mostbet-welcome.cz,keyword_match,42,MEDIUM,2026-07-26 15:46:20.597910+00:00
vulkan-2025.click,http://vulkan-2025.click,keyword_match,42,MEDIUM,2026-07-24 03:53:44.368439+00:00
mostbet-apk.kg,http://mostbet-apk.kg,keyword_match,42,MEDIUM,2026-07-26 15:48:00.646725+00:00
www.1xbet-gamess-kaiyun.bet,http://www.1xbet-gamess-kaiyun.bet,keyword_match,42,MEDIUM,2026-07-24 03:44:01.046503+00:00
vavada-cazino-sub.vip,http://vavada-cazino-sub.vip,keyword_match,42,MEDIUM,2026-07-24 03:40:23.747709+00:00
account.1xbet-oficialnyj-sajt.top,http://account.1xbet-oficialnyj-sajt.top,keyword_match,42,MEDIUM,2026-07-23 19:57:33.664375+00:00
clubvulkan10.com,http://clubvulkan10.com,keyword_match,42,MEDIUM,2026-07-24 03:39:20.442797+00:00
mostbet-4fgu0.info,http://mostbet-4fgu0.info,keyword_match,42,MEDIUM,2026-07-24 07:32:54.738910+00:00
vavada-zerkalo-888.ru,http://vavada-zerkalo-888.ru,keyword_match,42,MEDIUM,2026-07-23 20:21:04.609997+00:00
az-guide-pinup.click,http://az-guide-pinup.click,keyword_match,42,MEDIUM,2026-07-24 02:10:59.561522+00:00
vavadaxx55.com,http://vavadaxx55.com,keyword_match,42,MEDIUM,2026-07-24 02:57:11.391092+00:00
fortune-pinup-az.top,http://fortune-pinup-az.top,keyword_match,42,MEDIUM,2026-07-24 02:56:53.579417+00:00
doradobetcasino.cl,http://doradobetcasino.cl,keyword_match,42,MEDIUM,2026-07-24 02:00:29.542343+00:00
vulkan-vegas-bet.com,http://vulkan-vegas-bet.com,keyword_match,42,MEDIUM,2026-07-23 17:33:03.780630+00:00
app.mostbet-prime18.top,http://app.mostbet-prime18.top,keyword_match,42,MEDIUM,2026-07-24 07:54:36.301828+00:00
melbet-slot.site,http://melbet-slot.site,keyword_match,42,MEDIUM,2026-07-24 06:52:47.479439+00:00
oxbet789.co,http://oxbet789.co,keyword_match,42,MEDIUM,2026-07-26 10:08:28.119702+00:00
www.mostbet-prime18.top,http://www.mostbet-prime18.top,keyword_match,42,MEDIUM,2026-07-24 07:54:52.105334+00:00
zerkalo-leonbets-03lf.buzz,http://zerkalo-leonbets-03lf.buzz,keyword_match,42,MEDIUM,2026-07-24 02:12:28.908403+00:00
1xbet-sxdi6.cyou,http://1xbet-sxdi6.cyou,keyword_match,42,MEDIUM,2026-07-24 02:48:14.500358+00:00
account.melbet-top1-casino777.top,http://account.melbet-top1-casino777.top,keyword_match,42,MEDIUM,2026-07-24 07:14:11.987544+00:00
test.1xbet-2020promo.ru,http://test.1xbet-2020promo.ru,keyword_match,42,MEDIUM,2026-07-24 07:48:49.604803+00:00
vulkan-4cdoj.icu,http://vulkan-4cdoj.icu,keyword_match,42,MEDIUM,2026-07-24 06:49:19.195486+00:00
vavada878.lol,http://vavada878.lol,keyword_match,42,MEDIUM,2026-07-26 13:04:51.998594+00:00
spd-kreis-vulkaneifel.de,http://spd-kreis-vulkaneifel.de,keyword_match,42,MEDIUM,2026-07-26 13:05:16.751514+00:00
betway-bc.com,http://betway-bc.com,keyword_match,42,MEDIUM,2026-07-24 07:40:38.264841+00:00
exbjili.org,http://exbjili.org,keyword_match,42,MEDIUM,2026-07-24 07:37:45.745821+00:00
matbet-havefun.icu,http://matbet-havefun.icu,keyword_match,42,MEDIUM,2026-07-24 07:22:12.599255+00:00
pinupcasino880fs.buzz,http://pinupcasino880fs.buzz,keyword_match,42,MEDIUM,2026-07-24 03:53:32.463381+00:00
vulkan-35qg0.cyou,http://vulkan-35qg0.cyou,keyword_match,42,MEDIUM,2026-07-23 19:43:09.914572+00:00
pinup-casino-ijf7.top,http://pinup-casino-ijf7.top,keyword_match,42,MEDIUM,2026-07-24 01:43:36.445845+00:00
ww16.game.russianvulkan-slots.com,http://ww16.game.russianvulkan-slots.com,keyword_match,41,MEDIUM,2026-07-23 17:35:18.698191+00:00
vulkan-tk38f.icu,http://vulkan-tk38f.icu,keyword_match,41,MEDIUM,2026-07-24 06:48:04.798003+00:00
1xbet-cm-live.info,http://1xbet-cm-live.info,keyword_match,41,MEDIUM,2026-07-24 07:56:13.600370+00:00
pinup-casino-online.live,http://pinup-casino-online.live,keyword_match,41,MEDIUM,2026-07-24 03:59:40.483478+00:00
db-static-sz6-olk.vulkancasinosite.vip,http://db-static-sz6-olk.vulkancasinosite.vip,keyword_match,41,MEDIUM,2026-07-24 03:58:58.948334+00:00
jili1789.com,http://jili1789.com,keyword_match,41,MEDIUM,2026-07-26 09:35:03.461437+00:00
1xbet-enc4.click,http://1xbet-enc4.click,keyword_match,41,MEDIUM,2026-07-24 03:55:06.188497+00:00
vulkan-4k2cf.sbs,http://vulkan-4k2cf.sbs,keyword_match,41,MEDIUM,2026-07-24 03:55:41.646450+00:00
user.vavada-onlinecasino1.top,http://user.vavada-onlinecasino1.top,keyword_match,41,MEDIUM,2026-07-24 03:55:34.324656+00:00
accounts.mostbet-xplay17.top,http://accounts.mostbet-xplay17.top,keyword_match,41,MEDIUM,2026-07-24 03:40:14.784364+00:00
holiganbet-gunceladres.com,http://holiganbet-gunceladres.com,keyword_match,41,MEDIUM,2026-07-24 02:52:39.603646+00:00
console.vavadapz62.com,http://console.vavadapz62.com,keyword_match,41,MEDIUM,2026-07-24 02:48:25.404587+00:00
sso.pokerdom-casino-q3y.top,http://sso.pokerdom-casino-q3y.top,keyword_match,41,MEDIUM,2026-07-24 02:43:52.506857+00:00
mostbet-dji.buzz,http://mostbet-dji.buzz,keyword_match,41,MEDIUM,2026-07-24 02:38:52.897805+00:00
1xbet-mirror.click,http://1xbet-mirror.click,keyword_match,41,MEDIUM,2026-07-24 02:14:01.807714+00:00
holiganbetyeni-erisim.org,http://holiganbetyeni-erisim.org,keyword_match,41,MEDIUM,2026-07-24 02:01:40.776780+00:00
1xbet-afun.click,http://1xbet-afun.click,keyword_match,41,MEDIUM,2026-07-24 01:50:04.812491+00:00
1xbet-giris-az.org,http://1xbet-giris-az.org,keyword_match,41,MEDIUM,2026-07-24 01:49:34.735463+00:00
vulkan-17oe3.icu,http://vulkan-17oe3.icu,keyword_match,41,MEDIUM,2026-07-23 20:05:44.778676+00:00
bdvajilive.com,http://bdvajilive.com,keyword_match,41,MEDIUM,2026-07-26 13:05:43.734815+00:00
accounts.mostbet-fastgame17.top,http://accounts.mostbet-fastgame17.top,keyword_match,41,MEDIUM,2026-07-23 20:01:28.655992+00:00
pokerdom.casino4087.buzz,http://pokerdom.casino4087.buzz,keyword_match,41,MEDIUM,2026-07-26 13:08:20.153498+00:00
login.vavada-casino-r2v.top,http://login.vavada-casino-r2v.top,keyword_match,41,MEDIUM,2026-07-23 17:36:13.682747+00:00
www.twin-zerkalo-4lwi.xyz,http://www.twin-zerkalo-4lwi.xyz,keyword_match,41,MEDIUM,2026-07-23 17:26:20.597897+00:00
vavada-officialsite.geekmarketing.org,http://vavada-officialsite.geekmarketing.org,keyword_match,41,MEDIUM,2026-07-26 15:11:21.785606+00:00
premium-pinup-az.digital,http://premium-pinup-az.digital,keyword_match,41,MEDIUM,2026-07-24 07:08:34.567552+00:00
user.1xbet-2024.ru,http://user.1xbet-2024.ru,keyword_match,41,MEDIUM,2026-07-24 09:00:17.997506+00:00
portal.vavada-casino-2pz.top,http://portal.vavada-casino-2pz.top,keyword_match,41,MEDIUM,2026-07-23 18:07:31.214526+00:00
vulkanclub-original.xyz,http://vulkanclub-original.xyz,keyword_match,41,MEDIUM,2026-07-23 23:53:28.625783+00:00
ls77pokerdom.xyz,http://ls77pokerdom.xyz,keyword_match,41,MEDIUM,2026-07-23 21:32:23.377455+00:00
manage.topmelbet-club777.top,http://manage.topmelbet-club777.top,keyword_match,41,MEDIUM,2026-07-23 21:20:50.146643+00:00
28wincasinovip.com,http://28wincasinovip.com,keyword_match,41,MEDIUM,2026-07-24 09:07:18.458558+00:00
18jili-bet.com,http://18jili-bet.com,keyword_match,41,MEDIUM,2026-07-23 21:17:35.185643+00:00
www.pinco-casino-official-cja2.xyz,http://www.pinco-casino-official-cja2.xyz,keyword_match,41,MEDIUM,2026-07-26 14:26:57.657289+00:00
admin.vavada-casino-r2v.top,http://admin.vavada-casino-r2v.top,keyword_match,41,MEDIUM,2026-07-23 16:36:22.955894+00:00
jili899online.com,http://jili899online.com,keyword_match,41,MEDIUM,2026-07-23 19:35:19.857457+00:00
188jili-bet.com,http://188jili-bet.com,keyword_match,41,MEDIUM,2026-07-23 18:56:35.592500+00:00
user.pokerdom7924-start.ru,http://user.pokerdom7924-start.ru,keyword_match,41,MEDIUM,2026-07-24 03:31:50.286007+00:00
90jilivip11.com,http://90jilivip11.com,keyword_match,41,MEDIUM,2026-07-23 18:47:18.143479+00:00
jili77vip8.com,http://jili77vip8.com,keyword_match,41,MEDIUM,2026-07-24 03:36:12.090514+00:00
stage-app-us-west-2.pokerdom-casino-slots.top,http://stage-app-us-west-2.pokerdom-casino-slots.top,keyword_match,41,MEDIUM,2026-07-24 08:54:30.758459+00:00
stage-app-euw1.pokerdom-casino-slots.top,http://stage-app-euw1.pokerdom-casino-slots.top,keyword_match,41,MEDIUM,2026-07-24 08:54:18.780847+00:00
www.vavada7376.com,http://www.vavada7376.com,keyword_match,41,MEDIUM,2026-07-24 05:47:29.439003+00:00
www.vavada4947.buzz,http://www.vavada4947.buzz,keyword_match,41,MEDIUM,2026-07-23 19:12:35.485546+00:00
demo-api-us-east-1.pokerdom-casino-slots.top,http://demo-api-us-east-1.pokerdom-casino-slots.top,keyword_match,41,MEDIUM,2026-07-24 08:53:15.964371+00:00
prod-api-eu-west-1.pokerdom-casino-slots.top,http://prod-api-eu-west-1.pokerdom-casino-slots.top,keyword_match,41,MEDIUM,2026-07-24 08:54:03.531462+00:00
perabettorjhizliguncel.com,http://perabettorjhizliguncel.com,keyword_match,41,MEDIUM,2026-07-24 09:22:31.273463+00:00
www.pinco-casino-zerkalo-qqx1.xyz,http://www.pinco-casino-zerkalo-qqx1.xyz,keyword_match,41,MEDIUM,2026-07-26 14:35:03.089085+00:00
vulkan-9if6e.buzz,http://vulkan-9if6e.buzz,keyword_match,41,MEDIUM,2026-07-23 23:06:34.960066+00:00
mobile-casino-pinup.life,http://mobile-casino-pinup.life,keyword_match,41,MEDIUM,2026-07-24 05:00:19.384684+00:00
xjilibu.com,http://xjilibu.com,keyword_match,41,MEDIUM,2026-07-24 03:12:09.018338+00:00
4x4xbetm.info,http://4x4xbetm.info,keyword_match,41,MEDIUM,2026-07-24 04:42:36.233575+00:00
console.vavada-casino-1xv.top,http://console.vavada-casino-1xv.top,keyword_match,41,MEDIUM,2026-07-24 09:25:54.885615+00:00
77jilivip2.com,http://77jilivip2.com,keyword_match,41,MEDIUM,2026-07-23 23:02:28.720099+00:00
1xbet-azerbaycanda24.com,http://1xbet-azerbaycanda24.com,keyword_match,41,MEDIUM,2026-07-24 10:04:52.225008+00:00
www.pinco-pinc.cnii-volna.ru,http://www.pinco-pinc.cnii-volna.ru,keyword_match,41,MEDIUM,2026-07-26 17:21:42.460523+00:00
1xbet-r2nx.click,http://1xbet-r2nx.click,keyword_match,41,MEDIUM,2026-07-23 22:51:05.325446+00:00
api-prod-euw2.pokerdom-casino-slots.top,http://api-prod-euw2.pokerdom-casino-slots.top,keyword_match,41,MEDIUM,2026-07-24 08:49:26.236780+00:00
stage-app-us-east-1.pokerdom-casino-slots.top,http://stage-app-us-east-1.pokerdom-casino-slots.top,keyword_match,41,MEDIUM,2026-07-24 08:54:29.904841+00:00
1xbet-xgl8.click,http://1xbet-xgl8.click,keyword_match,41,MEDIUM,2026-07-24 05:32:31.300459+00:00
1766joycasino.com,http://1766joycasino.com,keyword_match,41,MEDIUM,2026-07-23 18:58:35.484516+00:00
cpanel.mostbet-platinum17.top,http://cpanel.mostbet-platinum17.top,keyword_match,41,MEDIUM,2026-07-24 03:08:17.834506+00:00
www.vavada-kasino-game1.top,http://www.vavada-kasino-game1.top,keyword_match,41,MEDIUM,2026-07-24 04:23:59.684562+00:00
user.vavada81.casino,http://user.vavada81.casino,keyword_match,41,MEDIUM,2026-07-24 05:35:05.985606+00:00
vulkan-f7c1u.lol,http://vulkan-f7c1u.lol,keyword_match,41,MEDIUM,2026-07-24 04:20:34.299434+00:00
321lawnchlive.com,http://321lawnchlive.com,keyword_match,41,MEDIUM,2026-07-24 03:07:48.504461+00:00
elexbetakca19.vip,http://elexbetakca19.vip,keyword_match,41,MEDIUM,2026-07-24 04:20:00.328417+00:00
45f8c597-004f-42d9-b075-c3cdd6326d76.pokerdom-h1x.top,http://45f8c597-004f-42d9-b075-c3cdd6326d76.pokerdom-h1x.top,keyword_match,41,MEDIUM,2026-07-26 14:42:09.077637+00:00
vulkan-vegas-651.pl,http://vulkan-vegas-651.pl,keyword_match,41,MEDIUM,2026-07-24 04:14:18.828396+00:00
jili88vip1.com,http://jili88vip1.com,keyword_match,41,MEDIUM,2026-07-23 18:57:59.626767+00:00
vulkan-vegas-101.pl,http://vulkan-vegas-101.pl,keyword_match,41,MEDIUM,2026-07-24 04:11:32.264352+00:00
user.vavadars41.com,http://user.vavadars41.com,keyword_match,41,MEDIUM,2026-07-24 03:33:19.362243+00:00
demo-api-eu-west-2.pokerdom-casino-slots.top,http://demo-api-eu-west-2.pokerdom-casino-slots.top,keyword_match,41,MEDIUM,2026-07-24 08:53:10.590372+00:00
jilikokr66.com,http://jilikokr66.com,keyword_match,41,MEDIUM,2026-07-23 23:59:44.684498+00:00
bdmbetcasinoenligne.fr,http://bdmbetcasinoenligne.fr,keyword_match,41,MEDIUM,2026-07-24 03:33:37.197218+00:00
manage.vavadars41.com,http://manage.vavadars41.com,keyword_match,41,MEDIUM,2026-07-24 03:33:21.541440+00:00
app-euw1-stage.pokerdom-casino-slots.top,http://app-euw1-stage.pokerdom-casino-slots.top,keyword_match,41,MEDIUM,2026-07-24 08:51:18.277203+00:00
jojobet7951.com,http://jojobet7951.com,keyword_match,41,MEDIUM,2026-07-23 21:49:19.241800+00:00
vulkan-xc43r.buzz,http://vulkan-xc43r.buzz,keyword_match,41,MEDIUM,2026-07-23 23:54:59.417601+00:00
www.vavada-kazinos-fun2.top,http://www.vavada-kazinos-fun2.top,keyword_match,41,MEDIUM,2026-07-24 06:46:07.238471+00:00
api-demo-euw2.pokerdom-casino-slots.top,http://api-demo-euw2.pokerdom-casino-slots.top,keyword_match,41,MEDIUM,2026-07-24 08:48:02.081064+00:00
login.vavada-casino-r1v.top,http://login.vavada-casino-r1v.top,keyword_match,41,MEDIUM,2026-07-23 17:48:33.139005+00:00
www.56xbet1111111.com.ph,http://www.56xbet1111111.com.ph,keyword_match,41,MEDIUM,2026-07-24 06:34:01.242223+00:00
app-euc1-stage.pokerdom-casino-slots.top,http://app-euc1-stage.pokerdom-casino-slots.top,keyword_match,41,MEDIUM,2026-07-24 08:51:05.699596+00:00
app-stage-usw2.pokerdom-casino-slots.top,http://app-stage-usw2.pokerdom-casino-slots.top,keyword_match,41,MEDIUM,2026-07-24 08:51:51.914527+00:00
account.1xbet-cazino-new1.top,http://account.1xbet-cazino-new1.top,keyword_match,41,MEDIUM,2026-07-24 08:59:19.929471+00:00
signup.1win-zerkalo-play.top,http://signup.1win-zerkalo-play.top,keyword_match,41,MEDIUM,2026-07-24 06:21:24.058214+00:00
amunra-casino-ufficiale.it,http://amunra-casino-ufficiale.it,keyword_match,41,MEDIUM,2026-07-26 10:19:01.349807+00:00
web.pinco-casino-b01.top,http://web.pinco-casino-b01.top,keyword_match,41,MEDIUM,2026-07-24 06:05:40.114443+00:00
user.pokerdom-promokody-x100.ru,http://user.pokerdom-promokody-x100.ru,keyword_match,41,MEDIUM,2026-07-24 06:05:10.267266+00:00
vulkanclubru.com,http://vulkanclubru.com,keyword_match,41,MEDIUM,2026-07-26 10:51:49.505454+00:00
jilikokr77.com,http://jilikokr77.com,keyword_match,41,MEDIUM,2026-07-24 01:27:27.048502+00:00
manage.vavada-cazinotrx1.top,http://manage.vavada-cazinotrx1.top,keyword_match,41,MEDIUM,2026-07-24 01:19:14.334345+00:00
melbet-yemen.net,http://melbet-yemen.net,keyword_match,41,MEDIUM,2026-07-26 13:17:16.696467+00:00
8fafd9398fc7.onlinecasinotavsiye1.com,http://8fafd9398fc7.onlinecasinotavsiye1.com,keyword_match,41,MEDIUM,2026-07-24 00:39:05.471999+00:00
1129grandbetting.com,http://1129grandbetting.com,keyword_match,41,MEDIUM,2026-07-24 00:35:31.355633+00:00
bdjilievoapp.com,http://bdjilievoapp.com,keyword_match,41,MEDIUM,2026-07-26 13:32:56.517294+00:00
cpanel.madridbet-adres-guncel.icu,http://cpanel.madridbet-adres-guncel.icu,keyword_match,41,MEDIUM,2026-07-26 13:34:27.967124+00:00
bdmelbetpartner.com,http://bdmelbetpartner.com,keyword_match,41,MEDIUM,2026-07-26 13:37:33.223514+00:00
trmaxwincasino.com,http://trmaxwincasino.com,keyword_match,41,MEDIUM,2026-07-26 13:39:06.725502+00:00
trvbetcasino.com,http://trvbetcasino.com,keyword_match,41,MEDIUM,2026-07-26 13:41:34.668153+00:00
1xbet-jayq.click,http://1xbet-jayq.click,keyword_match,41,MEDIUM,2026-07-24 00:14:54.831825+00:00
mostbets.es,http://mostbets.es,keyword_match,41,MEDIUM,2026-07-26 13:54:12.112938+00:00
pokerdomq-win.ink,http://pokerdomq-win.ink,keyword_match,41,MEDIUM,2026-07-24 00:14:11.414270+00:00
testing.1wincasino20.ru,http://testing.1wincasino20.ru,keyword_match,41,MEDIUM,2026-07-24 00:11:34.811746+00:00
staging.1wincasino20.ru,http://staging.1wincasino20.ru,keyword_match,41,MEDIUM,2026-07-24 00:11:15.036393+00:00
www.1xbet-akgk.top,http://www.1xbet-akgk.top,keyword_match,41,MEDIUM,2026-07-26 17:03:04.568455+00:00
pincoapk.net,http://pincoapk.net,keyword_match,41,MEDIUM,2026-07-26 16:14:15.289540+00:00
user.pokerdom-os22.top,http://user.pokerdom-os22.top,keyword_match,41,MEDIUM,2026-07-23 20:57:45.176433+00:00
pinup-casino-in.org,http://pinup-casino-in.org,keyword_match,41,MEDIUM,2026-07-23 17:51:43.362341+00:00
club-vavada-777-original.fun,http://club-vavada-777-original.fun,keyword_match,41,MEDIUM,2026-07-23 17:51:08.171238+00:00
1xbetinscription-tn.com,http://1xbetinscription-tn.com,keyword_match,41,MEDIUM,2026-07-24 09:04:15.165281+00:00
admin.1wincasino20.ru,http://admin.1wincasino20.ru,keyword_match,40,MEDIUM,2026-07-24 00:09:32.797384+00:00
login.1wincasino20.ru,http://login.1wincasino20.ru,keyword_match,40,MEDIUM,2026-07-24 00:10:44.353544+00:00
50jilijili.com,http://50jilijili.com,keyword_match,40,MEDIUM,2026-07-23 20:46:02.907408+00:00
pokerdom435.casino,http://pokerdom435.casino,keyword_match,40,MEDIUM,2026-07-23 20:43:16.649657+00:00
vulkan-27k1r.buzz,http://vulkan-27k1r.buzz,keyword_match,40,MEDIUM,2026-07-24 00:17:15.457276+00:00
sso.pokerdom-cazino-new.top,http://sso.pokerdom-cazino-new.top,keyword_match,40,MEDIUM,2026-07-24 00:31:45.772611+00:00
fastbetcasino-fi.eu.com,http://fastbetcasino-fi.eu.com,keyword_match,40,MEDIUM,2026-07-26 13:29:15.173717+00:00
6.j3833xx.cc,http://6.j3833xx.cc,keyword_match,40,MEDIUM,2026-07-26 13:21:03.098886+00:00
1xbet-hrnma.cyou,http://1xbet-hrnma.cyou,keyword_match,40,MEDIUM,2026-07-24 00:38:28.913128+00:00
mostbet-czech.logopediekromeriz.cz,http://mostbet-czech.logopediekromeriz.cz,keyword_match,40,MEDIUM,2026-07-26 11:17:35.952606+00:00
vavadaccc91.com,http://vavadaccc91.com,keyword_match,40,MEDIUM,2026-07-24 01:24:01.089871+00:00
account.1xbet-0ki.top,http://account.1xbet-0ki.top,keyword_match,40,MEDIUM,2026-07-23 17:45:56.704405+00:00
accounts.vodka-onlinecasino19.top,http://accounts.vodka-onlinecasino19.top,keyword_match,40,MEDIUM,2026-07-23 17:47:03.191428+00:00
whm.dev.vavadawrp.com,http://whm.dev.vavadawrp.com,keyword_match,40,MEDIUM,2026-07-24 05:49:11.006666+00:00
api-euc1-demo.pokerdom-casino-slots.top,http://api-euc1-demo.pokerdom-casino-slots.top,keyword_match,40,MEDIUM,2026-07-24 08:48:40.426444+00:00
zerkalocasino14.ru,http://zerkalocasino14.ru,keyword_match,40,MEDIUM,2026-07-24 08:21:34.510391+00:00
auth.melbet-casino-t5b.top,http://auth.melbet-casino-t5b.top,keyword_match,40,MEDIUM,2026-07-24 05:59:28.304397+00:00
oauth.vavada-kasinos-vks1.top,http://oauth.vavada-kasinos-vks1.top,keyword_match,40,MEDIUM,2026-07-24 09:04:28.637854+00:00
bitstarzcasinos.at,http://bitstarzcasinos.at,keyword_match,40,MEDIUM,2026-07-24 06:18:25.104507+00:00
ww38.jili789.bet,http://ww38.jili789.bet,keyword_match,40,MEDIUM,2026-07-23 17:50:23.066983+00:00
app-euw2-test.pokerdom-casino-slots.top,http://app-euw2-test.pokerdom-casino-slots.top,keyword_match,40,MEDIUM,2026-07-24 08:51:29.617467+00:00
api-prod-us-east-1.pokerdom-casino-slots.top,http://api-prod-us-east-1.pokerdom-casino-slots.top,keyword_match,40,MEDIUM,2026-07-24 08:49:27.927926+00:00
sso.vavada-casino-fun1.top,http://sso.vavada-casino-fun1.top,keyword_match,40,MEDIUM,2026-07-24 06:39:24.114493+00:00
user.vavada023.casino,http://user.vavada023.casino,keyword_match,40,MEDIUM,2026-07-23 21:02:13.058450+00:00
casinomaxi1007.com,http://casinomaxi1007.com,keyword_match,40,MEDIUM,2026-07-24 00:05:58.090410+00:00
dashboard.vavadalux10.com,http://dashboard.vavadalux10.com,keyword_match,40,MEDIUM,2026-07-23 20:49:31.775451+00:00
test-app-euw1.pokerdom-casino-slots.top,http://test-app-euw1.pokerdom-casino-slots.top,keyword_match,40,MEDIUM,2026-07-24 08:54:52.030278+00:00
pokerdom-art33.casino,http://pokerdom-art33.casino,keyword_match,40,MEDIUM,2026-07-23 18:49:38.868599+00:00
mostbetpt.app,http://mostbetpt.app,keyword_match,40,MEDIUM,2026-07-24 03:31:46.836076+00:00
pokerklas.onl,http://pokerklas.onl,keyword_match,40,MEDIUM,2026-07-24 05:42:18.098990+00:00
vulkan-5ma35.buzz,http://vulkan-5ma35.buzz,keyword_match,40,MEDIUM,2026-07-24 03:30:03.225791+00:00
pokerdom-casino333.buzz,http://pokerdom-casino333.buzz,keyword_match,40,MEDIUM,2026-07-24 03:29:40.907003+00:00
www.pinup826.buzz,http://www.pinup826.buzz,keyword_match,40,MEDIUM,2026-07-24 05:43:11.946816+00:00
bonus-casino-pinup.life,http://bonus-casino-pinup.life,keyword_match,40,MEDIUM,2026-07-24 05:15:21.067641+00:00
vavada-1991.buzz,http://vavada-1991.buzz,keyword_match,40,MEDIUM,2026-07-23 18:05:10.947629+00:00
mostbet2de.com,http://mostbet2de.com,keyword_match,40,MEDIUM,2026-07-24 03:25:45.661862+00:00
pinco777f.casino,http://pinco777f.casino,keyword_match,40,MEDIUM,2026-07-23 17:58:15.063462+00:00
pinup-820casino.com,http://pinup-820casino.com,keyword_match,40,MEDIUM,2026-07-24 09:26:47.526332+00:00
fbjiligo88.com,http://fbjiligo88.com,keyword_match,40,MEDIUM,2026-07-24 03:11:23.198578+00:00
account.vavada-casino-1xv.top,http://account.vavada-casino-1xv.top,keyword_match,40,MEDIUM,2026-07-24 09:25:46.154170+00:00
whm.www.api.vavadawrp.com,http://whm.www.api.vavadawrp.com,keyword_match,40,MEDIUM,2026-07-24 05:49:38.874614+00:00
signup.vavada80.casino,http://signup.vavada80.casino,keyword_match,40,MEDIUM,2026-07-24 05:58:59.327406+00:00
zal-vulkan.org,http://zal-vulkan.org,keyword_match,40,MEDIUM,2026-07-24 09:11:00.023494+00:00
vulkan-ohrxt.cyou,http://vulkan-ohrxt.cyou,keyword_match,40,MEDIUM,2026-07-23 23:52:16.377553+00:00
www.madridbet867.com,http://www.madridbet867.com,keyword_match,40,MEDIUM,2026-07-24 09:10:13.535972+00:00
alevcasino644.com,http://alevcasino644.com,keyword_match,40,MEDIUM,2026-07-23 15:30:54.371796+00:00
console.melbet-1q1.ru,http://console.melbet-1q1.ru,keyword_match,40,MEDIUM,2026-07-23 23:45:48.179512+00:00
app-dev-use2.pokerdom-casino-slots.top,http://app-dev-use2.pokerdom-casino-slots.top,keyword_match,40,MEDIUM,2026-07-24 08:51:06.001829+00:00
webmail.vulkanprogrammingguide.com,http://webmail.vulkanprogrammingguide.com,keyword_match,40,MEDIUM,2026-07-23 17:57:43.440922+00:00
vavada9954casino.online,http://vavada9954casino.online,keyword_match,40,MEDIUM,2026-07-23 22:50:37.678357+00:00
login.vavadars26.com,http://login.vavadars26.com,keyword_match,40,MEDIUM,2026-07-23 22:34:50.629667+00:00
user.vavada447.com,http://user.vavada447.com,keyword_match,40,MEDIUM,2026-07-23 22:21:44.797728+00:00
cpanel.vulkanprogrammingguide.com,http://cpanel.vulkanprogrammingguide.com,keyword_match,40,MEDIUM,2026-07-23 17:57:01.970881+00:00
user.vavadaxi69.com,http://user.vavadaxi69.com,keyword_match,40,MEDIUM,2026-07-23 21:59:43.571328+00:00
accounts.1xbet839.ru,http://accounts.1xbet839.ru,keyword_match,40,MEDIUM,2026-07-23 16:50:52.358067+00:00
49jililogincasino.com,http://49jililogincasino.com,keyword_match,40,MEDIUM,2026-07-23 21:42:22.062529+00:00
jili168ph4.com,http://jili168ph4.com,keyword_match,40,MEDIUM,2026-07-23 21:34:56.425832+00:00
mostbetbonus.online,http://mostbetbonus.online,keyword_match,40,MEDIUM,2026-07-23 19:35:02.731416+00:00
oauth.vavada-casino-r2v.top,http://oauth.vavada-casino-r2v.top,keyword_match,40,MEDIUM,2026-07-23 16:36:06.416091+00:00
1xbetapk-tn.com,http://1xbetapk-tn.com,keyword_match,40,MEDIUM,2026-07-23 16:05:44.545085+00:00
facebook.mostbet-10.ru,http://facebook.mostbet-10.ru,keyword_match,40,MEDIUM,2026-07-23 19:15:29.724381+00:00
pinco-pink.cnii-volna.ru,http://pinco-pink.cnii-volna.ru,keyword_match,40,MEDIUM,2026-07-23 16:33:19.259436+00:00
app-test-usw1.pokerdom-casino-slots.top,http://app-test-usw1.pokerdom-casino-slots.top,keyword_match,40,MEDIUM,2026-07-24 08:52:32.940786+00:00
app-asia-staging.pokerdom-casino-slots.top,http://app-asia-staging.pokerdom-casino-slots.top,keyword_match,40,MEDIUM,2026-07-24 08:50:51.764476+00:00
oauth.1xbet-zerkalo-official.top,http://oauth.1xbet-zerkalo-official.top,keyword_match,40,MEDIUM,2026-07-26 14:37:39.142540+00:00
slots-casino-pinup.live,http://slots-casino-pinup.live,keyword_match,40,MEDIUM,2026-07-24 04:38:29.178446+00:00
console.vavada81.casino,http://console.vavada81.casino,keyword_match,40,MEDIUM,2026-07-24 09:55:12.217560+00:00
mostbet-pl-casino-com-pl-assets.pages.dev,http://mostbet-pl-casino-com-pl-assets.pages.dev,keyword_match,40,MEDIUM,2026-07-23 19:05:39.657083+00:00
portal.pinco-casino-amp1000.top,http://portal.pinco-casino-amp1000.top,keyword_match,40,MEDIUM,2026-07-24 04:26:52.710548+00:00
test-app-usw1.pokerdom-casino-slots.top,http://test-app-usw1.pokerdom-casino-slots.top,keyword_match,40,MEDIUM,2026-07-24 08:55:22.796531+00:00
pinco-casino-ru.help,http://pinco-casino-ru.help,keyword_match,40,MEDIUM,2026-07-24 09:47:44.283620+00:00
whm.pinco-casino-kb0.top,http://whm.pinco-casino-kb0.top,keyword_match,40,MEDIUM,2026-07-23 15:56:49.265639+00:00
jojobetgiris7.com,http://jojobetgiris7.com,keyword_match,40,MEDIUM,2026-07-24 04:20:18.527166+00:00
ns2.pokerdom-fow19.top,http://ns2.pokerdom-fow19.top,keyword_match,40,MEDIUM,2026-07-24 04:07:12.706539+00:00
ligobet-guncel-girisi-top.pages.dev,http://ligobet-guncel-girisi-top.pages.dev,keyword_match,40,MEDIUM,2026-07-24 04:03:24.306476+00:00
sso.cazinos0-1xbet.top,http://sso.cazinos0-1xbet.top,keyword_match,40,MEDIUM,2026-07-24 05:35:37.698063+00:00
vavadarucomvxod.online,http://vavadarucomvxod.online,keyword_match,40,MEDIUM,2026-07-24 02:42:25.352444+00:00
mostbet-in-login.com,http://mostbet-in-login.com,keyword_match,40,MEDIUM,2026-07-24 02:55:51.077478+00:00
axbetcasino.games,http://axbetcasino.games,keyword_match,40,MEDIUM,2026-07-24 06:57:55.335597+00:00
vavada550rs.com,http://vavada550rs.com,keyword_match,40,MEDIUM,2026-07-23 20:03:31.104501+00:00
www.1xbetiran.club,http://www.1xbetiran.club,keyword_match,40,MEDIUM,2026-07-24 06:59:55.729135+00:00
1xbet-qtcnl.cyou,http://1xbet-qtcnl.cyou,keyword_match,40,MEDIUM,2026-07-24 03:39:28.782830+00:00
webmail.ag60plus-vulkaneifel.de,http://webmail.ag60plus-vulkaneifel.de,keyword_match,40,MEDIUM,2026-07-26 13:07:38.511609+00:00
www1.vavada2cazino.ru,http://www1.vavada2cazino.ru,keyword_match,40,MEDIUM,2026-07-24 03:53:36.023417+00:00
besteonlinecasinobelgie.didessforbakeries.be,http://besteonlinecasinobelgie.didessforbakeries.be,keyword_match,40,MEDIUM,2026-07-24 06:53:53.610877+00:00
www.vegasvulkan1000.corps.in,http://www.vegasvulkan1000.corps.in,keyword_match,40,MEDIUM,2026-07-24 03:47:18.920409+00:00
szl-b-static.vavada-casino-online.pro,http://szl-b-static.vavada-casino-online.pro,keyword_match,40,MEDIUM,2026-07-24 03:52:26.278640+00:00
vulkan-wih2o.xyz,http://vulkan-wih2o.xyz,keyword_match,40,MEDIUM,2026-07-23 19:41:24.618871+00:00
www.ayxbet260.vip,http://www.ayxbet260.vip,keyword_match,40,MEDIUM,2026-07-24 07:57:14.672866+00:00
jili99linkk.com,http://jili99linkk.com,keyword_match,40,MEDIUM,2026-07-23 19:36:53.737533+00:00
maxbetfr.fr,http://maxbetfr.fr,keyword_match,40,MEDIUM,2026-07-26 15:35:27.833485+00:00
www.apk-mostbet-official2291.top,http://www.apk-mostbet-official2291.top,keyword_match,40,MEDIUM,2026-07-23 17:36:42.229965+00:00
manage.pokerdom121f.ru,http://manage.pokerdom121f.ru,keyword_match,40,MEDIUM,2026-07-24 07:21:41.523720+00:00
www.ayxbet604.vip,http://www.ayxbet604.vip,keyword_match,40,MEDIUM,2026-07-24 07:57:26.811422+00:00
data.pokerdom-brauzer-gamefr33.ru,http://data.pokerdom-brauzer-gamefr33.ru,keyword_match,40,MEDIUM,2026-07-24 07:01:24.706199+00:00
ad.pokerdom-brauzer-gamefr33.ru,http://ad.pokerdom-brauzer-gamefr33.ru,keyword_match,40,MEDIUM,2026-07-24 07:01:34.039496+00:00
sso.2promo-vavada1.top,http://sso.2promo-vavada1.top,keyword_match,40,MEDIUM,2026-07-23 17:34:11.174621+00:00
manage.mostbet-rocket17.top,http://manage.mostbet-rocket17.top,keyword_match,40,MEDIUM,2026-07-24 07:48:25.496415+00:00
whm.vavadabn.casino,http://whm.vavadabn.casino,keyword_match,40,MEDIUM,2026-07-24 06:54:59.655429+00:00
mostbets-casino.cz,http://mostbets-casino.cz,keyword_match,40,MEDIUM,2026-07-24 07:38:28.970487+00:00
1xbet-almshhad-com.pages.dev,http://1xbet-almshhad-com.pages.dev,keyword_match,40,MEDIUM,2026-07-24 06:54:05.244047+00:00
bigwins02.com,http://bigwins02.com,keyword_match,40,MEDIUM,2026-07-23 17:33:19.678658+00:00
panel.1xbet-officiall-bonus777.ru,http://panel.1xbet-officiall-bonus777.ru,keyword_match,40,MEDIUM,2026-07-26 15:35:25.342103+00:00
panel.vavadasp72.com,http://panel.vavadasp72.com,keyword_match,40,MEDIUM,2026-07-24 02:09:11.464092+00:00
www.pokerdom-casinos-buzz2.top,http://www.pokerdom-casinos-buzz2.top,keyword_match,40,MEDIUM,2026-07-26 12:55:15.907059+00:00
accounts.melbet-999.ru,http://accounts.melbet-999.ru,keyword_match,40,MEDIUM,2026-07-23 17:13:37.200716+00:00
signup.vavadan01.casino,http://signup.vavadan01.casino,keyword_match,40,MEDIUM,2026-07-24 02:14:28.900376+00:00
vavada50021.com,http://vavada50021.com,keyword_match,40,MEDIUM,2026-07-23 20:15:08.137223+00:00
dreamjiliph3.com,http://dreamjiliph3.com,keyword_match,40,MEDIUM,2026-07-23 20:08:17.361532+00:00
jordan-melbet.com,http://jordan-melbet.com,keyword_match,40,MEDIUM,2026-07-23 20:06:43.274445+00:00
user.melbet-kirish-uz.com,http://user.melbet-kirish-uz.com,keyword_match,40,MEDIUM,2026-07-24 06:55:40.320050+00:00
jilicrownph2.com,http://jilicrownph2.com,keyword_match,40,MEDIUM,2026-07-24 02:33:59.137974+00:00
